date,open,high,low,close,volume,adj_close,adj_open
1998-01-02,3.7291669845581055,3.90625,3.6875,3.8333330154418945,29169000,3.043644905090332,2.960937661053414
1998-01-05,3.8541669845581055,3.9166669845581055,3.8125,3.8958330154418945,66106800,3.093269109725952,3.060186519751779
1998-01-06,3.8854169845581055,3.8958330154418945,3.7395830154418945,3.78125,41610000,3.0022919178009033,3.0849999365355787
1998-01-07,3.75,3.75,3.5,3.5208330154418945,98762400,2.7955210208892822,2.9774782792472414
1998-01-08,3.5520830154418945,3.5833330154418945,3.3541669845581055,3.3854169845581055,97678800,2.688002109527588,2.820334003839476
1998-01-09,3.375,3.375,3.1041669845581055,3.125,149899800,2.481231927871704,2.6797304821014407
1998-01-12,3.0625,3.125,2.9583330154418945,3.0104169845581055,150830400,2.390254497528076,2.4316081247974513
1998-01-13,3.1458330154418945,3.2083330154418945,3.0625,3.1770830154418945,129453000,2.522585391998291,2.4977730741844986
1998-01-14,3.2291669845581055,3.3125,3.1875,3.2604169845581055,99942600,2.588752508163452,2.563940186223266
1998-01-15,3.28125,3.2916669845581055,3.1458330154418945,3.2083330154418945,59463600,2.547398328781128,2.6052940034848007
1998-01-16,3.25,3.3020830154418945,3.21875,3.2395830154418945,71509800,2.5722100734710693,2.5804810986270326
1998-01-20,3.3541669845581055,3.375,3.2916669845581055,3.375,60654600,2.6797304153442383,2.663189121974466
1998-01-21,3.3958330154418945,3.4166669845581055,3.3333330154418945,3.3541669845581055,45778800,2.66318941116333,2.6962720014952275
1998-01-22,3.3541669845581055,3.3645830154418945,3.2916669845581055,3.3229169845581055,40696200,2.6383776664733887,2.6631899932514704
1998-01-23,3.375,3.375,3.1979169845581055,3.2395830154418945,54330000,2.5722100734710693,2.679730371651149
1998-01-26,3.25,3.25,3.1458330154418945,3.15625,45301200,2.5060439109802246,2.5804808588311223
1998-01-27,3.1458330154418945,3.1979169845581055,3.125,3.1666669845581055,53340000,2.514315605163574,2.4977735519821613
1998-01-28,3.4270830154418945,3.5833330154418945,3.4166669845581055,3.53125,153802200,2.8037924766540527,2.7210844815758923
1998-01-29,3.59375,3.8125,3.5833330154418945,3.7239580154418945,125407200,2.9568018913269043,2.853417453390691
1998-01-30,3.8125,3.9791669845581055,3.7916669845581055,3.875,128443800,3.076728582382202,3.02710392782765
1998-02-02,4.125,4.1458330154418945,4.0729169845581055,4.1041669845581055,100587600,3.258685827255249,3.275227125992586
1998-02-03,4.1354169845581055,4.1458330154418945,4.0208330154418945,4.1145830154418945,67231200,3.266955852508545,3.283497907214878
1998-02-04,4.0625,4.125,4.03125,4.0729169845581055,50851800,3.2338743209838867,3.2256032909107812
1998-02-05,4.1145830154418945,4.2083330154418945,3.9375,3.9791669845581055,70332000,3.159435987472534,3.266955546946977
1998-02-06,3.9791669845581055,4.5,3.9583330154418945,4.5,133721400,3.57297420501709,3.159435776284833
1998-02-09,4.7291669845581055,4.789062976837158,4.5,4.6145830154418945,161128800,3.6639533042907715,3.754932339851992
1998-02-10,4.65625,4.65625,4.46875,4.5416669845581055,99507000,3.60605788230896,3.6970361480906324
1998-02-11,4.4895830154418945,4.5625,4.4270830154418945,4.4895830154418945,58904400,3.564704656600952,3.564704656600952
1998-02-12,4.3958330154418945,4.5,4.3020830154418945,4.4791669845581055,65746800,3.5564332008361816,3.490266501638744
1998-02-13,4.40625,4.4583330154418945,4.3541669845581055,4.4166669845581055,35910600,3.506808280944824,3.498537254888624
1998-02-17,4.4791669845581055,4.5,4.2395830154418945,4.2708330154418945,43597200,3.391017436981201,3.556433438832418
1998-02-18,4.25,4.3645830154418945,4.1875,4.3229169845581055,37574400,3.43237042427063,3.3744747713773964
1998-02-19,4.34375,4.3541669845581055,4.1875,4.21875,54198600,3.349663496017456,3.4489127847883436
1998-02-20,4.2708330154418945,4.2708330154418945,4.0520830154418945,4.1875,59091000,3.324852228164673,3.3910181892564135
1998-02-23,4.2708330154418945,4.40625,4.25,4.3958330154418945,67914000,3.490266799926758,3.3910174998604794
1998-02-24,4.4583330154418945,4.46875,4.2916669845581055,4.3645830154418945,50905200,3.4654548168182373,3.5398917992120333
1998-02-25,4.3645830154418945,4.3854169845581055,4.21875,4.34375,55740000,3.44891357421875,3.465454873729417
1998-02-26,4.2916669845581055,4.3125,4.1875,4.2604169845581055,53124600,3.3827476501464844,3.4075599782472845
1998-02-27,4.2291669845581055,4.2395830154418945,4.0625,4.1041669845581055,79120200,3.258685827255249,3.357935134103509
1998-03-02,4.09375,4.1145830154418945,4.0208330154418945,4.0208330154418945,41014800,3.192519187927246,3.2504148705963667
1998-03-03,4.1145830154418945,4.3645830154418945,4.0208330154418945,4.34375,105721800,3.44891357421875,3.266956250752798
1998-03-04,4.3333330154418945,4.4583330154418945,4.28125,4.34375,57533400,3.44891357421875,3.4406425458573398
1998-03-05,4.1875,4.3229169845581055,4.1614580154418945,4.21875,50005800,3.349663496017456,3.324851173824734
1998-03-06,4.2604169845581055,4.5,4.1875,4.4791669845581055,73587600,3.5564332008361816,3.382746940563912
1998-03-09,4.46875,4.513020992279053,4.2291669845581055,4.2604169845581055,79209000,3.3827476501464844,3.548162918414432
1998-03-10,4.4583330154418945,4.5208330154418945,4.346354007720947,4.5,83075400,3.57297420501709,3.539890858122211
1998-03-11,4.53125,4.6770830154418945,4.5208330154418945,4.65625,110964600,3.6970369815826416,3.5977876666408255
1998-03-12,4.625,4.7083330154418945,4.4583330154418945,4.6145830154418945,94375200,3.6639533042907715,3.6722243322178225
1998-03-13,5.1666669845581055,5.1666669845581055,4.8333330154418945,4.8645830154418945,264699600,3.8624539375305176,4.102307057987907
1998-03-16,4.8958330154418945,4.9895830154418945,4.8958330154418945,4.9375,64366800,3.9203455448150635,3.8872622076447856
1998-03-17,4.9375,4.9479169845581055,4.75,4.7916669845581055,57643200,3.804555892944336,3.920346464382904
1998-03-18,4.7291669845581055,4.9270830154418945,4.7083330154418945,4.8958330154418945,61584000,3.8872642517089844,3.7549323478664056
1998-03-19,4.8958330154418945,4.90625,4.8125,4.875,38823600,3.8707244396209717,3.8872657446511134
1998-03-20,4.875,4.875,4.7395830154418945,4.8229169845581055,56153400,3.8293702602386475,3.8707238956081387
1998-03-23,4.7916669845581055,5.0208330154418945,4.75,5.0104169845581055,83642400,3.9782421588897705,3.80455592180827
1998-03-24,4.9895830154418945,5.1041669845581055,4.9791669845581055,5.0520830154418945,86273400,4.011325359344482,3.961700712601202
1998-03-25,5.1458330154418945,5.1666669845581055,5.0625,5.1145830154418945,83322600,4.060949802398682,4.085762124525786
1998-03-26,5.0625,5.252604007720947,5.0625,5.25,65593800,4.168470859527588,4.019596900258746
1998-03-27,5.2604169845581055,5.2916669845581055,5.0833330154418945,5.1770830154418945,45736200,4.110575199127197,4.176741908386482
1998-03-30,5.125,5.2291669845581055,5.1041669845581055,5.21875,42528000,4.143657684326172,4.069220719937079
1998-03-31,5.21875,5.28125,5.2083330154418945,5.2604169845581055,42608400,4.176739692687988,4.143656355608566
1998-04-01,5.2916669845581055,5.3125,5.1041669845581055,5.2291669845581055,51238800,4.1519293785095215,4.201554029419149
1998-04-02,5.1770830154418945,5.1979169845581055,4.9791669845581055,5.0208330154418945,42534600,3.986513137817383,4.110574757845019
1998-04-03,4.8541669845581055,4.8854169845581055,4.625,4.6875,135210600,3.7218496799468994,3.8541823654157636
1998-04-06,4.625,4.65625,4.4375,4.5208330154418945,75051000,3.5895164012908936,3.6722244106925164
1998-04-07,4.4479169845581055,4.53125,4.375,4.5208330154418945,60317400,3.5895164012908936,3.5316214762006752
1998-04-08,4.5,4.5833330154418945,4.4375,4.5104169845581055,35712000,3.5812461376190186,3.5729751094985427
1998-04-09,4.53125,4.5416669845581055,4.4375,4.4895830154418945,27467400,3.564704656600952,3.5977880172092602
1998-04-13,4.4791669845581055,4.7708330154418945,4.4270830154418945,4.7395830154418945,49784400,3.7632036209106445,3.5564346821301336
1998-04-14,4.7083330154418945,4.8125,4.6666669845581055,4.75,32473800,3.7714741230010986,3.7383907642549135
1998-04-15,4.7708330154418945,4.78125,4.65625,4.7083330154418945,26488200,3.7383904457092285,3.788015100993918
1998-04-16,4.6666669845581055,4.6875,4.5416669845581055,4.5833330154418945,25158600,3.6391406059265137,3.70530730815873
1998-04-17,4.5416669845581055,4.6041669845581055,4.5,4.5416669845581055,31989000,3.60605788230896,3.60605788230896
1998-04-20,4.5104169845581055,4.6354169845581055,4.5104169845581055,4.5833330154418945,36512400,3.6391406059265137,3.581245687988371
1998-04-21,4.5729169845581055,4.59375,4.5208330154418945,4.59375,24115200,3.647411584854126,3.6308702881204744
1998-04-22,4.5625,4.6145830154418945,4.5520830154418945,4.5833330154418945,30639000,3.6391406059265137,3.6225993089744786
1998-04-23,4.5520830154418945,4.5625,4.34375,4.34375,54849000,3.44891357421875,3.614328840961881
1998-04-24,4.3645830154418945,4.5,4.3541669845581055,4.4479169845581055,29288400,3.5316200256347656,3.4654533424056995
1998-04-27,4.34375,4.40625,4.3020830154418945,4.3854169845581055,37527000,3.4819958209991455,3.4489124753068596
1998-04-28,4.4375,4.5,4.3541669845581055,4.375,41070600,3.4737255573272705,3.5233502081462316
1998-04-29,4.3958330154418945,4.4166669845581055,4.3020830154418945,4.3958330154418945,40535400,3.490266799926758,3.490266799926758
1998-04-30,4.46875,4.4791669845581055,4.3125,4.3125,46720200,3.4240994453430176,3.5481610194496485
1998-05-01,4.3541669845581055,4.3645830154418945,4.21875,4.2604169845581055,52196400,3.3827476501464844,3.457184634448885
1998-05-04,4.3020830154418945,4.4375,4.2708330154418945,4.3854169845581055,40241400,3.4819958209991455,3.4158291296145733
1998-05-05,4.3125,4.3541669845581055,4.2135419845581055,4.3020830154418945,65786400,3.4158294200897217,3.4241004465191227
1998-05-06,4.3645830154418945,4.414062976837158,4.3020830154418945,4.3854169845581055,43002000,3.4819958209991455,3.465453769547046
1998-05-07,4.375,4.40625,4.3229169845581055,4.34375,34075200,3.44891357421875,3.4737259020908273
1998-05-08,4.3333330154418945,4.4791669845581055,4.3333330154418945,4.4791669845581055,28894200,3.5564332008361816,3.440641855846667
1998-05-11,4.4895830154418945,4.5,4.3333330154418945,4.3333330154418945,27403200,3.440640926361084,3.5647025073261687
1998-05-12,4.34375,4.3645830154418945,4.25,4.34375,34554000,3.44891357421875,3.44891357421875
1998-05-13,4.3333330154418945,4.375,4.3020830154418945,4.3333330154418945,26074200,3.440640926361084,3.440640926361084
1998-05-14,4.2916669845581055,4.4270830154418945,4.2916669845581055,4.375,31849200,3.4737255573272705,3.407559608639349
1998-05-15,4.3229169845581055,4.3541669845581055,4.2708330154418945,4.3125,33055800,3.4240994453430176,3.432370469354045
1998-05-18,4.2708330154418945,4.3333330154418945,4.25,4.28125,32785800,3.3992881774902344,3.39101715093176
1998-05-19,4.3229169845581055,4.3541669845581055,4.28125,4.34375,27483000,3.44891357421875,3.4323722747080834
1998-05-20,4.3645830154418945,4.375,4.1666669845581055,4.1875,36439200,3.324852228164673,3.4654551794392043
1998-05-21,4.21875,4.25,4.0416669845581055,4.1041669845581055,33985800,3.258685827255249,3.349664106128781
1998-05-22,4.09375,4.1041669845581055,3.96875,4.0625,31108200,3.2256019115448,3.2504142339412985
1998-05-26,4.09375,4.1041669845581055,3.9791669845581055,4.0,27080400,3.1759769916534424,3.25041395239532
1998-05-27,3.9166669845581055,4.03125,3.90625,3.9791669845581055,31188000,3.159435987472534,3.1098113424191016
1998-05-28,3.96875,4.1041669845581055,3.9479169845581055,4.1041669845581055,28081200,3.258685827255249,3.1511654924322605
1998-05-29,4.125,4.15625,3.9270830154418945,3.9375,60899400,3.1263530254364014,3.275226979028611
1998-06-01,3.9270830154418945,4.0104169845581055,3.75,3.8020830154418945,39799200,3.0188333988189697,3.118082724338632
1998-06-02,3.8229169845581055,4.09375,3.6770830154418945,4.0625,83485200,3.2256019115448,3.035374358908974
1998-06-03,4.0833330154418945,4.1041669845581055,3.9166669845581055,3.9270830154418945,48964200,3.118081569671631,3.242143180629547
1998-06-04,3.9791669845581055,4.15625,3.9375,4.1354169845581055,46338600,3.283496618270874,3.1594350427343394
1998-06-05,4.15625,4.4166669845581055,4.15625,4.3229169845581055,61518600,3.43237042427063,3.3000378278911304
1998-06-08,4.28125,4.3645830154418945,4.2708330154418945,4.3125,33981600,3.4240994453430176,3.3992871305216914
1998-06-09,4.3125,4.3958330154418945,4.3020830154418945,4.34375,25986000,3.44891357421875,3.4241012463466727
1998-06-10,4.2916669845581055,4.34375,4.125,4.1458330154418945,35389200,3.2917685508728027,3.4075599181077254
1998-06-11,4.1770830154418945,4.1770830154418945,4.0104169845581055,4.0625,38994600,3.2256019115448,3.3165801745946317
1998-06-12,4.0416669845581055,4.21875,4.03125,4.1770830154418945,52746000,3.3165807723999023,3.2090611941096028
1998-06-15,4.125,4.25,4.0729169845581055,4.09375,29586600,3.2504148483276367,3.2752271754141074
1998-06-16,4.125,4.1458330154418945,3.9791669845581055,4.0416669845581055,38971800,3.209061622619629,3.2752275840344316
1998-06-17,4.1041669845581055,4.265625,4.0208330154418945,4.0520830154418945,65968200,3.2173311710357666,3.258685550181075
1998-06-18,4.1875,4.2395830154418945,4.0625,4.1041669845581055,112911000,3.258685827255249,3.324851779416716
1998-06-19,4.1041669845581055,4.125,3.9895830154418945,4.0416669845581055,43827000,3.209061622619629,3.258686282983787
1998-06-22,4.0208330154418945,4.09375,3.9583330154418945,4.03125,39698400,3.2007906436920166,3.1925196144308523
1998-06-23,4.0520830154418945,4.1666669845581055,4.0520830154418945,4.0729169845581055,33183600,3.2338743209838867,3.2173322608376753
1998-06-24,4.1041669845581055,4.2083330154418945,4.03125,4.1666669845581055,44262600,3.30830979347229,3.2586851503562655
1998-06-25,4.1979169845581055,4.2291669845581055,4.0833330154418945,4.1145830154418945,32257200,3.266955852508545,3.333122556909752
1998-06-26,4.125,4.1354169845581055,4.0520830154418945,4.1041669845581055,15721800,3.258685827255249,3.275227125992586
1998-06-29,4.125,4.1458330154418945,4.03125,4.0833330154418945,22618200,3.242143154144287,3.2752265025334655
1998-06-30,4.0416669845581055,4.1354169845581055,3.9895830154418945,4.09375,30382800,3.2504148483276367,3.2090612222542294
1998-07-01,4.09375,4.09375,4.0,4.0104169845581055,37561200,3.1842494010925293,3.2504153647650886
1998-07-02,3.9791669845581055,4.0,3.7916669845581055,3.8125,61005600,3.0271029472351074,3.1594355689171087
1998-07-06,3.8541669845581055,3.8645830154418945,3.8125,3.84375,30358800,3.0519158840179443,3.060186911175395
1998-07-07,3.8333330154418945,3.84375,3.7708330154418945,3.8125,25014000,3.0271029472351074,3.0436442409908984
1998-07-08,3.8645830154418945,3.9375,3.8020830154418945,3.9270830154418945,48232800,3.118081569671631,3.0684569252884644
1998-07-09,3.9583330154418945,4.1354169845581055,3.9479169845581055,4.0729169845581055,61575000,3.2338743209838867,3.1428952618166575
1998-07-10,4.0729169845581055,4.1875,3.9791669845581055,4.1770830154418945,41154600,3.3165807723999023,3.23387352097846
1998-07-13,4.1770830154418945,4.2916669845581055,4.1770830154418945,4.2708330154418945,41445000,3.391017436981201,3.3165804633117695
1998-07-14,4.2708330154418945,4.34375,4.2708330154418945,4.3333330154418945,56885400,3.440640926361084,3.39101629397505
1998-07-15,4.3333330154418945,4.5625,4.3333330154418945,4.5104169845581055,74725200,3.5812461376190186,3.44064244563159
1998-07-16,4.5416669845581055,4.6458330154418945,4.5104169845581055,4.6145830154418945,48816600,3.6639533042907715,3.606058380437756
1998-07-17,4.625,4.625,4.46875,4.513020992279053,39223800,3.5833141803741455,3.672224904910365
1998-07-20,4.5,4.6875,4.46875,4.59375,50903400,3.647411584854126,3.5729746137346536
1998-07-21,4.6041669845581055,4.75,4.5833330154418945,4.625,51199200,3.6722233295440674,3.655682035418559
1998-07-22,4.5,4.5104169845581055,4.2708330154418945,4.3229169845581055,53298600,3.43237042427063,3.5729732873407727
1998-07-23,4.2708330154418945,4.28125,4.1666669845581055,4.1875,31864200,3.324852228164673,3.3910181892564135
1998-07-24,4.21875,4.2395830154418945,4.0,4.1041669845581055,38740800,3.258685827255249,3.349664106128781
1998-07-27,4.0520830154418945,4.4583330154418945,4.0416669845581055,4.4479169845581055,45499800,3.5316200256347656,3.2173301733262503
1998-07-28,4.4270830154418945,4.5104169845581055,4.3645830154418945,4.4895830154418945,45169200,3.564704656600952,3.515079994294618
1998-07-29,4.4895830154418945,4.5,4.3958330154418945,4.4375,41415000,3.5233495235443115,3.564703138787568
1998-07-30,4.4791669845581055,4.4895830154418945,4.4270830154418945,4.4479169845581055,43102200,3.5316200256347656,3.5564323425427107
1998-07-31,4.4270830154418945,4.5416669845581055,4.4166669845581055,4.4166669845581055,37299600,3.506808280944824,3.515078549789081
1998-08-03,4.40625,4.4895830154418945,4.34375,4.4375,34653600,3.5233495235443115,3.4985372029559714
1998-08-04,4.53125,4.5416669845581055,4.2083330154418945,4.25,53547000,3.3744750022888184,3.5977858480285194
1998-08-05,4.2291669845581055,4.2708330154418945,4.0729169845581055,4.1979169845581055,36434400,3.333122491836548,3.3579348161995695
1998-08-06,4.1145830154418945,4.28125,4.09375,4.2708330154418945,27672600,3.391017436981201,3.2669558141988153
1998-08-07,4.28125,4.28125,4.1770830154418945,4.1875,25819200,3.324852228164673,3.3992892183474637
1998-08-10,4.1666669845581055,4.21875,4.1041669845581055,4.1041669845581055,19776600,3.258685827255249,3.308310480679379
1998-08-11,4.0416669845581055,4.1041669845581055,3.96875,4.0833330154418945,31141800,3.242143154144287,3.2090605629670836
1998-08-12,4.0833330154418945,4.2708330154418945,4.0833330154418945,4.21875,32503800,3.349663496017456,3.242143180778334
1998-08-13,4.1666669845581055,4.2395830154418945,4.0833330154418945,4.0833330154418945,25808400,3.242143154144287,3.3083098509226434
1998-08-14,4.15625,4.1666669845581055,3.8854169845581055,3.96875,43505400,3.15116548538208,3.300039445321391
1998-08-17,3.96875,4.0104169845581055,3.8958330154418945,3.96875,34530600,3.15116548538208,3.15116548538208
1998-08-18,3.9895830154418945,4.03125,3.84375,3.8854169845581055,50109000,3.0849995613098145,3.167706812772664
1998-08-19,3.8958330154418945,4.1041669845581055,3.8958330154418945,4.0729169845581055,70491000,3.2338743209838867,3.0932705958026454
1998-08-20,4.0416669845581055,4.125,3.9583330154418945,4.09375,34464600,3.2504148483276367,3.2090612222542294
1998-08-21,4.0208330154418945,4.1770830154418945,3.9583330154418945,4.15625,47086800,3.3000388145446777,3.1925185005139176
1998-08-24,4.1666669845581055,4.1979169845581055,4.0104169845581055,4.0416669845581055,22714800,3.209061622619629,3.308310943347945
1998-08-25,4.1041669845581055,4.1041669845581055,3.9479169845581055,4.0208330154418945,25384800,3.192519187927246,3.258685898752565
1998-08-26,3.9270830154418945,4.0625,3.9166669845581055,3.96875,19456800,3.15116548538208,3.1180821307693054
1998-08-27,3.8854169845581055,3.90625,3.75,3.7708330154418945,36361800,2.994020462036133,3.084999496841006
1998-08-28,3.78125,3.8020830154418945,3.5,3.5520830154418945,42436800,2.82033371925354,3.0022910020870537
1998-08-31,3.6145830154418945,3.6666669845581055,3.3020830154418945,3.3229169845581055,61621800,2.6383776664733887,2.869958878260737
1998-09-01,3.3333330154418945,3.4583330154418945,3.03125,3.4270830154418945,76397400,2.7210848331451416,2.646647855121
1998-09-02,3.46875,3.5,3.34375,3.3854169845581055,76332600,2.688002109527588,2.754168056683532
1998-09-03,3.3333330154418945,3.4479169845581055,3.15625,3.1770830154418945,57826200,2.522585391998291,2.6466469810672537
1998-09-04,3.28125,3.46875,3.25,3.4479169845581055,51078000,2.737626552581787,2.605293911045325
1998-09-08,3.6458330154418945,3.65625,3.4791669845581055,3.6041669845581055,44079600,2.8616886138916016,2.8947712115284627
1998-09-09,3.5833330154418945,3.7708330154418945,3.5833330154418945,3.6354169845581055,35885400,2.886500358581543,2.8451459840575524
1998-09-10,3.6041669845581055,3.6979169845581055,3.4791669845581055,3.6875,47487000,2.927854061126709,2.861688120058916
1998-09-11,4.1041669845581055,4.2708330154418945,4.0833330154418945,4.25,146108400,3.3744750022888184,3.2586844457906836
1998-09-14,4.2916669845581055,4.4270830154418945,4.2916669845581055,4.4270830154418945,60785400,3.5150794982910156,3.407559916607265
1998-09-15,4.3541669845581055,4.5208330154418945,4.28125,4.5,64830600,3.57297420501709,3.457183626702924
1998-09-16,4.4895830154418945,4.59375,4.4791669845581055,4.5416669845581055,56800800,3.60605788230896,3.5647035055983736
1998-09-17,4.375,4.5104169845581055,4.3541669845581055,4.46875,53653800,3.5481629371643066,3.473725952468552
1998-09-18,4.4791669845581055,4.5520830154418945,4.4375,4.53125,47238600,3.5977864265441895,3.5564328119763906
1998-09-21,4.4166669845581055,4.6875,4.40625,4.6354169845581055,54644400,3.6804966926574707,3.5068103437915825
1998-09-22,4.65625,4.8020830154418945,4.65625,4.7708330154418945,52411200,3.7880141735076904,3.697035913498952
1998-09-23,4.8020830154418945,4.8229169845581055,4.6458330154418945,4.7708330154418945,75694200,3.7880141735076904,3.812826495074798
1998-09-24,4.6875,4.8020830154418945,4.6666669845581055,4.7291669845581055,48895200,3.7549312114715576,3.72184786691722
1998-09-25,4.6354169845581055,4.8333330154418945,4.6354169845581055,4.8229169845581055,46425000,3.8293702602386475,3.680496264253719
1998-09-28,4.8229169845581055,4.8958330154418945,4.6875,4.6875,44779200,3.7218496799468994,3.8293700342161174
1998-09-29,4.6875,4.9166669845581055,4.6875,4.84375,72210000,3.8459084033966064,3.721846841996716
1998-09-30,4.75,4.9166669845581055,4.7291669845581055,4.8541669845581055,58888200,3.8541812896728516,3.7714732896879606
1998-10-01,4.7395830154418945,4.8125,4.4791669845581055,4.5,66616800,3.57297420501709,3.763201745935779
1998-10-02,4.3645830154418945,4.4166669845581055,4.1875,4.3333330154418945,88020600,3.440640926361084,3.465453242554101
1998-10-05,4.125,4.1666669845581055,3.7395830154418945,3.9583330154418945,104928000,3.1428940296173096,3.275226672843264
1998-10-06,4.0833330154418945,4.0833330154418945,3.84375,3.8645830154418945,49108200,3.0684571266174316,3.2421433933544948
1998-10-07,3.84375,4.1041669845581055,3.8333330154418945,4.0625,49443600,3.2256019115448,3.0519156547693105
1998-10-08,3.8958330154418945,4.0416669845581055,3.71875,3.9791669845581055,63256800,3.159435987472534,3.0932692892599634
1998-10-09,4.0520830154418945,4.2708330154418945,3.8854169845581055,4.25,61496400,3.3744750022888184,3.2173300806606515
1998-10-12,4.28125,4.3229169845581055,4.125,4.1354169845581055,30629400,3.283496618270874,3.3992871697010516
1998-10-13,4.0833330154418945,4.2708330154418945,4.0416669845581055,4.125,26618400,3.275226593017578,3.242143243714412
1998-10-14,4.0833330154418945,4.3854169845581055,4.0833330154418945,4.28125,49360800,3.3992881774902344,3.2421432161511663
1998-10-15,4.25,4.5,4.2291669845581055,4.4583330154418945,29899800,3.539890766143799,3.3744755503913346
1998-10-16,4.5208330154418945,4.5729169845581055,4.3333330154418945,4.40625,40399800,3.4985384941101074,3.5895167841060633
1998-10-19,4.375,4.6614580154418945,4.3541669845581055,4.6458330154418945,45282600,3.688765048980713,3.4737251717075757
1998-10-20,4.6666669845581055,4.6979169845581055,4.3229169845581055,4.3645830154418945,51039600,3.4654548168182373,3.705307820450786
1998-10-21,4.375,4.5625,4.2291669845581055,4.5208330154418945,39889800,3.5895164012908936,3.473725793898326
1998-10-22,4.4375,4.65625,4.3958330154418945,4.53125,28379400,3.5977864265441895,3.5233494659949995
1998-10-23,4.5,4.6145830154418945,4.375,4.515625,31597200,3.585381031036377,3.5729748682992266
1998-10-26,4.5208330154418945,4.6666669845581055,4.5104169845581055,4.6041669845581055,44818800,3.6556832790374756,3.5895165656025165
1998-10-27,4.6458330154418945,4.6666669845581055,4.5104169845581055,4.5104169845581055,32759400,3.5812461376190186,3.688765717124544
1998-10-28,4.5,4.7083330154418945,4.5,4.6927080154418945,38326800,3.7259843349456787,3.572975231376435
1998-10-29,4.6666669845581055,4.8125,4.6666669845581055,4.78125,39097800,3.7962851524353027,3.7053068935608806
1998-10-30,4.7916669845581055,4.9583330154418945,4.7916669845581055,4.9270830154418945,62119800,3.912076234817505,3.804556667038054
1998-11-02,4.9270830154418945,5.0,4.9270830154418945,4.9895830154418945,49954200,3.9617016315460205,3.9120769732919487
1998-11-03,4.9791669845581055,5.0,4.9375,4.96875,44732400,3.945160388946533,3.953431417847344
1998-11-04,5.0,5.125,4.9583330154418945,5.1041669845581055,79275000,4.052680015563965,3.969972012891372
1998-11-05,5.0,5.3229169845581055,5.0,5.3020830154418945,69805800,4.2098259925842285,3.9699736691442267
1998-11-06,5.2395830154418945,5.3333330154418945,5.1875,5.2395830154418945,52956000,4.160199165344238,4.160199165344238
1998-11-09,5.1666669845581055,5.3020830154418945,5.0416669845581055,5.3020830154418945,59396400,4.2098259925842285,4.102306377186496
1998-11-10,5.25,5.2916669845581055,5.125,5.25,31307400,4.168470859527588,4.168470859527588
1998-11-11,5.4583330154418945,5.6666669845581055,5.4479169845581055,5.5833330154418945,113314200,4.433135509490967,4.3338862013888395
1998-11-12,5.5,5.5416669845581055,5.4791669845581055,5.4895830154418945,43410600,4.358696460723877,4.366967484879465
1998-11-13,5.4895830154418945,5.5520830154418945,5.4583330154418945,5.53125,28083600,4.391783714294434,4.358700345398425
1998-11-16,5.53125,5.5833330154418945,5.3020830154418945,5.40625,42249600,4.292532444000244,4.391781749063834
1998-11-17,5.40625,5.6458330154418945,5.34375,5.5104169845581055,47075400,4.375242233276367,4.29253419295404
1998-11-18,5.53125,5.6145830154418945,5.5104169845581055,5.59375,33895200,4.441403865814209,4.3917792416151675
1998-11-19,5.5833330154418945,5.625,5.4375,5.625,44346600,4.466219425201416,4.433136065943998
1998-11-20,5.7395830154418945,5.8333330154418945,5.625,5.8020830154418945,55476600,4.6068196296691895,4.5571949989825855
1998-11-23,5.8333330154418945,6.1666669845581055,5.8229169845581055,6.1458330154418945,60821400,4.879756450653076,4.631633228463733
1998-11-24,6.03125,6.1041669845581055,5.7708330154418945,5.8333330154418945,47662800,4.6316328048706055,4.788777750289249
1998-11-25,5.8333330154418945,5.8645830154418945,5.6979169845581055,5.7708330154418945,24115800,4.582009792327881,4.631634449852053
1998-11-27,5.78125,5.9895830154418945,5.7708330154418945,5.9791669845581055,12776400,4.7474236488342285,4.59027871954496
1998-11-30,5.9166669845581055,5.9375,5.6979169845581055,5.7083330154418945,33556800,4.532383918762207,4.697799904269689
1998-12-01,5.6145830154418945,6.1666669845581055,5.6145830154418945,6.15625,78979800,4.888025283813477,4.457944972596905
1998-12-02,6.09375,6.1458330154418945,6.0104169845581055,6.0520830154418945,45706200,4.805321216583252,4.838404577207559
1998-12-03,6.0520830154418945,6.09375,5.8333330154418945,5.8333330154418945,41251200,4.6316328048706055,4.805319044518402
1998-12-04,5.9375,6.1041669845581055,5.9166669845581055,6.09375,46182600,4.838402271270752,4.714340674571502
1998-12-07,6.125,6.1666669845581055,5.9166669845581055,6.1041669845581055,28266000,4.846674919128418,4.863216218487933
1998-12-08,6.1041669845581055,6.125,5.7708330154418945,5.8854169845581055,39116400,4.672988414764404,4.846674700445055
1998-12-09,5.9479169845581055,6.1041669845581055,5.8229169845581055,6.1041669845581055,39831600,4.846674919128418,4.722613280901685
1998-12-10,6.1041669845581055,6.2083330154418945,5.8020830154418945,5.8229169845581055,64810200,4.6233625411987305,4.846673420979515
1998-12-11,6.1979169845581055,6.304687976837158,6.0104169845581055,6.2083330154418945,124789200,4.929379940032959,4.921109672705867
1998-12-14,6.3020830154418945,6.3854169845581055,6.1770830154418945,6.1875,76788600,4.912840366363525,5.003818639262531
1998-12-15,6.34375,6.6041669845581055,6.1979169845581055,6.59375,69344400,5.235400676727295,5.036902072870336
1998-12-16,6.65625,6.65625,6.3541669845581055,6.4375,57210600,5.1113386154174805,5.285024879048172
1998-12-17,6.4583330154418945,6.5625,6.4166669845581055,6.53125,38235600,5.185776233673096,5.127880552822948
1998-12-18,6.5,6.59375,6.4166669845581055,6.5520830154418945,53547600,5.202316761016846,5.160963142089996
1998-12-21,6.6145830154418945,6.65625,6.4375,6.5104169845581055,48190200,5.169235706329346,5.251942968784
1998-12-22,6.5104169845581055,6.6979169845581055,6.4166669845581055,6.65625,50949600,5.285025596618652,5.169234990880812
1998-12-23,6.7604169845581055,7.0208330154418945,6.75,6.9479169845581055,74973600,5.516607284545898,5.367733331654514
1998-12-24,6.9583330154418945,6.9791669845581055,6.8541669845581055,6.8645830154418945,10801800,5.450439929962158,5.524876897551377
1998-12-28,6.9375,7.3958330154418945,6.8645830154418945,7.3125,58003200,5.806085586547852,5.5083376077505255
1998-12-29,7.375,7.4791669845581055,7.28125,7.4166669845581055,37177200,5.888792037963867,5.85570868564097
1998-12-30,7.3645830154418945,7.4791669845581055,7.25,7.2916669845581055,33391800,5.789541244506836,5.847436149619952
1998-12-31,7.28125,7.3958330154418945,7.1666669845581055,7.1875,20972400,5.706835746765137,5.7812727347664215
1999-01-04,7.2708330154418945,7.40625,7.0625,7.1666669845581055,43098000,5.690293312072754,5.773000555225024
1999-01-05,7.0416669845581055,7.3958330154418945,6.9270830154418945,7.3854169845581055,67004400,5.863979816436768,5.59104423729279
1999-01-06,7.4375,7.8333330154418945,7.3854169845581055,7.7291669845581055,75255600,6.1369147300720215,5.905332799265456
1999-01-07,7.5416669845581055,7.8541669845581055,7.5416669845581055,7.6041669845581055,48528000,6.037667274475098,5.98804261401972
1999-01-08,7.6458330154418945,7.7395830154418945,7.5,7.7083330154418945,50915400,6.120372295379639,6.070747653100312
1999-01-11,7.9166669845581055,8.010416984558105,7.7916669845581055,7.8645830154418945,55628400,6.244434356689453,6.285788733080857
1999-01-12,7.9791669845581055,8.0,7.5208330154418945,7.65625,43664400,6.079019069671631,6.335413323653617
1999-01-13,7.4895830154418945,7.7916669845581055,7.2708330154418945,7.625,63853800,6.054205894470215,5.946685592027846
1999-01-14,7.6875,7.6875,7.2916669845581055,7.4375,59686200,5.905333995819092,6.1038326175272966
1999-01-15,7.5416669845581055,7.8854169845581055,7.4270830154418945,7.8541669845581055,69376800,6.236164093017578,5.988040863284943
1999-01-19,8.395833015441895,8.677083015441895,8.216146469116211,8.614583015441895,95794800,6.839929103851318,6.666242868686433
1999-01-20,8.916666984558105,8.979166984558105,8.479166984558105,8.479166984558105,81503400,6.7324113845825195,7.079783949142097
1999-01-21,8.458333015441895,8.677083015441895,8.020833015441895,8.114583015441895,92055000,6.442932605743408,6.715868144021796
1999-01-22,7.8958330154418945,8.677083015441895,7.875,8.3125,61857600,6.6000776290893555,6.2692464178337675
1999-01-25,8.40625,8.666666984558105,8.291666984558105,8.510416984558105,32653200,6.75722074508667,6.6745127755140485
1999-01-26,8.638021469116211,8.822916984558105,8.552083015441895,8.8125,40450200,6.997076988220215,6.858541985282861
1999-01-27,8.854166984558105,8.947916984558105,8.5,8.5,54046200,6.748950004577637,7.030156507172304
1999-01-28,8.666666984558105,9.052083015441895,8.65625,8.947916984558105,55992000,7.104594707489014,6.881283822404851
1999-01-29,9.083333015441895,9.354166984558105,9.020833015441895,9.229166984558105,68132400,7.327907562255859,7.212116197021217
1999-02-01,9.708333015441895,10.0625,9.583333015441895,9.854166984558105,88941600,7.82415246963501,7.708361128631218
1999-02-02,10.145833015441895,10.291666984558105,9.520833015441895,9.802083015441895,105376800,7.782797813415527,8.055733346010687
1999-02-03,9.854166984558105,10.135416984558105,9.770833015441895,10.125,56942400,8.039189338684082,7.824149547049105
1999-02-04,10.208333015441895,10.229166984558105,9.708333015441895,9.71875,49137000,7.716631889343262,8.105358002211661
1999-02-05,9.71875,9.75,9.260416984558105,9.364583015441895,81045600,7.435426235198975,7.716632828624681
1999-02-08,9.541666984558105,9.822916984558105,9.479166984558105,9.5625,56399400,7.5925703048706055,7.5760290097694245
1999-02-09,9.614583015441895,9.645833015441895,8.958333015441895,9.104166984558105,52063800,7.228658199310303,7.633925702967213
1999-02-10,9.1875,9.375,8.739583015441895,8.947916984558105,74451600,7.104594707489014,7.294822246082656
1999-02-11,9.072916984558105,9.947916984558105,9.0,9.927083015441895,77552400,7.882046699523926,7.203843793987598
1999-02-12,9.666666984558105,9.75,9.34375,9.447916984558105,65795400,7.501594066619873,7.675280362208111
1999-02-16,9.6875,9.770833015441895,8.78125,8.90625,61094400,7.071511268615723,7.691819274634645
1999-02-17,8.8125,9.4375,8.375,8.541666984558105,84750600,6.782035827636719,6.99707572761812
1999-02-18,8.666666984558105,8.78125,8.25,8.46875,94698600,6.724139213562012,6.881284170833995
1999-02-19,8.572916984558105,9.041666984558105,8.479166984558105,9.03125,51931200,7.170762062072754,6.806848207520378
1999-02-22,9.15625,9.1875,8.947916984558105,9.09375,59874600,7.220386028289795,7.270010674532336
1999-02-23,9.197916984558105,9.770833015441895,9.145833015441895,9.75,60813600,7.741448879241943,7.303097859637721
1999-02-24,9.822916984558105,9.833333015441895,9.260416984558105,9.28125,45501600,7.36925745010376,7.799337823052453
1999-02-25,9.25,9.822916984558105,9.083333015441895,9.666666984558105,87832800,7.6752800941467285,7.344448814081362
1999-02-26,9.614583015441895,9.614583015441895,9.114583015441895,9.3125,55968000,7.394073963165283,7.633926221870611
1999-03-01,9.359375,9.515625,8.953125,9.15625,46918400,7.270013332366943,7.431293491617405
1999-03-02,9.296875,9.453125,8.734375,8.828125,41852800,7.0094804763793945,7.381665280434937
1999-03-03,8.9375,8.984375,8.09375,8.75,67898400,6.947451114654541,7.096325067111424
1999-03-04,8.828125,9.296875,8.78125,9.09375,53987600,7.220386028289795,7.009481281758993
1999-03-05,9.359375,9.53125,9.203125,9.359375,30049200,7.431291103363037,7.431291103363036
1999-03-08,9.515625,9.671875,9.125,9.578125,79701600,7.60498046875,7.555355800112153
1999-03-09,9.453125,9.90625,9.375,9.6875,60371200,7.691816806793213,7.505724464693377
1999-03-10,9.90625,9.90625,9.234375,9.484375,101269600,7.530539035797119,7.865505352051686
1999-03-11,9.625,9.625,8.71875,9.21875,96672400,7.319636821746826,7.6421970884678725
1999-03-12,7.53125,7.625,7.0,7.140625,403753600,5.669614791870117,5.979768773919904
1999-03-15,7.351562976837158,7.53125,7.25,7.5,120536000,5.954958438873291,5.837100265043318
1999-03-16,7.59375,7.625,7.359375,7.453125,80118000,5.917741298675537,6.029396794876963
1999-03-17,7.5,7.5,7.265625,7.265625,47204000,5.768868446350098,5.95496097687752
1999-03-18,7.296875,7.46875,7.25,7.421875,52340400,5.892925262451172,5.7936759948730465
1999-03-19,7.5,7.5,6.859375,6.890625,112506800,5.471116065979004,5.9549562622900725
1999-03-22,7.03125,7.140625,6.78125,6.796875,48056800,5.396679401397705,5.58277179454935
1999-03-23,6.796875,6.8125,6.5,6.515625,59231200,5.173369884490967,5.396680814756764
1999-03-24,6.5625,6.578125,6.453125,6.484375,57314400,5.148559093475342,5.210589925926851
1999-03-25,6.6875,6.78125,6.53125,6.671875,61482800,5.297431945800781,5.309838109608277
1999-03-26,6.734375,7.03125,6.5625,6.875,48299600,5.458711624145508,5.3470561591061685
1999-03-29,7.0625,7.140625,6.875,7.125,46350400,5.657210350036621,5.607585697843317
1999-03-30,7.109375,7.1875,6.71875,6.71875,38966400,5.334648132324219,5.644802093505859
1999-03-31,6.9375,7.015625,6.5625,6.59375,62015200,5.235400676727295,5.508336257030614
1999-04-01,6.71875,6.75,6.40625,6.453125,73686400,5.123745441436768,5.334650217476538
1999-04-05,6.65625,6.671875,6.25,6.328125,82389200,5.024494171142578,5.285023498535156
1999-04-06,6.34375,6.375,5.875,5.921875,99907600,4.701934814453125,5.036901146881184
1999-04-07,6.015625,6.0625,5.25,5.359375,194831200,4.255313396453857,4.776372179693105
1999-04-08,5.4375,5.875,5.359375,5.828125,137565600,4.627499580383301,4.317345453011766
1999-04-09,6.15625,6.5,5.90625,6.46875,152150000,5.136150360107422,4.8880271543051315
1999-04-12,6.34375,6.625,6.25,6.25,90573200,4.962463855743408,5.036900813579559
1999-04-13,6.390625,6.40625,5.859375,5.90625,86128000,4.6895294189453125,5.074120455948764
1999-04-14,6.109375,6.359375,5.984375,6.03125,62267600,4.788778781890869,4.850809595127798
1999-04-15,6.21875,6.40625,6.125,6.21875,62860800,4.937653541564941,4.937653541564941
1999-04-16,6.296875,6.296875,6.109375,6.125,50318000,4.863215446472168,4.999683226857866
1999-04-19,6.234375,6.25,5.84375,5.84375,70212800,4.639904022216797,4.950058034397064
1999-04-20,5.8125,6.03125,5.71875,5.8125,89227200,4.615091800689697,4.615091800689697
1999-04-21,5.925780773162842,6.0625,5.8125,6.03125,60174000,4.788778781890869,4.705036805414978
1999-04-22,6.21875,6.515625,6.0625,6.453125,64498800,5.123745441436768,4.9376529919899115
1999-04-23,6.46875,6.921875,6.4375,6.835937976837158,71249600,5.427694797515869,5.13614969012279
1999-04-26,6.96875,7.3125,6.9375,7.171875,70492400,5.694429874420166,5.533149725471446
1999-04-27,7.28125,7.28125,6.84375,7.015625,52992800,5.570365905761719,5.781270628251583
1999-04-28,7.0,7.0625,6.65625,6.828125,40228400,5.421493053436279,5.557960841966712
1999-04-29,6.84375,6.921875,6.6875,6.8125,38068800,5.409086227416992,5.433898549561106
1999-04-30,6.9375,7.078125,6.59375,6.765625,39295200,5.3718671798706055,5.508334937326903
1999-05-03,6.703125,6.703125,6.375,6.515625,77500000,5.173369884490967,5.322243838001499
1999-05-04,6.40625,6.421875,6.21875,6.296875,77888800,4.9996843338012695,5.086527486001292
1999-05-05,6.28125,6.28125,6.03125,6.25,84511600,4.962463855743408,4.987276175022125
1999-05-06,6.234375,6.34375,6.015625,6.046875,56171600,4.8011860847473145,4.9500600718712615
1999-05-07,6.09375,6.265625,5.910155773162842,6.125,58082000,4.863215446472168,4.838403122765677
1999-05-10,6.15625,6.171875,5.96875,6.09375,62537600,4.838402271270752,4.888026909950452
1999-05-11,6.1875,6.484375,6.058594226837158,6.203125,83342000,4.9252448081970215,4.912838649989975
1999-05-12,6.28125,6.5625,6.03125,6.328125,100062800,5.024494171142578,4.987275695800781
1999-05-13,5.96875,6.375,5.734375,5.75,229328400,4.565467834472656,4.739154110784115
1999-05-14,5.90625,6.15625,5.84375,5.96875,159232400,4.7391533851623535,4.689528742385784
1999-05-17,6.078125,6.25,5.953125,6.125,55369200,4.863215446472168,4.825996960912431
1999-05-18,6.21875,6.25,6.125,6.203125,42034400,4.9252448081970215,4.937650966404067
1999-05-19,6.28125,6.625,6.25,6.59375,68676000,5.235400676727295,4.9872774219060965
1999-05-20,6.671875,6.75,6.328125,6.328125,82693200,5.024494171142578,5.2974296569824215
1999-05-21,6.3125,6.703125,6.28125,6.4375,47640000,5.1113386154174805,5.012089321914229
1999-05-24,6.546875,6.609375,6.140625,6.1875,51160400,4.912840366363525,5.198182104813933
1999-05-25,6.296875,6.34375,6.0,6.0,49319600,4.763967037200928,4.999684156229099
1999-05-26,5.90625,6.0,5.640625,5.859375,91702000,4.652309417724609,4.689527893066406
1999-05-27,5.875,6.046875,5.734375,5.890625,51938000,4.677123069763184,4.664716907774422
1999-05-28,5.953125,6.21875,5.921875,6.203125,37284800,4.9252448081970215,4.7267462768842945
1999-06-01,6.234375,6.5,6.21875,6.375,59201600,5.0617146492004395,4.950059178997488
1999-06-02,6.34375,6.5625,6.296875,6.546875,52914800,5.198184013366699,5.036903841114271
1999-06-03,6.640625,6.890625,6.625,6.875,97686000,5.458711624145508,5.272619182413275
1999-06-04,6.9375,7.203125,6.875,7.171875,95625600,5.694429874420166,5.508337394863951
1999-06-07,7.21875,7.25,7.03125,7.125,54590800,5.657210350036621,5.731647328326576
1999-06-08,7.046875,7.0625,6.6875,6.78125,47042400,5.384273529052734,5.5951782525409754
1999-06-09,6.8125,6.828125,6.5625,6.671875,43354000,5.297431945800781,5.409087420068245
1999-06-10,6.59375,6.609375,6.375,6.515625,50374000,5.173369884490967,5.235400698453688
1999-06-11,6.5,6.5625,6.25,6.328125,55334800,5.024494171142578,5.1609619140625
1999-06-14,6.40625,6.65625,6.375,6.609375,68968000,5.247805595397949,5.0865255179980124
1999-06-15,6.6875,6.890625,6.234375,6.28125,114050800,4.987277984619141,5.309838252281075
1999-06-16,8.171875,8.34375,7.8125,8.234375,405908000,6.538046836853027,6.488422192930044
1999-06-17,7.9375,8.75,7.9375,8.71875,202552400,6.9226393699646,6.302331182691786
1999-06-18,8.3125,8.984375,8.296875,8.765625,124886400,6.95985746383667,6.600078735759552
1999-06-21,8.6875,8.84375,8.515625,8.53125,62167600,6.773765563964844,6.8978272043305
1999-06-22,8.34375,8.6875,8.25,8.53125,62997600,6.773765563964844,6.624891595526056
1999-06-23,8.390625,8.796875,8.375,8.78125,75558800,6.972262859344482,6.662108817558695
1999-06-24,8.734375,9.0625,8.734375,8.921875,85113600,7.083919048309326,6.9350450928282195
1999-06-25,8.96875,9.05859375,8.828125,8.9375,34084800,7.096325874328613,7.121138202560532
1999-06-28,8.9375,9.1875,8.9375,9.171875,43406000,7.282415866851807,7.096323468209937
1999-06-29,9.109375,9.28125,9.03125,9.28125,45924000,7.36925745010376,7.232789719546283
1999-06-30,9.1875,9.328125,9.015625,9.28125,47386800,7.36925745010376,7.294820506163318
1999-07-01,9.21875,9.5,9.09375,9.4375,48526800,7.493319511413574,7.319633297572862
1999-07-02,9.421875,9.65625,9.390625,9.609375,41040800,7.629787921905518,7.480914011234191
1999-07-06,9.5625,9.75,9.484375,9.671875,47408000,7.679419040679932,7.59257585282087
1999-07-07,9.578125,9.703125,9.53125,9.671875,43384000,7.679419040679932,7.6049820225150215
1999-07-08,9.546875,9.78125,9.53125,9.734375,41420800,7.729038238525391,7.5801643077672765
1999-07-09,9.75,9.828125,9.59375,9.828125,40340000,7.80347204208374,7.741441262734902
1999-07-12,9.71875,9.765625,9.625,9.71875,42054000,7.716631889343262,7.716631889343263
1999-07-13,9.5625,9.75,9.5625,9.671875,57056800,7.679419040679932,7.59257585282087
1999-07-14,9.703125,9.71875,9.421875,9.515625,63491200,7.555355072021484,7.70422906358841
1999-07-15,9.453125,9.796875,9.4375,9.75,66302000,7.741448879241943,7.505731685803487
1999-07-16,9.8125,9.953125,9.78125,9.9375,60138000,7.890320777893066,7.791071459932147
1999-07-19,9.90625,9.9375,9.796875,9.875,41648000,7.840691089630127,7.865503403204906
1999-07-20,9.78125,9.78125,9.234375,9.375,57625200,7.443699359893799,7.766259665489197
1999-07-21,9.359375,9.578125,9.296875,9.53125,31700400,7.567759037017822,7.431291251104386
1999-07-22,9.484375,9.484375,8.8125,9.0625,44054800,7.195572853088379,7.530539175559735
1999-07-23,9.078125,9.203125,8.84375,9.046875,27679600,7.183166980743408,7.207979301920415
1999-07-26,8.859375,9.09375,8.703125,8.75,29542000,6.947451114654541,7.034294253587723
1999-07-27,8.890625,9.390625,8.820313453674316,9.265625,46239200,7.3568549156188965,7.059106993232971
1999-07-28,9.25,9.546875,9.0625,9.421875,33699200,7.480915069580078,7.344447298824886
1999-07-29,9.234375,9.59375,9.203125,9.515625,46836800,7.555355072021484,7.332044084671096
1999-07-30,9.484375,9.609375,9.390625,9.515625,29497200,7.555355072021484,7.530542740093663
1999-08-02,9.453125,9.75,9.390625,9.53125,32924400,7.567759037017822,7.505728225238987
1999-08-03,9.546875,9.609375,8.984375,9.28125,44406800,7.36925745010376,7.580162124601679
1999-08-04,9.21875,9.390625,9.125,9.1875,34460400,7.294823169708252,7.319635493414742
1999-08-05,9.09375,9.390625,8.890625,9.28125,42011600,7.36925745010376,7.220383562222876
1999-08-06,9.109375,9.296875,9.09375,9.125,18963200,7.2451982498168945,7.232792088430221
1999-08-09,9.109375,9.3125,9.03125,9.09375,17804800,7.220386028289795,7.23279218985043
1999-08-10,9.125,9.125,8.765625,9.0,24823200,7.14594841003418,7.245197693506877
1999-08-11,9.15625,9.1875,8.875,9.1875,24944400,7.294823169708252,7.270010846001761
1999-08-12,9.09375,9.234375,8.84375,8.875,29526000,7.046699047088623,7.220385291207005
1999-08-13,9.109375,9.703125,9.0625,9.65625,48884000,7.66701078414917,7.232794963040399
1999-08-16,9.5625,9.875,9.390625,9.828125,47812800,7.80347204208374,7.592567392297693
1999-08-17,9.859375,9.9375,9.15625,9.328125,46906000,7.406476974487305,7.82828638341958
1999-08-18,8.875,9.0,8.671875,8.859375,104588800,7.034293174743652,7.046699335545669
1999-08-19,8.796875,9.15625,8.765625,9.0,37891200,7.14594841003418,6.9846683243910475
1999-08-20,9.078125,9.25,8.984375,9.25,22706000,7.344446659088135,7.207978900219943
1999-08-23,9.359375,9.421875,9.234375,9.390625,26333200,7.4561052322387695,7.431292902015014
1999-08-24,9.28125,9.609375,9.1875,9.234375,35510400,7.332041263580322,7.369259747151796
1999-08-25,9.28125,9.328125,9.171875,9.234375,28866400,7.332041263580322,7.369259747151796
1999-08-26,9.234375,9.5,9.234375,9.28125,28053600,7.36925745010376,7.332038978133539
1999-08-27,9.265625,9.34375,9.015625,9.25,23192400,7.344446659088135,7.356852818985243
1999-08-30,9.234375,9.265625,9.0625,9.125,17385200,7.2451982498168945,7.332041379523603
1999-08-31,9.125,9.140625,8.859375,9.125,24392400,7.2451982498168945,7.2451982498168945
1999-09-01,9.15625,9.546875,9.140625,9.421875,39725600,7.480915069580078,7.270010332958418
1999-09-02,9.3125,9.71875,9.28125,9.609375,48401600,7.629787921905518,7.394070896675917
1999-09-03,9.71875,10.40625,9.71875,10.375,102798800,8.237689018249512,7.7166303755289105
1999-09-07,10.375,11.203125,10.304688453674316,10.953125,97488400,8.696720123291016,8.237692099665098
1999-09-08,10.84375,11.203125,10.765625,11.078125,71019200,8.795969009399414,8.609876576196323
1999-09-09,11.0625,11.125,10.78125,11.015625,51350000,8.746344566345215,8.783563053861577
1999-09-10,11.125,11.734375,11.0625,11.59375,64388000,9.205368041992188,8.833183350267436
1999-09-13,11.609375,11.671875,11.125,11.4375,59682800,9.081310272216797,9.21777804953153
1999-09-14,11.5,11.609375,10.921875,11.359375,80645200,9.019281387329102,9.130936865301539
1999-09-15,10.03125,10.859375,9.96875,10.671875,256649600,8.473409652709961,7.964756950277883
1999-09-16,10.671875,10.742188453674316,10.421875,10.546875,61758400,8.374161720275879,8.473411044368037
1999-09-17,10.59375,10.9375,10.585938453674316,10.890625,64400000,8.64709186553955,8.411374870639621
1999-09-20,10.9375,11.375,10.84375,11.28125,42020800,8.957249641418457,8.684314056776897
1999-09-21,11.203125,11.5,10.96875,11.125,53644800,8.833185195922852,8.89521599083804
1999-09-22,11.125,11.4375,10.96875,11.421875,38004800,9.068907737731934,8.833190573550118
1999-09-23,11.4375,11.53125,10.75,10.875,40246000,8.634687423706055,9.081309187001196
1999-09-24,10.75,10.890625,10.265625,10.546875,50765600,8.374161720275879,8.535441871925636
1999-09-27,10.796875,10.90625,10.546875,10.578125,41769600,8.398971557617188,8.572657823210452
1999-09-28,10.5,10.75,10.296875,10.71875,37798400,8.510626792907715,8.336940531827965
1999-09-29,10.6875,11.265625,10.6875,10.828125,45801600,8.597472190856934,8.485816707858792
1999-09-30,10.84375,11.46875,10.625,11.375,58577200,9.03168773651123,8.609878144421419
1999-10-01,11.171875,11.46875,11.109375,11.3125,34570800,8.982059478759766,8.870404043250321
1999-10-04,11.359375,11.65625,11.265625,11.625,40801600,9.230183601379395,9.019278868552178
1999-10-05,11.671875,11.71875,11.375,11.5625,46292000,9.180564880371094,9.267408061671901
1999-10-06,11.609375,11.6875,11.421875,11.46875,31310000,9.106124877929688,9.217780360084138
1999-10-07,11.296875,11.359375,11.09375,11.171875,38359600,8.870407104492188,8.96965641475224
1999-10-08,11.15625,11.40625,10.84375,11.3125,28551200,8.982059478759766,8.857997883749272
1999-10-11,11.265625,11.6875,11.234375,11.515625,25299600,9.143340110778809,8.944841546637072
1999-10-12,11.484375,11.953125,11.46875,11.75,45535600,9.32943058013916,9.118525899471122
1999-10-13,11.546875,12.03125,11.53125,11.859375,57057200,9.416279792785645,9.168156478087734
1999-10-14,11.84375,11.875,11.53125,11.695313453674316,47554400,9.2860107421875,9.403868495139001
1999-10-15,11.578125,11.625,11.1875,11.25,56845600,8.932438850402832,9.192968316872914
1999-10-18,11.21875,11.265625,10.671875,10.96875,47037600,8.709124565124512,8.907623130711395
1999-10-19,11.15625,11.203125,10.765625,10.953125,39418800,8.696720123291016,8.858000239700122
1999-10-20,11.109375,11.203125,10.984375,11.1875,45197200,8.882807731628418,8.820776951379615
1999-10-21,10.546875,11.4375,10.5,11.296875,55295200,8.969659805297852,8.374163718639073
1999-10-22,11.34375,11.484375,10.890625,11.03125,40710400,8.758753776550293,9.006877112996476
1999-10-25,10.90625,11.078125,10.78125,10.828125,41902800,8.597472190856934,8.659503014744791
1999-10-26,10.875,10.96875,10.6875,10.859375,42569200,8.622283935546875,8.634690099482913
1999-10-27,10.867188453674316,11.265625,10.8125,11.203125,39112800,8.895221710205078,8.628489877780863
1999-10-28,11.328125,11.484375,10.9375,11.46875,39646400,9.106124877929688,8.994469395775235
1999-10-29,11.515625,12.1875,11.5,11.890625,53908400,9.441088676452637,9.143340807550057
1999-11-01,12.03125,13.109375,11.96875,12.796875,90335200,10.160646438598633,9.552744514921791
1999-11-02,12.84375,13.46875,12.84375,13.25,83764800,10.520424842834473,10.197864647181529
1999-11-03,13.84375,14.4375,13.75,14.328125,87264000,11.376452445983887,10.991861360023691
1999-11-04,14.546875,14.75,14.40625,14.546875,83700800,11.550139427185059,11.550139427185059
1999-11-05,14.9375,15.34375,14.625,14.671875,84155600,11.649386405944824,11.860291165157884
1999-11-08,14.90625,15.171875,14.703125,14.859375,54326400,11.798258781433105,11.83547726339346
1999-11-09,14.96875,14.96875,14.4375,14.609375,55569200,11.599761962890625,11.885103701015206
1999-11-10,14.546875,15.0,14.359375,14.71875,50972000,11.686605453491211,11.550137661571462
1999-11-11,14.90625,15.71875,14.875,15.515625,47960400,12.319321632385254,11.835481205735682
1999-11-12,15.8125,16.6875,15.4375,16.28125,69733600,12.927220344543457,12.555035497771573
1999-11-15,16.359375,16.5625,16.0,16.015625,42568400,12.716316223144531,12.989251790860804
1999-11-16,16.078125,16.359375,16.0,16.125,58097600,12.803162574768066,12.765944078911183
1999-11-17,17.4375,18.09375,17.15625,17.75,100242400,14.093398094177246,13.845274888293844
1999-11-18,17.9375,18.671875,17.265625,18.546875,64814800,14.726119041442871,14.242278567461176
1999-11-19,18.53125,19.546875,18.34375,19.03125,60086000,15.110710144042969,14.713712833197834
1999-11-22,18.921875,19.46875,18.71875,19.359375,40570400,15.371233940124512,15.023861421703618
1999-11-23,19.46875,19.46875,18.296875,18.375,64967600,14.589646339416504,15.458077669143675
1999-11-24,18.234375,18.234375,17.1875,17.953125,73022400,14.254677772521973,14.477988651464875
1999-11-26,17.75,18.46875,17.703125,18.40625,18470000,14.614462852478027,14.093403905275924
1999-11-29,18.203125,18.75,17.765625,18.140625,35636400,14.403553009033203,14.453177653336505
1999-11-30,18.171875,18.1875,16.80859375,16.953125,63926800,13.460688591003418,14.428369429803665
1999-12-01,17.109375,17.703125,16.875,17.671875,40256400,14.031370162963867,13.584748301012763
1999-12-02,17.734375,19.0,17.71875,18.984375,49338400,15.073488235473633,14.08099518293216
1999-12-03,19.40625,20.453125,19.25,19.671875,74702800,15.619352340698242,15.408447662547431
1999-12-06,19.6875,19.96875,19.390625,19.609375,38683200,15.569730758666992,15.631761558502319
1999-12-07,19.578125,20.03125,19.078125,19.8125,51888800,15.731019973754883,15.544927466178917
1999-12-08,19.625,19.75,18.96875,19.03125,42925600,15.110710144042969,15.582144450671567
1999-12-09,19.265625,19.859375,19.25,19.640625,66600400,15.5945463180542,15.296798416993498
1999-12-10,19.875,21.1875,19.359375,21.15625,49635600,16.797943115234375,15.780637845330963
1999-12-13,21.0,21.015625,19.890625,19.953125,60372000,15.842669486999512,16.673882373161582
1999-12-14,20.15625,20.78125,19.09375,19.234375,75655200,15.271988868713379,16.00395259190923
1999-12-15,21.3125,22.859375,20.71875,22.59375,148169600,17.939319610595703,16.922013795886958
1999-12-16,22.40625,22.65625,21.84375,22.390625,59600000,17.77802848815918,17.790434649002275
1999-12-17,23.0,23.703125,22.56640625,22.671875,81975200,18.0013484954834,18.26187800506655
1999-12-20,23.59375,24.5625,23.5625,24.078125,70350400,19.117891311645508,18.733300376758415
1999-12-21,24.328125,24.84375,23.78125,24.421875,60357200,19.390832901000977,19.316395922494255
1999-12-22,24.953125,26.34375,24.75,26.265625,54652800,20.85475730895996,19.81263975158183
1999-12-23,26.4375,27.625,26.3125,26.671875,56016000,21.177318572998047,20.991226142655357
1999-12-27,27.15625,27.171875,25.53125,26.09375,38805600,20.718292236328125,21.561911321400167
1999-12-28,26.015625,27.140625,25.5,26.53125,34231600,21.065662384033203,20.65625905148132
1999-12-29,26.421875,27.546875,26.40625,27.5,22750000,21.83484649658203,20.97882126461376
1999-12-30,27.984375,28.234375,27.203125,27.84375,27397600,22.107778549194336,22.219433996412487
1999-12-31,27.84375,28.34375,27.703125,28.015625,10714800,22.244247436523438,22.107779660839242
2000-01-03,31.15625,31.296875,27.90625,29.53125,98114800,23.44764518737793,24.737885980757454
2000-01-04,28.875,29.65625,26.25,26.921875,116824800,21.375816345214844,22.926586538570536
2000-01-05,25.40625,26.59375,24.0,25.5,166054000,20.246858596801758,20.17242161666646
2000-01-06,25.0390625,26.25,23.671875,24.0,109880000,19.05586814880371,19.88087806540231
2000-01-07,23.75,25.875,23.390625,25.84375,91755600,20.519794464111328,18.85736855226676
2000-01-10,27.0,29.0,26.375,28.9375,91518000,22.976211547851562,21.43784749173191
2000-01-11,28.15625,28.6875,27.375,28.09375,86585200,22.30626678466797,22.355891404878573
2000-01-12,28.0625,28.0625,25.921875,26.40625,83443600,20.966415405273438,22.281468679213667
2000-01-13,27.125,27.46875,25.875,26.265625,55779200,20.85475730895996,21.53709618581469
2000-01-14,27.25,27.84375,26.1875,26.703125,57078000,21.202129364013672,21.636345003417112
2000-01-18,26.96875,28.625,26.40625,27.8125,66780000,22.082963943481445,21.413031329465717
2000-01-19,28.0625,29.125,27.0,28.5625,49198400,22.67845916748047,22.28146207045674
2000-01-20,29.5,30.125,29.0625,29.625,54526800,23.522085189819336,23.42283588522094
2000-01-21,30.75,30.75,29.5,29.84375,50891000,23.695768356323242,24.415325720023112
2000-01-24,30.125,30.1875,27.0,27.09375,50022400,21.512279510498047,23.91907433462528
2000-01-25,27.53125,28.75,27.4375,28.21875,53059200,22.405534744262695,21.859663465886417
2000-01-26,28.375,29.46875,27.5,27.53125,47569200,21.859663009643555,22.529595928213787
2000-01-27,27.90625,28.34375,25.0,25.90625,61054000,20.569416046142578,22.157404739692787
2000-01-28,25.75,25.96875,23.3125,23.6875,86394000,18.8077392578125,20.4453524385719
2000-01-31,23.96875,25.0625,23.53125,24.9765625,68148000,19.83124542236328,19.031048156337363
2000-02-01,25.625,27.15625,25.0,27.0,57105600,21.437843322753906,20.346101301687735
2000-02-02,27.46875,28.0,27.0,27.15625,63933000,21.561908721923828,21.810031952325712
2000-02-03,27.6875,28.5,27.125,28.34375,55533200,22.504783630371094,21.98372469295346
2000-02-04,28.8125,29.125,28.40625,28.90625,40916000,22.951404571533203,22.876967583733634
2000-02-07,29.65625,30.0,29.4375,29.96875,44691200,23.79502296447754,23.546899680176416
2000-02-08,30.375,30.71875,29.5,29.78125,55718000,23.64614486694336,24.11757902483625
2000-02-09,30.03125,30.65625,29.40625,29.96875,52471600,23.79502296447754,23.84464762133776
2000-02-10,30.0,31.3125,29.0,31.15625,45288600,24.737886428833008,23.819830463068893
2000-02-11,31.25,32.375,29.375,29.84375,55774000,23.695768356323242,24.81232288620235
2000-02-14,30.4375,31.125,29.3125,31.09375,37599800,24.688262939453125,24.167204123645572
2000-02-15,30.8125,31.59375,29.5625,30.6875,47971400,24.36570167541504,24.464950969408584
2000-02-16,30.5,31.28125,30.0625,30.625,33489200,24.316076278686523,24.21682698775311
2000-02-17,30.875,31.375,30.0,30.8125,40392600,24.464946746826172,24.514571385257867
2000-02-18,30.84375,31.0,29.1875,29.28125,63888400,23.2491455078125,24.489761596809963
2000-02-22,29.5625,30.71875,28.15625,29.65625,75546200,23.54690170288086,23.472464711196302
2000-02-23,30.09375,31.6328125,29.8125,31.53125,69664400,25.035633087158203,23.894266266534537
2000-02-24,31.59375,32.53125,30.125,30.96875,70963200,24.589014053344727,25.085260552907688
2000-02-25,30.9375,35.5,30.9375,35.3125,103186600,28.037921905517578,24.56419706766584
2000-02-28,35.625,38.25,34.125,34.3125,122316600,27.243934631347656,28.28605234948664
2000-02-29,36.6875,37.21875,35.5625,37.125,55586400,29.47702980041504,29.129657395359644
2000-03-01,36.875,37.25,35.375,35.75,44934400,28.385303497314453,29.27854731366351
2000-03-02,36.75,36.78125,33.9375,34.25,52311000,27.194305419921875,29.179291216996464
2000-03-03,35.5625,37.5625,35.0859375,37.5,47974400,29.774797439575195,28.236432905197145
2000-03-06,37.40625,38.46875,36.1875,37.875,45520600,30.072538375854492,29.700353494965203
2000-03-07,38.3125,40.0,37.1875,37.46875,53982200,29.749967575073242,30.419900122635358
2000-03-08,38.6875,41.78125,37.5,41.5625,62781200,33.00040054321289,30.717666069547036
2000-03-09,42.15625,42.5,40.0625,42.0,56476400,33.3477668762207,33.47182850894474
2000-03-10,42.0,42.03125,40.125,40.8125,44699800,32.40488815307617,33.34775626166491
2000-03-13,39.25,41.8125,38.3984375,39.375,65803200,31.263521194458008,31.164271920824806
2000-03-14,40.9375,41.875,38.25,38.5,72364000,30.568784713745117,32.50414608360885
2000-03-15,42.0,42.5,38.5,39.3125,144810400,31.21388816833496,33.34774697793497
2000-03-16,40.34375,41.28125,38.34375,40.96875,95532400,32.52897644042969,32.03272966025532
2000-03-17,40.875,41.0,39.75,39.90625,66055200,31.685338973999023,32.45452104776094
2000-03-20,40.25,40.3125,38.78125,39.0625,47183600,31.015409469604492,31.95827791748047
2000-03-21,38.9375,40.4375,38.0,40.34375,52621400,32.032711029052734,30.916156423082654
2000-03-22,40.5,42.1875,39.4375,42.03125,53197600,33.37257385253906,32.15677004675883
2000-03-23,41.5625,44.0,41.28125,43.4375,50803800,34.4891357421875,33.00039606986286
2000-03-24,43.40625,44.84375,43.21875,43.5,52821600,34.53874969482422,34.464312734275026
2000-03-27,44.53125,44.65625,43.46875,44.21875,32597200,35.10943603515625,35.35755925801955
2000-03-28,43.8125,45.0,42.75,43.28125,36039200,34.365074157714844,34.78688373221387
2000-03-29,43.03125,43.0625,41.03125,41.25,51966200,32.75227355957031,34.16657628146085
2000-03-30,39.25,42.25,39.0,39.21875,70986000,31.139461517333984,31.164273837268116
2000-03-31,40.09375,40.78125,38.0,39.03125,79842000,30.990571975708008,31.83419042820927
2000-04-03,39.3125,40.3125,37.5,38.4375,71598000,30.51915168762207,31.213896604088266
2000-04-04,39.0625,39.0625,32.5390625,37.96875,123633800,30.146976470947266,31.015407891921058
2000-04-05,36.625,40.5,36.2734375,39.125,73736800,31.065032958984375,29.080046827419878
2000-04-06,40.3125,41.71875,40.0625,41.09375,62408200,32.628204345703125,32.00789627829432
2000-04-07,41.84375,43.625,41.5,43.5625,46764600,34.5883674621582,33.22369012326387
2000-04-10,43.75,43.8125,41.125,41.25,56241200,32.75227355957031,34.737259835907906
2000-04-11,40.09375,40.8125,38.40625,38.6875,70983800,30.717676162719727,31.834231435193384
2000-04-12,38.96875,40.0,36.46875,36.5625,67133000,29.030406951904297,30.940955101730477
2000-04-13,37.4375,38.75,35.875,35.96875,63206800,28.55898666381836,29.725165962862203
2000-04-14,34.9609375,35.640625,30.125,31.25,109951400,24.812328338623047,27.758792328834534
2000-04-17,30.25,37.4375,30.0859375,37.40625,115304800,29.700349807739258,24.018327998238597
2000-04-18,37.78125,39.53125,36.875,39.46875,78738800,31.337966918945312,29.99810134996428
2000-04-19,39.3125,39.78125,37.125,37.28125,46184200,29.601116180419922,31.21391798404716
2000-04-20,36.90625,37.75,34.9375,35.40625,50397800,28.112356185913086,29.30334744533394
2000-04-24,33.6875,36.34375,33.5,36.21875,59725600,28.757482528686523,26.747684353687724
2000-04-25,37.4375,38.1875,36.3125,37.78125,61764200,29.998088836669922,29.72515337165473
2000-04-26,38.0625,38.90625,35.53125,36.09375,47788800,28.658235549926758,30.22141203446822
2000-04-27,35.03125,38.78125,34.96875,38.65625,52101000,30.692842483520508,27.81461311562368
2000-04-28,39.25,40.0,39.0625,39.96875,41696600,31.73496437072754,31.16428088321641
2000-05-01,39.9375,40.9375,39.375,39.84375,37093400,31.635711669921875,31.710148638556984
2000-05-02,39.46875,39.75,38.6875,38.90625,35341000,30.891345977783203,31.337967847341513
2000-05-03,38.4375,38.5625,36.0625,37.90625,49603200,30.09735870361328,30.51916834743968
2000-05-04,37.65625,38.46875,36.5,37.125,39899800,29.47702980041504,29.89883914941088
2000-05-05,37.0,38.5,36.875,38.40625,35289600,30.494348526000977,29.377793860687678
2000-05-08,37.65625,38.0,36.03125,36.15625,36528400,28.707853317260742,29.898844638979426
2000-05-09,36.84375,37.125,35.625,36.0,43535200,28.58379364013672,29.253726303577423
2000-05-10,35.46875,36.5625,33.75,33.8125,71169800,26.846940994262695,28.16199448104266
2000-05-11,34.46875,36.1875,34.0,36.1875,46590200,28.732667922973633,27.367990258238272
2000-05-12,36.65625,38.21875,36.53125,37.09375,39038200,29.452238082885742,29.104865434898883
2000-05-15,37.21875,38.5,35.3125,38.5,41971800,30.568784713745117,29.551479378303924
2000-05-16,38.8125,39.875,38.53125,39.59375,38261400,31.43720245361328,30.816894591466216
2000-05-17,38.875,39.9375,38.125,39.09375,33993600,31.04022979736328,30.866543459568284
2000-05-18,39.15625,39.375,36.21875,36.53125,46444600,29.00560188293457,31.08983674877418
2000-05-19,36.0,37.0,34.75,35.03125,52228800,27.81462860107422,28.58381101555531
2000-05-22,35.03125,35.125,31.375,33.90625,91156000,26.921377182006836,27.814621033207064
2000-05-23,33.5,34.25,31.1875,31.3125,58574000,24.86194610595703,26.5988086083692
2000-05-24,30.8828125,32.25,29.0625,32.125,85195200,25.5070743560791,24.52078427275795
2000-05-25,32.75,35.40625,32.5,33.21875,80958000,26.375507354736328,26.003322396767327
2000-05-26,33.40625,34.75,32.53125,33.5,28903800,26.598817825317383,26.52438083513459
2000-05-30,34.4375,37.09375,34.28125,37.09375,38933000,29.452238082885742,27.34318986296553
2000-05-31,36.625,38.21875,35.875,35.9375,50939800,28.534164428710938,29.080035400390624
2000-06-01,36.96875,38.9375,36.75,38.9375,53401000,30.916152954101562,29.35297668114137
2000-06-02,40.25,40.75,39.25,40.09375,57964800,31.834224700927734,31.958286371625036
2000-06-05,39.625,41.0,39.5,40.46875,38507200,32.13197326660156,31.462040233243844
2000-06-06,40.25,40.75,38.125,38.53125,40020000,30.59360122680664,31.958279302617154
2000-06-07,38.375,40.125,37.78125,40.0,34080800,31.759767532348633,30.46952697634697
2000-06-08,40.9375,41.375,40.125,41.1875,46768600,32.70264434814453,32.50414574815579
2000-06-09,41.4375,41.875,40.9375,41.34375,32975200,32.826698303222656,32.90113526082634
2000-06-12,41.28125,41.40625,40.1875,40.28125,24206000,31.983076095581055,32.777070226735894
2000-06-13,39.9921875,40.875,39.03125,40.84375,37229400,32.429710388183594,31.753574498299887
2000-06-14,40.9375,41.0,39.375,39.5,33191800,31.362764358520508,32.50413078296034
2000-06-15,39.625,41.3125,39.5625,41.25,36786800,32.75227355957031,31.462032479950878
2000-06-16,40.9375,41.875,40.53125,40.9375,41904400,32.50413131713867,32.50413131713867
2000-06-19,41.03125,43.03125,40.625,43.0,51077200,34.14174270629883,32.57856698646102
2000-06-20,43.46875,43.8125,42.25,43.0234375,57192600,34.16036605834961,34.51394166490961
2000-06-21,40.40625,43.6875,40.15625,43.09375,108053800,34.21620559692383,32.08234505933467
2000-06-22,42.3125,42.625,40.6875,40.75,42105600,32.355262756347656,33.59587865958185
2000-06-23,40.40625,40.7421875,39.28125,39.75,40643000,31.561283111572266,32.08234203086709
2000-06-26,40.125,41.71875,39.625,41.34375,38942400,32.826698303222656,31.859017854374823
2000-06-27,41.1875,41.96875,40.84375,41.125,28581600,32.653018951416016,32.70264360027835
2000-06-28,41.03125,42.5,40.84375,41.46875,32104800,32.92596435546875,32.57859170966878
2000-06-29,41.03125,41.5625,39.78125,40.4375,35751800,32.10715103149414,32.5785852429303
2000-06-30,40.1875,42.25,40.0,42.03125,38093000,33.37257385253906,31.908646821089395
2000-07-03,40.5625,40.875,39.4375,40.09375,42136200,31.834224700927734,32.20640971301964
2000-07-05,38.40625,38.8125,36.09375,36.15625,94634200,28.707853317260742,30.494340299838765
2000-07-06,35.875,37.9375,35.875,37.8125,50533000,30.022905349731445,28.48454160453859
2000-07-07,37.96875,38.5,37.75,37.9375,31480200,30.122156143188477,30.146968462911037
2000-07-10,37.3125,37.75,36.4375,37.0625,43957600,29.427419662475586,29.625918277399535
2000-07-11,36.8125,37.625,35.5625,36.15625,42121400,28.707853317260742,29.228912020512666
2000-07-12,36.71875,37.5625,36.5,37.34375,34368400,29.650732040405273,29.15448547905958
2000-07-13,37.875,38.3125,37.375,37.875,41625400,30.072538375854492,30.072538375854492
2000-07-14,38.09375,38.25,37.5625,38.0625,31712000,30.221420288085938,30.246232620013757
2000-07-17,37.65625,39.0,37.03125,38.0625,32388800,30.221420288085938,29.898859973024265
2000-07-18,37.84375,38.3125,37.03125,37.09375,29967000,29.452238082885742,30.047734050863212
2000-07-19,37.5,37.96875,36.5,36.875,31558600,29.278547286987305,29.77479385117353
2000-07-20,37.40625,39.5,37.375,39.0625,35382000,31.015409469604492,29.70035610809326
2000-07-21,38.71875,38.84375,37.53125,37.71875,30925000,29.94847869873047,30.742473162988443
2000-07-24,38.5625,39.3125,37.46875,37.5,38060200,29.774797439575195,30.61841670036316
2000-07-25,37.9375,38.25,37.15625,38.0,27118200,30.17179298400879,30.122168324495618
2000-07-26,37.40625,39.0,37.03125,38.375,31826400,30.469532012939453,29.700350015870136
2000-07-27,37.96875,39.0,37.5,37.53125,32539000,29.799606323242188,30.146978919849506
2000-07-28,37.5625,38.21875,35.53125,36.1875,33203400,28.732667922973633,29.824410054761923
2000-07-31,35.875,37.75,35.6875,37.59375,34406400,29.849218368530273,28.484540887009768
2000-08-01,37.59375,37.9375,36.4375,36.5625,30190800,29.030406951904297,29.849213301829803
2000-08-02,36.5,37.625,36.1875,36.5625,30315000,29.030406951904297,28.98078232463608
2000-08-03,36.40625,38.75,35.8125,38.71875,44941200,30.742467880249023,28.90635599716716
2000-08-04,39.15625,41.15625,39.0625,40.78125,73211600,32.380088806152344,31.08984771962367
2000-08-07,40.4375,41.1875,40.375,40.9375,40751400,32.50413131713867,32.10713429341789
2000-08-08,40.5,41.625,40.40625,41.5,34931800,32.95075607299805,32.15676195075713
2000-08-09,41.75,42.140625,40.59375,40.6875,30846000,32.30565643310547,33.149275725521434
2000-08-10,40.71875,41.1875,40.0,40.03125,24436000,31.784589767456055,32.33046094222891
2000-08-11,39.96875,40.96875,39.625,40.5625,22106800,32.206398010253906,31.734963832908125
2000-08-14,40.09375,41.28125,39.9375,41.1875,21862200,32.70264434814453,31.834212973193804
2000-08-15,40.96875,41.78125,40.5625,40.625,31208800,32.25601577758789,32.528951295705944
2000-08-16,40.6875,41.125,40.53125,40.59375,22698200,32.231204986572266,32.305641949589756
2000-08-17,40.4375,42.03125,40.40625,41.96875,30085000,33.32295608520508,32.10715202848501
2000-08-18,41.75,42.375,40.5625,40.65625,31121200,32.28083419799805,33.1492655561302
2000-08-21,41.0625,41.6875,40.3828125,41.59375,20295600,33.025203704833984,32.60339419094805
2000-08-22,41.4375,42.09375,41.09375,41.78125,23251600,33.174076080322266,32.901140525435544
2000-08-23,41.46875,41.5625,40.5,41.4375,25104800,32.90114974975586,32.92596207988388
2000-08-24,41.4375,42.53125,41.34375,42.34375,40413200,33.62068557739258,32.90112846909414
2000-08-25,42.34375,43.40625,42.25,42.3125,26866600,33.59588623046875,33.62069855412493
2000-08-28,42.5,43.96875,42.46875,43.375,25833600,34.43952941894531,33.74478386870722
2000-08-29,43.40625,44.6328125,43.28125,43.875,37678600,34.83649826049805,34.46431345002264
2000-08-30,43.84375,44.40625,43.5625,44.125,27073400,35.03501510620117,34.811704103399606
2000-08-31,44.21875,45.5,44.21875,45.46875,39840000,36.10193634033203,35.10944324506517
2000-09-01,46.1015625,46.46875,45.4375,46.3125,30417800,36.77186965942383,36.60438644741228
2000-09-05,46.1875,46.40625,45.28125,45.53125,25535800,36.151554107666016,36.67261288341137
2000-09-06,45.6875,45.875,44.53125,44.625,38473000,35.4319953918457,36.275614329746794
2000-09-07,45.0625,45.875,44.75,45.59375,28559000,36.201168060302734,35.77935869976459
2000-09-08,45.40625,45.4375,43.25,43.28125,34569400,34.365074157714844,36.052312455710954
2000-09-11,43.03125,43.375,41.1875,41.71875,41459600,33.124454498291016,34.16657216790017
2000-09-12,41.5,42.65625,39.53125,39.6875,49606000,31.51165199279785,32.95076680821696
2000-09-13,38.875,41.375,38.46875,40.90625,68132400,32.479339599609375,30.866538168001576
2000-09-14,43.1875,43.3125,41.125,42.46875,64170600,33.7199592590332,34.29064289623538
2000-09-15,40.5625,41.4375,39.0,39.15625,122939600,31.08984375,32.20639839385475
2000-09-18,39.40625,40.0,37.375,38.234375,72997800,30.357877731323242,31.288339860399354
2000-09-19,38.71875,39.875,38.0625,39.65625,53198600,31.486848831176758,30.742478882449173
2000-09-20,39.5,40.3125,38.75,39.96875,37352200,31.73496437072754,31.36277948756811
2000-09-21,39.71875,40.0,37.75,39.46875,27160000,31.337966918945312,31.536465521757318
2000-09-22,37.96875,40.375,37.75,40.3671875,58729400,32.05132293701172,30.146976867404096
2000-09-25,40.5625,41.28125,39.375,39.375,34748600,31.263521194458008,32.20638929397341
2000-09-26,39.65625,40.5,39.3125,39.71875,39993400,31.536460876464844,31.486836233071507
2000-09-27,40.09375,40.46875,39.0,39.9375,48205600,31.710147857666016,31.834209469002737
2000-09-28,39.75,41.09375,39.1875,40.7421875,42188600,32.349063873291016,31.561272672541644
2000-09-29,40.6796875,40.84375,39.125,39.375,34843000,31.263521194458008,32.299435488004534
2000-10-02,39.875,41.0625,38.859375,39.375,46136800,31.263521194458008,31.660518288990808
2000-10-03,39.90625,40.8046875,34.375,34.75,96827800,27.59130859375,31.685342692642763
2000-10-04,33.0,35.375,30.25,34.0625,204852000,27.045433044433594,26.201814032038417
2000-10-05,34.15625,34.8125,33.25,34.15625,54316000,27.119871139526367,27.119871139526367
2000-10-06,34.625,35.8125,33.4375,33.8125,53378400,26.846940994262695,27.492061572683056
2000-10-09,33.8125,34.375,32.5625,33.375,40304000,26.49956512451172,26.846937701050262
2000-10-10,33.03125,33.625,32.25,32.3125,50948400,25.65594482421875,26.226628316440248
2000-10-11,31.5,32.9921875,31.0,31.125,71687200,24.71308135986328,25.010829328054406
2000-10-12,31.90625,32.4375,30.875,31.5,50889400,25.01082420349121,25.333384436274333
2000-10-13,31.0,35.75,31.0,35.625,38514000,28.28604507446289,24.613821678830863
2000-10-16,36.5625,37.0,33.375,34.5625,36480500,27.442434310913086,29.03042327646321
2000-10-17,35.75,35.875,32.875,33.6875,29353900,26.7476863861084,28.385299838319114
2000-10-18,31.5625,35.375,30.5,33.5625,52547900,26.64842987060547,25.060441498427863
2000-10-19,36.0,36.5,34.625,36.375,39321000,28.88154411315918,28.58379623570393
2000-10-20,36.125,36.5,34.9375,35.25,34073400,27.98830795288086,28.68305318575379
2000-10-23,35.1875,35.25,33.375,34.0625,28316300,27.045433044433594,27.93867670461672
2000-10-24,35.0,36.5625,34.5,35.8125,36713000,28.434926986694336,27.789806479142808
2000-10-25,36.5,36.625,34.0,34.375,33361600,27.29355239868164,28.980790183327414
2000-10-26,34.75,35.875,30.9375,34.0625,49986600,27.045433044433594,27.591304170101058
2000-10-27,34.5,35.1875,33.0,34.1875,34962500,27.144683837890625,27.39280709052217
2000-10-30,33.75,34.125,31.375,31.625,35420300,25.110074996948242,26.797313237849902
2000-10-31,32.625,34.75,32.5,33.0,41881000,26.201812744140625,25.904064872048117
2000-11-01,32.8125,33.1875,30.375,31.375,62692100,24.91157341003418,26.052940319258855
2000-11-02,32.4375,32.5,27.25,29.5625,149767500,23.47245216369629,25.755185355091697
2000-11-03,31.5,31.75,29.5,30.3125,65017500,24.067951202392578,25.010819393826512
2000-11-06,30.6875,31.0,27.5,27.9375,75551500,22.182218551635742,24.365703151796755
2000-11-07,28.375,28.4375,26.5,26.5625,58951000,21.09047508239746,22.52958985272576
2000-11-08,27.375,27.5,24.5,24.8125,63040000,19.700979232788086,21.735589178743528
2000-11-09,24.6875,27.375,24.0625,27.1875,67280700,21.58671760559082,19.60173207863994
2000-11-10,26.4375,26.9375,24.875,25.4375,54609400,20.197237014770508,20.99123159028974
2000-11-13,25.125,25.875,23.5,24.75,61652800,19.6513614654541,19.949109366445832
2000-11-14,27.375,28.5,26.5,28.375,77494300,22.529590606689453,21.735596224074847
2000-11-15,28.8125,29.4375,27.703125,28.875,50649700,22.926584243774414,22.876959602554123
2000-11-16,28.75,29.8125,27.25,27.375,37986600,21.735595703125,22.82733795305365
2000-11-17,26.9375,29.25,25.25,28.8125,59636000,22.876962661743164,21.388223226054887
2000-11-20,24.3125,25.875,24.0,24.75,89778400,19.6513614654541,19.303988914297086
2000-11-21,24.8125,25.625,23.5,23.875,58647400,18.956613540649414,19.70098318229795
2000-11-22,23.625,24.0625,22.0625,22.3125,53315300,17.71599769592285,18.758115207447727
2000-11-24,23.3125,24.25,23.125,24.125,22443900,19.155115127563477,18.50999466989942
2000-11-27,25.4375,25.8125,22.875,23.125,45665200,18.361129760742188,20.197242736816406
2000-11-28,23.5,23.8125,22.25,22.65625,43075300,17.988929748535156,18.6588623046875
2000-11-29,23.1875,23.625,21.8125,22.875,75409600,18.162620544433594,18.410743775914927
2000-11-30,21.75,27.625,21.5,26.5,84386200,21.040849685668945,17.269376628803755
2000-12-01,26.375,27.875,25.5,26.4375,48663500,20.991222381591797,20.941597742391817
2000-12-04,26.25,28.875,26.1875,28.1875,40710400,22.380708694458008,20.842345125659342
2000-12-05,29.4375,31.5,28.875,31.5,59754700,25.01082420349121,23.373210713976906
2000-12-06,31.1875,31.625,29.3125,30.1875,42125600,23.968711853027344,24.762706448572764
2000-12-07,29.625,29.9375,28.125,28.3125,41088300,22.47996711730957,23.52208479824445
2000-12-08,30.0625,30.625,29.25,30.0625,40052600,23.86945915222168,23.86945915222168
2000-12-11,30.5,32.25,30.0,31.9375,50279700,25.358196258544922,24.21682930365934
2000-12-12,31.875,32.5,30.40625,30.75,26481200,24.415327072143555,25.30857074551466
2000-12-13,31.9375,32.0,28.25,28.375,37933600,22.529590606689453,25.35819559475399
2000-12-14,29.25,29.9375,27.25,27.5,45894400,21.83484649658203,23.224336728182706
2000-12-15,29.4375,30.078125,28.1875,28.5625,120004000,22.67845916748047,23.37320408727199
2000-12-18,30.0,32.4375,29.9375,32.0,61640100,25.40781593322754,23.819827437400818
2000-12-19,31.8125,33.125,30.125,30.625,58653700,24.316076278686523,25.25894454255396
2000-12-20,28.0625,29.8125,27.5,28.5,54440500,22.628841400146484,22.28146883479336
2000-12-21,27.8125,30.25,27.3125,29.5,46719700,23.422832489013672,22.082967071209925
2000-12-22,30.375,31.984375,30.0,31.875,35568200,25.308574676513672,24.117582927030675
2000-12-26,31.5,32.1875,30.0,30.9375,20589500,24.564205169677734,25.010827081853694
2000-12-27,30.375,31.0625,29.375,30.6875,26437500,24.36570167541504,24.117578440431178
2000-12-28,30.5625,31.625,30.375,31.0625,25053600,24.663448333740234,24.266451177462727
2000-12-29,30.875,31.3125,28.6875,29.0625,31702200,23.07547378540039,24.514589354812458
2001-01-02,29.5625,29.75,25.625,26.375,46281000,20.94160270690918,23.472459906085408
2001-01-03,25.25,32.125,25.25,32.0,76389600,25.40781593322754,20.048354759812355
2001-01-04,31.5625,33.25,31.0,32.5625,57584400,25.854440689086914,25.060446349306893
2001-01-05,32.5,32.5625,29.625,30.125,38415200,23.919086456298828,25.804823562812015
2001-01-08,30.0625,30.25,27.5625,29.9375,40644600,23.77020835876465,23.86945766297661
2001-01-09,30.625,32.0,30.25,31.5,44818600,25.01082420349121,24.316079086727566
2001-01-10,30.5,33.375,30.25,32.75,64627400,26.003318786621094,24.21683123639522
2001-01-11,32.3125,34.09375,32.25,33.3125,50906600,26.44993782043457,25.655943439333342
2001-01-12,33.0625,34.0,32.0,32.3125,40234100,25.65594482421875,26.25144064218901
2001-01-16,33.0625,33.375,31.0625,31.8125,31198700,25.258943557739258,26.251436428377342
2001-01-17,33.3125,34.0625,32.75,33.25,52535000,26.400310516357422,26.44993516018516
2001-01-18,33.609375,34.0,32.8125,33.8125,33749200,26.846940994262695,26.685660849657605
2001-01-19,34.125,35.0,33.625,34.5625,50227100,27.442434310913086,27.095061724698994
2001-01-22,33.625,33.625,31.328125,31.8125,57564400,25.258943557739258,26.69805822016448
2001-01-23,31.9375,32.4375,31.3125,31.484375,42545700,24.9984130859375,25.35819173580955
2001-01-24,32.0,32.015625,30.0,30.0625,65596100,23.86945915222168,25.407823463487524
2001-01-25,30.5625,30.75,29.5,29.9375,60995500,23.77020835876465,24.266454879824455
2001-01-26,29.625,30.5,28.75,30.375,46538900,24.117576599121094,23.522080880624276
2001-01-29,30.1875,31.125,29.8125,30.4375,33397000,24.167203903198242,23.96870530851078
2001-01-30,30.75,31.5,30.125,30.3125,42788300,24.067951202392578,24.4153236939735
2001-01-31,30.5625,30.8125,29.0625,29.125,46144400,23.12508773803711,24.266454729399456
2001-02-01,29.25,30.6875,29.125,30.0625,38389200,23.86945915222168,23.224338634594066
2001-02-02,29.9375,30.0625,27.6875,27.75,38655400,22.033342361450195,23.770204934987934
2001-02-05,27.5,28.5,26.5,27.5,35933100,21.83484649658203,21.83484649658203
2001-02-06,27.375,28.5,27.1875,27.625,28746300,21.93409538269043,21.7355967819421
2001-02-07,27.125,28.375,26.5,27.6875,42854400,21.98371696472168,21.537095175370677
2001-02-08,28.4375,28.875,26.6875,27.125,41775000,21.537094116210938,22.57921157344695
2001-02-09,25.25,25.6875,23.25,23.5625,91625000,18.708492279052734,20.048357773839005
2001-02-12,23.625,24.0,22.5,23.0,51901400,18.261871337890625,18.758117841637652
2001-02-13,23.6875,24.375,22.5,22.5625,44509700,17.914499282836914,18.807743014391107
2001-02-14,23.25,25.0625,22.6875,25.0,41247400,19.849855422973633,18.46036554336548
2001-02-15,25.5625,26.625,25.1875,25.5,46084700,20.246858596801758,20.29648325022529
2001-02-16,24.0,24.5625,23.1875,24.0,40632200,19.05586814880371,19.05586814880371
2001-02-20,24.375,24.625,23.0,23.125,39873200,18.361129760742188,19.353623261322845
2001-02-21,22.8125,24.25,22.0625,23.0,57591900,18.261871337890625,18.112997386766516
2001-02-22,23.515625,24.1875,22.4375,23.375,54073600,18.559616088867188,18.67127153325208
2001-02-23,22.875,23.1875,20.5625,22.0,72859000,17.467876434326172,18.162621519782327
2001-02-26,22.375,23.25,21.5625,23.1875,44847400,18.410736083984375,17.765615951661474
2001-02-27,22.4375,22.6875,21.5625,21.6875,41584600,17.219764709472656,17.81526089539102
2001-02-28,21.875,22.0,18.8125,19.0,62362300,15.085896492004395,17.368630829610325
2001-03-01,19.0,21.5,18.75,21.375,76869400,16.971630096435547,15.085893419053818
2001-03-02,16.25,17.9375,15.75,16.875,224088800,13.398653984069824,12.902407540215385
2001-03-05,17.3125,17.375,16.6875,17.0,51544000,13.497900009155273,13.746023171088273
2001-03-06,17.75,18.0,17.375,17.625,57448400,13.99415397644043,14.093403295422277
2001-03-07,18.3125,18.75,17.8125,18.625,52486500,14.788147926330566,14.540024638976027
2001-03-08,18.390625,18.5,17.3125,17.5,40342100,13.894902229309082,14.602053503479278
2001-03-09,17.125,17.1875,16.125,16.375,58409900,13.001659393310547,13.59715524338584
2001-03-12,16.0,16.375,15.0625,15.1875,66843000,12.058788299560547,12.703908661265432
2001-03-13,15.9375,17.0,15.375,16.9375,57981600,13.448278427124023,12.654284128843639
2001-03-14,16.25,16.75,15.5625,16.0625,52862100,12.75353717803955,12.902411152880479
2001-03-15,16.5,16.625,14.5,14.6875,77834800,11.66179370880127,13.100908677121426
2001-03-16,14.1875,14.625,13.5,14.0625,89327600,11.165545463562012,11.264794756571451
2001-03-19,14.375,15.6875,14.1875,15.4375,50443200,12.257285118103027,11.413666304306462
2001-03-20,15.875,16.0625,14.3125,14.375,65545100,11.413671493530273,12.604663301550824
2001-03-21,14.75,16.0,14.25,14.75,50574600,11.711416244506836,11.711416244506836
2001-03-22,15.25,15.625,14.375,15.5,63980900,12.306914329528809,12.1084157113106
2001-03-23,16.3125,16.5625,15.671875,15.875,72068300,12.60466194152832,12.952034514720046
2001-03-26,16.31999969482422,16.3700008392334,15.399999618530273,15.4399995803833,34392600,12.259273529052734,12.95798871051138
2001-03-27,16.040000915527344,16.5,15.460000038146973,16.420000076293945,43943800,13.037384986877441,12.73566785346786
2001-03-28,16.1200008392334,16.139999389648438,14.579999923706055,15.0600004196167,46438000,11.957554817199707,12.799189131320395
2001-03-29,14.609999656677246,15.319999694824219,14.029999732971191,14.329999923706055,54250500,11.37794017791748,11.600258407403915
2001-03-30,14.520000457763672,15.289999961853027,14.319999694824219,14.630000114440918,36956100,11.61613655090332,11.528797451619642
2001-04-02,15.100000381469727,16.020000457763672,15.010000228881836,15.199999809265137,39034400,12.068714141845703,11.989315160032868
2001-04-03,14.630000114440918,15.15999984741211,13.100000381469727,13.15999984741211,71558000,10.448966979980469,11.616139049041474
2001-04-04,13.279999732971191,14.050000190734863,13.0,13.420000076293945,49247500,10.655407905578613,10.5442483857169
2001-04-05,14.479999542236328,14.630000114440918,14.0,14.470000267028809,44283900,11.489100456237793,11.497039825638534
2001-04-06,14.329999923706055,14.449999809265137,13.3100004196167,13.550000190734863,43585800,10.758625030517578,11.377940494194023
2001-04-09,14.100000381469727,14.199999809265137,13.630000114440918,14.050000190734863,28898900,11.155616760253906,11.19531661493046
2001-04-10,14.470000267028809,15.470000267028809,14.25,14.970000267028809,48270800,11.886094093322754,11.489096969698727
2001-04-11,15.600000381469727,15.729999542236328,15.010000228881836,15.529999732971191,66768000,12.330734252929688,12.386314382292834
2001-04-12,15.449999809265137,16.0,15.34000015258789,15.819999694824219,46220500,12.560988426208496,12.267210653145288
2001-04-16,16.0,16.709999084472656,15.600000381469727,15.960000038146973,43783600,12.672152519226074,12.703912269611616
2001-04-17,15.470000267028809,16.649999618530273,15.40999984741211,16.219999313354492,40606700,12.878593444824219,12.283098179070304
2001-04-18,17.350000381469727,19.200000762939453,17.0,17.920000076293945,95540700,14.228384017944336,13.77580731517976
2001-04-19,19.65999984741211,20.540000915527344,19.31999969482422,20.31999969482422,103097600,16.133960723876953,15.609924711286656
2001-04-20,20.59000015258789,20.84000015258789,19.31999969482422,19.75,60473500,15.681382179260254,16.348337289304187
2001-04-23,18.329999923706055,18.5,16.920000076293945,17.149999618530273,61003400,13.617000579833984,14.553914002410487
2001-04-24,16.899999618530273,18.079999923706055,16.719999313354492,16.969999313354492,53129800,13.474081993103027,13.418502637433196
2001-04-25,17.110000610351562,17.579999923706055,16.649999618530273,17.25,42959000,13.69639778137207,13.585239095588053
2001-04-26,18.15999984741211,18.25,16.799999237060547,16.899999618530273,45575700,13.41850471496582,14.418937815187352
2001-04-27,17.40999984741211,17.469999313354492,16.670000076293945,17.149999618530273,47171900,13.617000579833984,13.82343925891218
2001-04-30,17.770000457763672,17.8799991607666,15.869999885559082,16.15999984741211,92948800,12.830946922302246,14.10927814577706
2001-05-01,16.31999969482422,16.360000610351562,15.520000457763672,16.040000915527344,64021600,12.735671997070312,12.9579894789386
2001-05-02,16.850000381469727,17.229999542236328,16.0,17.170000076293945,65788100,13.632883071899414,13.378805121800553
2001-05-03,16.81999969482422,17.170000076293945,16.209999084472656,16.450000762939453,50568500,13.061209678649902,13.35498678540305
2001-05-04,16.139999389648438,17.200000762939453,15.960000038146973,17.09000015258789,48155400,13.569369316101074,12.815073758008221
2001-05-07,17.139999389648438,17.200000762939453,16.510000228881836,16.8700008392334,46012500,13.394683837890625,13.609061137214017
2001-05-08,17.25,17.270000457763672,16.540000915527344,17.040000915527344,34351300,13.5296630859375,13.696401155692024
2001-05-09,16.65999984741211,17.549999237060547,16.459999084472656,17.059999465942383,41358100,13.54554271697998,13.22794529088427
2001-05-10,17.270000457763672,17.479999542236328,16.3799991607666,16.389999389648438,40520200,13.013568878173828,13.712284859824013
2001-05-11,16.3799991607666,16.520000457763672,15.859999656677246,15.899999618530273,34225400,12.62451171875,13.005628699337532
2001-05-14,16.079999923706055,16.489999771118164,16.0,16.040000915527344,27117300,12.735671997070312,12.76743098829824
2001-05-15,16.209999084472656,16.5,15.680000305175781,15.930000305175781,38532000,12.648329734802246,12.870647174729621
2001-05-16,15.720000267028809,16.420000076293945,15.449999809265137,16.399999618530273,61700300,13.021510124206543,12.481594353109486
2001-05-17,16.420000076293945,16.790000915527344,15.949999809265137,16.1200008392334,44326500,12.799189567565918,13.037387266409565
2001-05-18,16.010000228881836,16.350000381469727,15.880000114440918,16.280000686645508,29843000,12.92623233795166,12.71185343738629
2001-05-21,16.270000457763672,18.209999084472656,16.190000534057617,18.100000381469727,68843600,14.371299743652344,12.918289971267738
2001-05-22,18.350000381469727,18.520000457763672,17.459999084472656,17.579999923706055,61060300,13.95842170715332,14.569797768064056
2001-05-23,17.209999084472656,17.260000228881836,16.75,16.829999923706055,41615300,13.362931251525879,13.664648582719035
2001-05-24,16.860000610351562,17.399999618530273,16.31999969482422,17.299999237060547,30695500,13.736102104187012,13.386745669001204
2001-05-25,16.969999313354492,17.149999618530273,16.420000076293945,16.510000228881836,27635500,13.108851432800293,13.474088233162506
2001-05-29,16.3700008392334,16.43000030517578,15.4399995803833,15.609999656677246,44873200,12.39425277709961,12.997689482715826
2001-05-30,15.359999656677246,16.0,14.449999809265137,14.510000228881836,60895300,11.520857810974121,12.195752531344151
2001-05-31,14.649999618530273,15.890000343322754,14.600000381469727,15.300000190734863,77868700,12.148115158081055,11.632018314582867
2001-06-01,15.5,15.989999771118164,15.260000228881836,15.859999656677246,38975400,12.592755317687988,12.306917506267885
2001-06-04,16.530000686645508,16.540000915527344,15.930000305175781,16.059999465942383,34347900,12.751548767089844,13.124727078776417
2001-06-05,16.1200008392334,16.959999084472656,16.09000015258789,16.760000228881836,37528800,13.307350158691406,12.799194080941238
2001-06-06,16.940000534057617,17.239999771118164,16.799999237060547,17.0,43538700,13.497900009155273,13.450260786102744
2001-06-07,16.860000610351562,17.399999618530273,16.610000610351562,17.329999923706055,33703600,13.75992202758789,13.386745228208273
2001-06-08,17.280000686645508,17.5,16.920000076293945,17.010000228881836,21379300,13.50584888458252,13.72022779888333
2001-06-11,17.0,17.010000228881836,16.020000457763672,16.190000534057617,26158600,12.85477066040039,13.49790574540749
2001-06-12,16.010000228881836,16.360000610351562,15.34000015258789,16.139999389648438,35267300,12.815070152282715,12.711851538406536
2001-06-13,16.350000381469727,16.450000762939453,15.34000015258789,15.5,34243200,12.306914329528809,12.981809934355566
2001-06-14,15.359999656677246,15.369999885559082,14.699999809265137,14.850000381469727,45062500,11.790817260742188,12.195753833308638
2001-06-15,14.75,15.5,14.65999984741211,15.0,59629800,11.909916877746582,11.711418263117473
2001-06-18,15.229999542236328,15.300000190734863,14.619999885559082,14.84000015258789,51419000,11.782877922058105,12.09253527722352
2001-06-19,17.049999237060547,17.079999923706055,16.440000534057617,16.760000228881836,123132300,13.307350158691406,13.53760781351274
2001-06-20,16.520000457763672,17.770000457763672,16.440000534057617,17.520000457763672,64848800,13.910783767700195,13.11678928115691
2001-06-21,17.459999084472656,18.040000915527344,17.299999237060547,17.899999618530273,42898000,14.21250057220459,13.863142584755778
2001-06-22,17.799999237060547,17.969999313354492,17.350000381469727,17.479999542236328,29738200,13.879018783569336,14.133096694982918
2001-06-25,17.649999618530273,18.059999465942383,17.510000228881836,17.770000457763672,30607400,14.109284400939941,14.01400438262369
2001-06-26,17.350000381469727,19.0,17.010000228881836,18.440000534057617,58071400,14.64126205444336,13.775807747978062
2001-06-27,18.559999465942383,18.84000015258789,17.700000762939453,18.040000915527344,56799800,14.323664665222168,14.736540745296852
2001-06-28,18.389999389648438,19.6299991607666,18.290000915527344,19.18000030517578,72499100,15.228811264038086,14.601555025792008
2001-06-29,19.190000534057617,20.020000457763672,17.799999237060547,19.0,60090400,15.085896492004395,15.236755880963278
2001-07-02,19.239999771118164,20.0,19.06999969482422,19.579999923706055,29413600,15.546402931213379,15.27644484186703
2001-07-03,19.389999389648438,20.0,18.780000686645508,19.770000457763672,22039400,15.69726848602295,15.395549788346447
2001-07-05,19.3799991607666,19.90999984741211,18.899999618530273,18.93000030517578,29051400,15.030314445495605,15.387611021861424
2001-07-06,18.6299991607666,18.950000762939453,18.040000915527344,18.209999084472656,28647000,14.458638191223145,14.792115920422939
2001-07-09,18.18000030517578,19.329999923706055,18.100000381469727,18.90999984741211,32770400,15.014433860778809,14.434818316952871
2001-07-10,19.09000015258789,19.459999084472656,17.559999465942383,17.59000015258789,37848700,13.966367721557617,15.157359842115062
2001-07-11,17.56999969482422,18.100000381469727,17.459999084472656,18.0,35511200,14.29189682006836,13.950479042614461
2001-07-12,18.93000030517578,19.93000030517578,18.200000762939453,19.65999984741211,45614700,15.609931945800781,15.030316316949452
2001-07-13,19.260000228881836,19.899999618530273,19.100000381469727,19.540000915527344,31009700,15.514654159545898,15.292335141418913
2001-07-16,19.309999465942383,19.790000915527344,18.510000228881836,18.700000762939453,27119500,14.847689628601074,15.33202497868226
2001-07-17,18.520000457763672,19.579999923706055,18.459999084472656,19.5,30114100,15.482897758483887,14.70478326023742
2001-07-18,18.84000015258789,19.40999984741211,18.579999923706055,18.780000686645508,27427000,14.911219596862793,14.958858850305289
2001-07-19,19.040000915527344,19.690000534057617,18.56999969482422,19.170000076293945,32984700,15.220865249633789,15.117646694562378
2001-07-20,19.020000457763672,19.15999984741211,18.700000762939453,19.06999969482422,25359300,15.141477584838867,15.101778458497675
2001-07-23,19.1299991607666,19.299999237060547,18.100000381469727,18.1299991607666,25795800,14.395124435424805,15.189119201104436
2001-07-24,18.209999084472656,18.700000762939453,17.8799991607666,18.209999084472656,33028800,14.458638191223145,14.458638191223145
2001-07-25,18.389999389648438,19.34000015258789,18.309999465942383,19.260000228881836,36470800,15.292339324951172,14.601563214440096
2001-07-26,19.079999923706055,19.549999237060547,18.68000030517578,19.40999984741211,36148800,15.411426544189453,15.149408531630733
2001-07-27,19.139999389648438,20.0,18.75,19.059999465942383,28020000,15.133533477783203,15.197052971883346
2001-07-30,19.06999969482422,19.18000030517578,18.450000762939453,18.670000076293945,25210800,14.823869705200195,15.141467037979616
2001-07-31,18.600000381469727,18.959999084472656,18.040000915527344,18.079999923706055,43749700,14.355416297912598,14.768293680534425
2001-08-01,18.360000610351562,18.84000015258789,18.100000381469727,18.31999969482422,37145400,14.545977592468262,14.577738096323692
2001-08-02,18.670000076293945,18.850000381469727,17.979999542236328,18.309999465942383,33431000,14.53803825378418,14.823876746265386
2001-08-03,18.31999969482422,18.34000015258789,17.899999618530273,18.0,28608900,14.29189682006836,14.545974743450643
2001-08-06,17.68000030517578,18.010000228881836,17.309999465942383,17.459999084472656,24829900,13.863136291503906,14.03781596314358
2001-08-07,17.399999618530273,17.440000534057617,17.010000228881836,17.239999771118164,33877700,13.688462257385254,13.815501230793895
2001-08-08,17.040000915527344,17.600000381469727,16.149999618530273,16.299999237060547,47257900,12.942103385925293,13.529660359958786
2001-08-09,16.31999969482422,16.420000076293945,15.850000381469727,15.989999771118164,46391600,12.69597339630127,12.957991552156473
2001-08-10,15.779999732971191,15.920000076293945,15.0,15.15999984741211,61738800,12.03695297241211,12.529229327325762
2001-08-13,15.039999961853027,15.90999984741211,14.770000457763672,15.6899995803833,47255700,12.457771301269531,11.941675264932687
2001-08-14,15.930000305175781,16.31999969482422,15.460000038146973,15.550000190734863,37069400,12.346612930297852,12.648330889714108
2001-08-15,15.609999656677246,15.819999694824219,14.960000038146973,15.010000228881836,33463100,11.917856216430664,12.394252405728995
2001-08-16,14.819999694824219,15.350000381469727,14.670000076293945,15.3100004196167,38077500,12.15605354309082,11.766995745345845
2001-08-17,14.899999618530273,15.09000015258789,14.630000114440918,14.720000267028809,25901300,11.68759822845459,11.830516711033948
2001-08-20,14.699999809265137,14.920000076293945,14.420000076293945,14.8100004196167,25332300,11.75905704498291,11.671717178983066
2001-08-21,14.869999885559082,15.25,14.079999923706055,14.130000114440918,28873200,11.219141960144043,11.806697686641451
2001-08-22,14.380000114440918,14.779999732971191,14.020000457763672,14.640000343322754,28870500,11.624078750610352,11.417640016674282
2001-08-23,14.520000457763672,15.029999732971191,14.0,14.010000228881836,31620300,11.123862266540527,11.528799611958293
2001-08-24,14.40999984741211,15.289999961853027,14.109999656677246,15.1899995803833,33658100,12.060774803161621,11.44145937289389
2001-08-27,15.130000114440918,15.279999732971191,14.75,14.930000305175781,23745200,11.854337692260742,12.013136434990491
2001-08-28,14.9399995803833,15.0,13.979999542236328,14.010000228881836,36618900,11.123862266540527,11.862276579535866
2001-08-29,14.199999809265137,14.210000038146973,13.239999771118164,13.350000381469727,43939900,10.599822998046875,11.274717621688866
2001-08-30,13.079999923706055,13.399999618530273,11.819999694824219,12.0,76405600,9.527934074401855,10.38544808052105
2001-08-31,12.100000381469727,12.829999923706055,12.039999961853027,12.210000038146973,38723800,9.694673538208008,9.607334409832157
2001-09-04,12.529999732971191,13.029999732971191,12.010000228881836,12.079999923706055,45400800,9.591449737548828,9.948746970970413
2001-09-05,12.25,12.539999961853027,11.619999885559082,12.069999694824219,58220600,9.583514213562012,9.726433478409826
2001-09-06,11.819999694824219,12.050000190734863,10.850000381469727,10.920000076293945,74982200,8.670419692993164,9.385014414757997
2001-09-07,10.859999656677246,11.3100004196167,10.550000190734863,11.069999694824219,48172100,8.78951644897461,8.622777619664513
2001-09-10,10.890000343322754,11.520000457763672,10.850000381469727,11.460000038146973,53889500,9.099176406860352,8.646599813684286
2001-09-17,10.289999961853027,11.300000190734863,10.239999771118164,11.010000228881836,63861900,8.741877555847168,8.17020143925345
2001-09-18,10.949999809265137,11.630000114440918,10.699999809265137,11.380000114440918,77758800,9.035658836364746,8.694240908594193
2001-09-19,11.229999542236328,11.529999732971191,10.260000228881836,11.199999809265137,67253400,8.892735481262207,8.91655509683047
2001-09-20,10.789999961853027,11.539999961853027,10.739999771118164,11.3100004196167,57281700,8.980074882507324,8.567197528271636
2001-09-21,10.1899995803833,11.149999618530273,10.15999984741211,10.760000228881836,80169100,8.543379783630371,8.090802468253804
2001-09-24,11.300000190734863,12.739999771118164,11.25,12.520000457763672,76525500,9.94080924987793,8.972135967456996
2001-09-25,12.65999984741211,13.0600004196167,12.149999618530273,12.25,57355300,9.726430892944336,10.051968458819568
2001-09-26,12.489999771118164,12.539999961853027,11.920000076293945,12.199999809265137,39057600,9.686731338500977,9.916989679694755
2001-09-27,11.970000267028809,12.319999694824219,11.770000457763672,12.039999961853027,41609600,9.559694290161133,9.50411491432689
2001-09-28,12.170000076293945,12.739999771118164,12.069999694824219,12.579999923706055,44276500,9.988448143005371,9.662910604106125
2001-10-01,12.470000267028809,12.699999809265137,12.180000305175781,12.579999923706055,30206800,9.988448143005371,9.901109043392294
2001-10-02,12.520000457763672,12.84000015258789,12.34000015258789,12.600000381469727,42296100,10.004329681396484,9.940810190363852
2001-10-03,12.369999885559082,14.15999984741211,12.229999542236328,13.65999984741211,71058700,10.845962524414062,9.821709859769696
2001-10-04,14.100000381469727,14.59000015258789,13.609999656677246,13.789999961853027,57506300,10.94918155670166,11.195320127145923
2001-10-05,13.510000228881836,14.420000076293945,13.369999885559082,14.199999809265137,39470600,11.2747220993042,10.726866210434238
2001-10-08,13.8100004196167,14.399999618530273,13.630000114440918,13.899999618530273,30967900,11.03652286529541,10.965063998825817
2001-10-09,14.020000457763672,14.050000190734863,13.420000076293945,13.699999809265137,28599600,10.877724647521973,11.13180340590571
2001-10-10,13.5,14.449999809265137,13.380000114440918,14.289999961853027,38833200,11.34617805480957,10.718922613633564
2001-10-11,14.529999732971191,15.0,14.5,14.970000267028809,49702400,11.886094093322754,11.536736200494934
2001-10-12,14.5600004196167,14.949999809265137,14.199999809265137,14.9399995803833,41655100,11.862275123596191,11.560557940306053
2001-10-15,14.470000267028809,14.739999771118164,14.210000038146973,14.4399995803833,49779400,11.465277671813965,11.48909804665685
2001-10-16,14.550000190734863,14.979999542236328,14.390000343322754,14.9399995803833,32793500,11.862275123596191,11.552617815163678
2001-10-17,15.270000457763672,15.350000381469727,13.630000114440918,13.65999984741211,54189200,10.845962524414062,12.124293891852913
2001-10-18,13.710000038146973,14.460000038146973,13.59000015258789,14.260000228881836,40798900,11.32236099243164,10.885663895274956
2001-10-19,14.079999923706055,14.609999656677246,13.850000381469727,14.539999961853027,35524500,11.544677734375,11.179440305754662
2001-10-22,14.319999694824219,14.989999771118164,14.210000038146973,14.949999809265137,24091900,11.87021255493164,11.369996142660492
2001-10-23,15.039999961853027,15.479999542236328,14.800000190734863,15.010000228881836,38775600,11.917856216430664,11.941675836592562
2001-10-24,14.670000076293945,15.069999694824219,14.430000305175781,14.65999984741211,59223700,11.639961242675781,11.64790137076678
2001-10-25,14.0,14.100000381469727,13.260000228881836,13.949999809265137,82909100,11.076220512390137,11.115920379473511
2001-10-26,13.710000038146973,14.079999923706055,13.399999618530273,13.579999923706055,46623900,10.78244400024414,10.885663364151323
2001-10-29,13.420000076293945,13.859999656677246,13.210000038146973,13.399999618530273,39469900,10.63952350616455,10.655403755908466
2001-10-30,13.329999923706055,13.819999694824219,13.100000381469727,13.5,39623500,10.718921661376953,10.583942587286367
2001-10-31,13.869999885559082,14.180000305175781,13.470000267028809,13.5600004196167,36448300,10.76656436920166,11.012702208523434
2001-11-01,13.59000015258789,14.220000267028809,13.420000076293945,14.170000076293945,37005300,11.250899314880371,10.790382680503484
2001-11-02,14.109999656677246,14.550000190734863,13.899999618530273,14.449999809265137,30795000,11.473221778869629,11.203263494649502
2001-11-05,14.819999694824219,15.149999618530273,14.600000381469727,14.960000038146973,35243400,11.878155708312988,11.766996224826054
2001-11-06,14.680000305175781,15.289999961853027,14.4399995803833,15.220000267028809,34708200,12.084596633911133,11.65583962952015
2001-11-07,15.0600004196167,15.9399995803833,15.0,15.579999923706055,44046600,12.370431900024414,11.957555232188481
2001-11-08,15.630000114440918,16.280000686645508,15.220000267028809,15.449999809265137,46697600,12.267216682434082,12.4101359558163
2001-11-09,15.369999885559082,15.6899995803833,15.180000305175781,15.380000114440918,29770800,12.211631774902344,12.203691650594083
2001-11-12,15.140000343322754,15.529999732971191,14.640000343322754,15.399999618530273,27878300,12.22751522064209,12.021077222349511
2001-11-13,15.130000114440918,15.270000457763672,14.279999732971191,14.520000457763672,89914000,11.528800010681152,12.013136362382568
2001-11-14,14.829999923706055,15.069999694824219,14.199999809265137,14.920000076293945,52842700,11.846396446228027,11.774936829450196
2001-11-15,14.680000305175781,15.25,14.5,14.789999961853027,41385800,11.743173599243164,11.655834514216133
2001-11-16,14.859999656677246,14.920000076293945,14.369999885559082,14.550000190734863,40618100,11.552618026733398,11.798755852958598
2001-11-19,14.819999694824219,15.050000190734863,14.5,14.869999885559082,30458900,11.806695938110352,11.766996069018399
2001-11-20,14.800000190734863,15.180000305175781,14.539999961853027,14.5600004196167,40052100,11.56056022644043,11.751118724268858
2001-11-21,14.5,14.720000267028809,13.970000267028809,14.079999923706055,33836400,11.179436683654785,11.512914260750001
2001-11-23,14.140000343322754,14.449999809265137,14.079999923706055,14.40999984741211,10846300,11.441458702087402,11.22708061684563
2001-11-26,14.539999961853027,14.789999961853027,14.449999809265137,14.739999771118164,32643100,11.703479766845703,11.54468100446757
2001-11-27,14.569999694824219,14.920000076293945,14.229999542236328,14.420000076293945,36021500,11.449398040771484,11.568496884698702
2001-11-28,14.319999694824219,14.880000114440918,14.069999694824219,14.119999885559082,30083900,11.211200714111328,11.369999440926378
2001-11-29,14.319999694824219,14.5,14.0,14.1899995803833,36810100,11.266777038574219,11.369996372450718
2001-11-30,14.40999984741211,14.779999732971191,13.680000305175781,14.029999732971191,74143100,11.139739036560059,11.441456940287939
2001-12-03,13.819999694824219,14.270000457763672,13.649999618530273,13.699999809265137,42093800,10.877724647521973,10.97300389796131
2001-12-04,13.869999885559082,13.899999618530273,13.319999694824219,13.800000190734863,47757100,10.957123756408691,11.01270312658977
2001-12-05,14.5,15.380000114440918,14.449999809265137,15.369999885559082,113746800,12.203690528869629,11.512915678995332
2001-12-06,15.609999656677246,16.030000686645508,15.5,15.899999618530273,67014700,12.62451171875,12.394253353675335
2001-12-07,15.739999771118164,15.949999809265137,15.550000190734863,15.90999984741211,42468600,12.63244915008545,12.49747005895471
2001-12-10,15.640000343322754,16.020000457763672,15.25,15.420000076293945,35877600,12.243395805358887,12.418074815293478
2001-12-11,15.710000038146973,15.760000228881836,15.100000381469727,15.109999656677246,41071500,11.997255325317383,12.473652276696473
2001-12-12,15.279999732971191,15.449999809265137,14.75,15.100000381469727,44940700,11.98931884765625,12.132237361762432
2001-12-13,14.739999771118164,15.25,14.390000343322754,14.670000076293945,52531500,11.647897720336914,11.703477085130842
2001-12-14,14.649999618530273,14.699999809265137,14.3100004196167,14.569999694824219,54346500,11.568497657775879,11.632017146410082
2001-12-17,14.449999809265137,15.0,14.399999618530273,14.789999961853027,32530700,11.743173599243164,11.473215463617278
2001-12-18,15.0,15.300000190734863,14.90999984741211,15.050000190734863,40321500,11.94961929321289,11.909919410402425
2001-12-19,14.8100004196167,15.399999618530273,14.779999732971191,14.920000076293945,59069000,11.846396446228027,11.759057335284046
2001-12-20,14.850000381469727,14.90999984741211,14.399999618530273,14.489999771118164,44289800,11.50497817993164,11.790816636265665
2001-12-21,14.789999961853027,14.9399995803833,14.350000381469727,14.380000114440918,59252900,11.41763687133789,11.743174377443633
2001-12-24,14.40999984741211,14.640000343322754,14.229999542236328,14.34000015258789,12753700,11.385883331298828,11.441462714145016
2001-12-26,14.260000228881836,14.699999809265137,14.079999923706055,14.09000015258789,26817000,11.187379837036133,11.322358928961563
2001-12-27,14.100000381469727,14.25,13.869999885559082,13.989999771118164,31281100,11.10798454284668,11.195324435590022
2001-12-28,14.0600004196167,14.359999656677246,14.010000228881836,14.0600004196167,24629700,11.163562774658203,11.163562774658203
2001-12-31,14.100000381469727,14.229999542236328,13.800000190734863,13.8100004196167,29857600,10.96506118774414,11.19531949545896
2002-01-02,13.979999542236328,14.0600004196167,13.800000190734863,13.979999542236328,42477900,11.100042343139648,11.100042343139648
2002-01-03,14.149999618530273,15.34000015258789,14.100000381469727,15.289999961853027,77498300,12.140172004699707,11.235018290645826
2002-01-04,15.5600004196167,15.890000343322754,15.25,15.449999809265137,42962600,12.267216682434082,12.354556574928669
2002-01-07,15.680000305175781,15.760000228881836,15.270000457763672,15.489999771118164,33672400,12.298972129821777,12.44983147827593
2002-01-08,15.399999618530273,16.010000228881836,15.390000343322754,15.75,39963400,12.505412101745605,12.227513752155314
2002-01-09,16.290000915527344,17.25,16.229999542236328,16.729999542236328,104852700,13.283524513244629,12.934168105378197
2002-01-10,16.649999618530273,17.030000686645508,16.360000610351562,16.690000534057617,42615900,13.251761436462402,13.220000946777171
2002-01-11,16.690000534057617,16.860000610351562,16.200000762939453,16.270000457763672,41520900,12.918289184570312,13.251766891420516
2002-01-14,16.06999969482422,16.68000030517578,16.030000686645508,16.389999389648438,36595900,13.013568878173828,12.759490890091676
2002-01-15,16.479999542236328,17.0,16.399999618530273,16.989999771118164,42148200,13.489959716796875,13.085022539877752
2002-01-16,16.649999618530273,17.040000915527344,16.510000228881836,16.579999923706055,38500400,13.164423942565918,13.220003294963783
2002-01-17,16.93000030517578,17.5,16.790000915527344,17.219999313354492,49705700,13.67258358001709,13.442325982133767
2002-01-18,16.75,16.8700008392334,16.440000534057617,16.479999542236328,44563400,13.085027694702148,13.299406551835325
2002-01-22,16.68000030517578,16.969999313354492,15.920000076293945,15.9399995803833,42317200,12.656266212463379,13.24382244941055
2002-01-23,16.049999237060547,16.950000762939453,15.829999923706055,16.75,45388000,13.299408912658691,12.743612113524073
2002-01-24,17.1200008392334,17.43000030517578,17.030000686645508,17.25,46794400,13.69639778137207,13.593179218061698
2002-01-25,16.969999313354492,17.420000076293945,16.670000076293945,16.690000534057617,41197100,13.251761436462402,13.474078806565014
2002-01-28,16.920000076293945,17.139999389648438,16.75,16.899999618530273,27499800,13.41850471496582,13.434384966022693
2002-01-29,16.809999465942383,17.100000381469727,16.290000915527344,16.5,42884700,13.100906372070312,13.3470441889614
2002-01-30,16.469999313354492,16.700000762939453,15.819999694824219,16.6200008392334,46967300,13.196187019348145,13.077086652998407
2002-01-31,17.0,17.329999923706055,16.649999618530273,17.260000228881836,52355800,13.704340934753418,13.497902248052345
2002-02-01,16.780000686645508,17.030000686645508,16.329999923706055,16.389999389648438,50686200,13.013568878173828,13.323227751270185
2002-02-04,16.440000534057617,16.639999389648438,15.90999984741211,16.1200008392334,40447500,12.799189567565918,13.053267516845553
2002-02-05,15.970000267028809,16.260000228881836,15.779999732971191,15.8100004196167,40088800,12.55305004119873,12.680089006274043
2002-02-06,16.09000015258789,16.170000076293945,15.649999618530273,16.040000915527344,39840500,12.735671997070312,12.775371114711287
2002-02-07,15.899999618530273,16.469999313354492,15.739999771118164,15.920000076293945,34368100,12.640390396118164,12.624510145300178
2002-02-08,15.989999771118164,16.25,15.359999656677246,16.18000030517578,35752800,12.846831321716309,12.69597194186244
2002-02-11,16.059999465942383,16.399999618530273,15.930000305175781,16.350000381469727,27446200,12.98180866241455,12.751549560918274
2002-02-12,16.18000030517578,16.600000381469727,16.0,16.18000030517578,27703500,12.846831321716309,12.846831321716309
2002-02-13,16.3799991607666,16.40999984741211,16.040000915527344,16.1200008392334,24804300,12.799189567565918,13.005626765537594
2002-02-14,16.190000534057617,16.860000610351562,16.079999923706055,16.31999969482422,31951400,12.957988739013672,12.854770130386548
2002-02-15,16.3700008392334,16.440000534057617,15.40999984741211,15.489999771118164,35977500,12.298972129821777,12.997687996244375
2002-02-19,15.329999923706055,15.600000381469727,14.510000228881836,14.789999961853027,46342700,11.743173599243164,12.17193041546903
2002-02-20,15.109999656677246,15.75,14.949999809265137,15.510000228881836,42658600,12.314852714538574,11.997254515973893
2002-02-21,15.520000457763672,15.800000190734863,15.239999771118164,15.260000228881836,35673800,12.116353988647461,12.322792701819914
2002-02-22,15.289999961853027,15.6899995803833,14.720000267028809,15.5,31700700,12.306914329528809,12.140175459937028
2002-02-25,15.579999923706055,16.450000762939453,15.520000457763672,16.34000015258789,41281500,12.973867416381836,12.37043154650082
2002-02-26,16.329999923706055,16.81999969482422,16.270000457763672,16.530000686645508,41557900,13.124724388122559,12.965924945777994
2002-02-27,16.719999313354492,16.889999389648438,15.989999771118164,16.3700008392334,40283300,12.997688293457031,13.275585106932368
2002-02-28,16.389999389648438,16.950000762939453,16.3799991607666,16.6200008392334,48930600,13.196187019348145,13.013567164343112
2002-03-01,16.65999984741211,16.719999313354492,15.550000190734863,15.989999771118164,78055500,12.69597339630127,13.22794983569511
2002-03-04,13.949999809265137,14.050000190734863,12.949999809265137,13.670000076293945,208718700,10.853900909423828,11.076219076166543
2002-03-05,13.970000267028809,14.140000343322754,13.670000076293945,13.850000381469727,72999800,10.996826171875,11.092105438719184
2002-03-06,13.800000190734863,14.210000038146973,13.630000114440918,14.140000343322754,47536200,11.227080345153809,10.957122145876156
2002-03-07,14.470000267028809,14.529999732971191,13.720000267028809,14.0,38756800,11.115921974182129,11.489099566763343
2002-03-08,14.420000076293945,14.550000190734863,14.100000381469727,14.199999809265137,42591600,11.2747220993042,11.449401106757714
2002-03-11,14.149999618530273,14.75,14.039999961853027,14.5,31683800,11.512916564941406,11.235018276006329
2002-03-12,14.390000343322754,14.630000114440918,14.239999771118164,14.4399995803833,30116900,11.465277671813965,11.425578561499808
2002-03-13,14.329999923706055,14.40999984741211,13.859999656677246,13.890000343322754,33362500,11.028583526611328,11.377940762319671
2002-03-14,13.960000038146973,14.079999923706055,13.380000114440918,13.4399995803833,46463700,10.671286582946777,11.08416411875853
2002-03-15,12.899999618530273,13.029999732971191,12.59000015258789,12.600000381469727,121186000,10.004329681396484,10.242527394162826
2002-03-18,12.829999923706055,13.010000228881836,12.470000267028809,12.600000381469727,49182600,10.004329681396484,10.186948028812289
2002-03-19,12.739999771118164,13.15999984741211,12.699999809265137,12.8100004196167,37202500,10.171067237854004,10.115487122377841
2002-03-20,12.65999984741211,13.050000190734863,12.520000457763672,12.539999961853027,35961200,9.95669174194336,10.051970998180591
2002-03-21,12.649999618530273,13.25,12.4399995803833,13.149999618530273,49338700,10.441025733947754,10.044028546235488
2002-03-22,13.260000228881836,13.5,12.770000457763672,12.850000381469727,40552600,10.202831268310547,10.52836894449701
2002-03-25,12.920000076293945,13.0,12.5,12.520000457763672,30843100,9.94080924987793,10.258406674993651
2002-03-26,12.510000228881836,13.0,12.460000038146973,12.710000038146973,37668400,10.091667175292969,9.932868473155427
2002-03-27,12.729999542236328,12.819999694824219,12.550000190734863,12.630000114440918,28081700,10.028149604797363,10.107548592385646
2002-03-28,12.75,12.890000343322754,12.59000015258789,12.800000190734863,24038700,10.163127899169922,10.123428029962957
2002-04-01,12.600000381469727,12.890000343322754,12.5,12.84000015258789,28660500,10.194890975952148,10.004332450116772
2002-04-02,12.569999694824219,12.710000038146973,12.470000267028809,12.529999732971191,28503600,9.948744773864746,9.980504504105836
2002-04-03,12.550000190734863,12.720000267028809,12.319999694824219,12.479999542236328,29135700,9.909049987792969,9.964630112039162
2002-04-04,12.359999656677246,12.59000015258789,12.039999961853027,12.220000267028809,31358700,9.702611923217773,9.813770656242614
2002-04-05,12.34000015258789,12.529999732971191,12.029999732971191,12.130000114440918,25132200,9.631152153015137,9.797891007133087
2002-04-08,11.960000038146973,12.369999885559082,11.770000457763672,12.34000015258789,29156800,9.797886848449707,9.496169013956063
2002-04-09,12.329999923706055,12.380000114440918,11.829999923706055,11.979999542236328,36219100,9.512054443359375,9.789952841602144
2002-04-10,11.920000076293945,12.079999923706055,10.859999656677246,11.550000190734863,60553900,9.170638084411621,9.464416005251653
2002-04-11,11.329999923706055,11.4399995803833,10.90999984741211,10.9399995803833,41736500,8.686297416687012,8.995955470128436
2002-04-12,11.09000015258789,11.600000381469727,10.920000076293945,11.510000228881836,45762600,9.138872146606445,8.805394568631783
2002-04-15,11.609999656677246,11.779999732971191,11.289999961853027,11.300000190734863,34398400,8.972134590148926,9.21827236752612
2002-04-16,11.6899995803833,12.279999732971191,11.539999961853027,12.0600004196167,29575900,9.575570106506348,9.281791594709398
2002-04-17,12.010000228881836,12.149999618530273,11.680000305175781,11.779999732971191,32665700,9.353254318237305,9.53587343371587
2002-04-18,11.850000381469727,12.050000190734863,11.59000015258789,11.649999618530273,32099900,9.250038146972656,9.408837696087746
2002-04-19,11.880000114440918,12.100000381469727,11.75,11.930000305175781,26765600,9.472354888916016,9.432655011377149
2002-04-22,11.75,11.8100004196167,11.329999923706055,11.430000305175781,41638100,9.075356483459473,9.329434456126979
2002-04-23,11.4399995803833,11.460000038146973,10.880000114440918,11.119999885559082,52599600,8.829217910766602,9.083295884333037
2002-04-24,11.039999961853027,11.130000114440918,10.5,10.5,57097300,8.336941719055176,8.765698691460956
2002-04-25,10.5,10.90999984741211,10.449999809265137,10.5,44673800,8.336941719055176,8.336941719055176
2002-04-26,10.6899995803833,10.829999923706055,10.100000381469727,10.130000114440918,39596300,8.04316520690918,8.487801748811536
2002-04-29,10.220000267028809,10.449999809265137,10.130000114440918,10.430000305175781,42502700,8.281362533569336,8.114623665201762
2002-04-30,10.329999923706055,10.470000267028809,10.0,10.039999961853027,69154400,7.971704006195068,8.201962359430512
2002-05-01,9.930000305175781,10.0,8.880000114440918,9.449999809265137,108231800,7.503249168395996,7.884366987915961
2002-05-02,9.34000015258789,9.510000228881836,8.149999618530273,8.550000190734863,127028400,6.78865385055542,7.415909542173274
2002-05-03,8.460000038146973,8.539999961853027,7.840000152587891,8.430000305175781,110031900,6.69337272644043,6.717192345325447
2002-05-06,8.25,8.510000228881836,8.149999618530273,8.220000267028809,64023900,6.526633262634277,6.550452879266808
2002-05-07,8.25,8.4399995803833,7.5,8.25,100174400,6.550453186035156,6.550453186035156
2002-05-08,8.699999809265137,9.180000305175781,8.520000457763672,9.149999618530273,64747900,7.265048980712891,6.907751626404606
2002-05-09,9.039999961853027,9.069999694824219,8.40999984741211,8.479999542236328,44338200,6.733070373535156,7.177707453491189
2002-05-10,8.5,8.630000114440918,8.0,8.010000228881836,51678300,6.359894752502441,6.748951791705153
2002-05-13,8.199999809265137,8.5600004196167,8.079999923706055,8.470000267028809,47133400,6.725132465362549,6.510753623931156
2002-05-14,8.90999984741211,9.050000190734863,8.569999694824219,8.8100004196167,69514000,6.995092868804932,7.074491875721969
2002-05-15,8.649999618530273,9.720000267028809,8.550000190734863,9.1899995803833,84175000,7.296806812286377,6.868049948282341
2002-05-16,9.270000457763672,9.65999984741211,9.1899995803833,9.579999923706055,44102600,7.606463432312012,7.360325684868817
2002-05-17,9.770000457763672,10.0,9.380000114440918,9.5600004196167,46574200,7.590590000152588,7.7573289247994115
2002-05-20,9.380000114440918,9.449999809265137,8.600000381469727,9.109999656677246,36387600,7.233287334442139,7.4476661450938035
2002-05-21,9.170000076293945,9.399999618530273,8.739999771118164,8.850000381469727,42013800,7.026848316192627,7.280926194140051
2002-05-22,8.720000267028809,8.920000076293945,8.4399995803833,8.800000190734863,59710300,6.987152099609375,6.923632597021197
2002-05-23,9.020000457763672,9.40999984741211,8.800000190734863,9.369999885559082,43943400,7.439729690551758,7.161832020706667
2002-05-24,9.199999809265137,9.239999771118164,8.789999961853027,8.850000381469727,28872400,7.026848316192627,7.304745805894671
2002-05-28,9.050000190734863,9.0600004196167,8.569999694824219,8.9399995803833,30326100,7.098306655883789,7.185646488239385
2002-05-29,8.84000015258789,8.9399995803833,8.399999618530273,8.399999618530273,37093300,6.669551372528076,7.018909265278853
2002-05-30,8.350000381469727,8.779999732971191,8.25,8.420000076293945,45703700,6.685432434082031,6.629853072334608
2002-05-31,8.479999542236328,8.520000457763672,7.840000152587891,7.920000076293945,52579400,6.288437366485596,6.733073923672588
2002-06-03,7.800000190734863,8.1899995803833,7.269999980926514,7.320000171661377,86670000,5.812039375305176,6.193156717597418
2002-06-04,7.46999979019165,8.069999694824219,7.25,7.820000171661377,80771800,6.209038257598877,5.931139829080295
2002-06-05,7.869999885559082,8.670000076293945,7.590000152587891,8.65999984741211,60986500,6.875990390777588,6.248734935566541
2002-06-06,8.449999809265137,8.489999771118164,8.0600004196167,8.149999618530273,59408000,6.4710516929626465,6.709250077380982
2002-06-07,7.929999828338623,8.729999542236328,7.869999885559082,8.359999656677246,54034000,6.637791633605957,6.29637424362815
2002-06-10,8.420000076293945,8.430000305175781,8.079999923706055,8.140000343322754,38192900,6.46311616897583,6.685434439878546
2002-06-11,8.289999961853027,8.479999542236328,7.96999979019165,8.029999732971191,39634900,6.375774383544922,6.5822130951446365
2002-06-12,7.909999847412109,8.300000190734863,7.730000019073486,8.260000228881836,61515800,6.558395862579346,6.280497437624582
2002-06-13,8.199999809265137,8.420000076293945,8.079999923706055,8.260000228881836,45476900,6.558395862579346,6.510755851336821
2002-06-14,8.130000114440918,8.600000381469727,7.940000057220459,8.569999694824219,45042200,6.804529666900635,6.455172571829768
2002-06-17,8.699999809265137,9.380000114440918,8.670000076293945,9.199999809265137,73449200,7.304747104644775,6.907749971161778
2002-06-18,9.039999961853027,9.140000343322754,8.699999809265137,8.979999542236328,87006200,7.130069732666016,7.177709732405899
2002-06-19,9.4399995803833,9.520000457763672,8.529999732971191,8.800000190734863,111863800,6.987152099609375,7.495308120314799
2002-06-20,8.649999618530273,8.800000190734863,8.369999885559082,8.460000038146973,56839400,6.717193126678467,6.868051740114366
2002-06-21,8.289999961853027,8.680000305175781,8.079999923706055,8.119999885559082,62786500,6.447234153747559,6.582213256391542
2002-06-24,8.029999732971191,8.770000457763672,7.929999828338623,8.609999656677246,59579000,6.836291790008545,6.3757750798177035
2002-06-25,8.710000038146973,8.859999656677246,8.319999694824219,8.699999809265137,57016100,6.907750606536865,6.915690731667723
2002-06-26,8.199999809265137,9.5,8.149999618530273,9.170000076293945,76641800,7.2809295654296875,6.510754694772647
2002-06-27,9.350000381469727,9.699999809265137,9.109999656677246,9.680000305175781,80203600,7.685866832733154,7.423848714091083
2002-06-28,9.5,9.920000076293945,9.350000381469727,9.470000267028809,51290300,7.51912784576416,7.542947467853775
2002-07-01,9.300000190734863,9.369999885559082,8.930000305175781,9.0,42506500,7.14594841003418,7.384146841811041
2002-07-02,8.880000114440918,9.0,8.609999656677246,8.680000305175781,48316200,6.891871452331543,7.050670176696132
2002-07-03,8.579999923706055,9.630000114440918,8.539999961853027,9.550000190734863,50001600,7.582646369934082,6.812471620539117
2002-07-05,9.800000190734863,10.050000190734863,9.760000228881836,9.979999542236328,24017600,7.9240617752075195,7.781143333702732
2002-07-08,9.760000228881836,10.079999923706055,9.239999771118164,9.3100004196167,47165100,7.392085075378418,7.749382253043734
2002-07-09,9.4399995803833,9.899999618530273,9.34000015258789,9.399999618530273,47022800,7.463546276092529,7.49530601848055
2002-07-10,9.529999732971191,9.640000343322754,8.949999809265137,8.979999542236328,53667200,7.130069732666016,7.566766827635197
2002-07-11,8.869999885559082,9.529999732971191,8.710000038146973,9.420000076293945,73131400,7.479425430297852,7.042728468521454
2002-07-12,9.5600004196167,9.829999923706055,9.420000076293945,9.680000305175781,50084300,7.685866832733154,7.590587585700778
2002-07-15,9.479999542236328,10.170000076293945,9.399999618530273,10.149999618530273,62672400,8.059042930603027,7.527066617175138
2002-07-16,9.960000038146973,10.479999542236328,9.880000114440918,9.989999771118164,79162800,7.932002544403076,7.908182928416011
2002-07-17,10.430000305175781,10.550000190734863,10.0,10.470000267028809,72719600,8.31312084197998,8.281361099088095
2002-07-18,10.279999732971191,10.3100004196167,9.949999809265137,10.050000190734863,68437400,7.979645252227783,8.16226363236599
2002-07-19,9.800000190734863,10.0600004196167,9.489999771118164,9.720000267028809,59706300,7.717625617980957,7.781145108070344
2002-07-22,9.510000228881836,9.649999618530273,9.170000076293945,9.229999542236328,62146800,7.328569412231445,7.550888433826639
2002-07-23,9.359999656677246,9.529999732971191,8.760000228881836,8.800000190734863,66680100,6.987152099609375,7.431788617726621
2002-07-24,8.5,9.470000267028809,8.359999656677246,9.399999618530273,70072800,7.463546276092529,6.748951693756092
2002-07-25,9.140000343322754,9.270000457763672,8.760000228881836,9.010000228881836,62316200,7.1538896560668945,7.2571090179272
2002-07-26,9.010000228881836,9.350000381469727,8.819999694824219,9.329999923706055,44375500,7.407968521118164,7.153890526969199
2002-07-29,9.600000381469727,9.75,9.3100004196167,9.550000190734863,49638500,7.582646369934082,7.622346239797912
2002-07-30,9.529999732971191,10.0,9.4399995803833,9.869999885559082,51168000,7.836724281311035,7.5667660764144555
2002-07-31,9.720000267028809,10.010000228881836,9.579999923706055,10.010000228881836,43451400,7.947882175445557,7.717623886235804
2002-08-01,9.899999618530273,10.039999961853027,9.479999542236328,9.670000076293945,47106200,7.677926063537598,7.860544415761522
2002-08-02,9.529999732971191,9.65999984741211,9.050000190734863,9.40999984741211,50938500,7.471487522125244,7.566766763586413
2002-08-05,9.300000190734863,9.489999771118164,9.0,9.010000228881836,40423800,7.1538896560668945,7.384147999536174
2002-08-06,9.220000267028809,9.619999885559082,9.100000381469727,9.329999923706055,51110000,7.407968521118164,7.320629399932495
2002-08-07,9.65999984741211,9.829999923706055,9.199999809265137,9.520000457763672,51504200,7.558824062347412,7.669982749774319
2002-08-08,9.489999771118164,10.050000190734863,9.40999984741211,10.010000228881836,45828500,7.947882175445557,7.535004825297376
2002-08-09,9.829999923706055,10.329999923706055,9.779999732971191,9.8100004196167,48363200,7.789085865020752,7.804965360224271
2002-08-12,9.670000076293945,10.020000457763672,9.640000343322754,9.729999542236328,33188100,7.725559711456299,7.6779205050225
2002-08-13,9.619999885559082,9.699999809265137,9.0600004196167,9.09000015258789,54342800,7.217409610748291,7.638226453677746
2002-08-14,9.229999542236328,10.09000015258789,9.1899995803833,10.050000190734863,54279100,7.979645252227783,7.3285692166623955
2002-08-15,10.119999885559082,10.270000457763672,9.850000381469727,10.119999885559082,56122100,8.035222053527832,8.035222053527832
2002-08-16,9.920000076293945,10.449999809265137,9.890000343322754,10.390000343322754,45686200,8.249601364135742,7.876423816887939
2002-08-19,10.420000076293945,11.140000343322754,10.319999694824219,10.930000305175781,56303000,8.678359985351562,8.27342261524441
2002-08-20,10.699999809265137,11.0,10.539999961853027,10.760000228881836,38054800,8.543379783630371,8.495739787249448
2002-08-21,10.949999809265137,11.0600004196167,10.550000190734863,10.760000228881836,45105100,8.543379783630371,8.694238383947857
2002-08-22,10.869999885559082,11.199999809265137,10.600000381469727,11.1899995803833,42098900,8.884798049926758,8.630720054290766
2002-08-23,11.020000457763672,11.220000267028809,10.579999923706055,10.789999961853027,29674700,8.567200660705566,8.749819790223142
2002-08-26,10.770000457763672,10.850000381469727,10.260000228881836,10.569999694824219,35549500,8.392521858215332,8.551321368441526
2002-08-27,10.720000267028809,10.819999694824219,10.100000381469727,10.149999618530273,36429100,8.059042930603027,8.51162025763414
2002-08-28,10.130000114440918,10.420000076293945,9.850000381469727,9.90999984741211,33652200,7.8684821128845215,8.04316104251115
2002-08-29,9.789999961853027,10.130000114440918,9.649999618530273,9.960000038146973,39768600,7.90818452835083,7.773205415096091
2002-08-30,9.789999961853027,9.920000076293945,9.520000457763672,9.59000015258789,34935200,7.614405632019043,7.773204344202613
2002-09-03,9.510000228881836,9.569999694824219,9.0,9.0600004196167,43694600,7.193591117858887,7.550888521947178
2002-09-04,9.180000305175781,9.6899995803833,9.149999618530273,9.600000381469727,43514400,7.622345924377441,7.288868242860178
2002-09-05,9.449999809265137,9.470000267028809,9.109999656677246,9.119999885559082,44877700,7.241227626800537,7.503245674428601
2002-09-06,9.470000267028809,9.8100004196167,9.40999984741211,9.630000114440918,39052400,7.646169662475586,7.519130621484441
2002-09-09,9.619999885559082,9.880000114440918,9.399999618530273,9.779999732971191,39399100,7.765262603759766,7.6382236604428355
2002-09-10,9.770000457763672,9.970000267028809,9.460000038146973,9.789999961853027,40390100,7.7732014656066895,7.7573219788748675
2002-09-11,9.859999656677246,10.199999809265137,9.770000457763672,9.800000190734863,34483500,7.781143665313721,7.82878289544161
2002-09-12,9.6899995803833,9.760000228881836,9.430000305175781,9.479999542236328,33143900,7.527067184448242,7.693806052823343
2002-09-13,9.489999771118164,9.859999656677246,9.430000305175781,9.729999542236328,36261100,7.725559711456299,7.535001371298035
2002-09-16,9.710000038146973,9.75,9.050000190734863,9.279999732971191,52494500,7.368268013000488,7.709685856252165
2002-09-17,9.399999618530273,9.420000076293945,8.779999732971191,9.029999732971191,81486100,7.169771671295166,7.4635496088711495
2002-09-18,8.239999771118164,8.539999961853027,7.809999942779541,8.319999694824219,122601600,6.606033802032471,6.542514304490784
2002-09-19,8.050000190734863,8.210000038146973,7.949999809265137,8.109999656677246,47977300,6.439296722412109,6.391657464613725
2002-09-20,8.180000305175781,8.279999732971191,7.960000038146973,7.989999771118164,69838300,6.344016075134277,6.4948754589734
2002-09-23,7.849999904632568,7.960000038146973,7.489999771118164,7.639999866485596,54908300,6.066115856170654,6.232854675995501
2002-09-24,7.389999866485596,8.180000305175781,7.300000190734863,8.0,77572000,6.351953983306885,5.867617386070066
2002-09-25,8.119999885559082,8.600000381469727,7.960000038146973,8.59000015258789,63782200,6.820409774780273,6.447232317451954
2002-09-26,8.670000076293945,8.720000267028809,8.199999809265137,8.289999961853027,58182400,6.582211971282959,6.883929861979162
2002-09-27,8.119999885559082,8.640000343322754,8.09000015258789,8.399999618530273,47307400,6.669551372528076,6.4472331953669855
2002-09-30,8.15999984741211,8.279999732971191,7.300000190734863,7.860000133514404,49137600,6.240795135498047,6.47899319190272
2002-10-01,7.829999923706055,8.579999923706055,7.78000020980835,8.539999961853027,54834900,6.780713081359863,6.216976949283282
2002-10-02,8.270000457763672,8.550000190734863,8.1899995803833,8.3100004196167,45000700,6.598093509674072,6.566333765346425
2002-10-03,8.229999542236328,8.579999923706055,8.140000343322754,8.329999923706055,49005300,6.613972187042236,6.534572457415334
2002-10-04,8.460000038146973,8.579999923706055,8.199999809265137,8.199999809265137,45026100,6.5107550621032715,6.717193823775892
2002-10-07,8.119999885559082,8.239999771118164,7.650000095367432,7.699999809265137,50625700,6.113757610321045,6.447235366994209
2002-10-08,7.829999923706055,8.229999542236328,7.789999961853027,8.069999694824219,48688300,6.407535076141357,6.216976586691622
2002-10-09,7.909999847412109,8.25,7.800000190734863,8.069999694824219,55491400,6.407535076141357,6.280496083174867
2002-10-10,8.079999923706055,8.579999923706055,8.020000457763672,8.510000228881836,39404700,6.756892204284668,6.415474386219107
2002-10-11,8.609999656677246,9.069999694824219,8.510000228881836,9.050000190734863,49019800,7.185649871826172,6.83629189232122
2002-10-14,8.84000015258789,9.300000190734863,8.739999771118164,9.25,32391600,7.344446659088135,7.018909144541917
2002-10-15,9.619999885559082,9.84000015258789,9.350000381469727,9.6899995803833,52984900,7.693805694580078,7.638226326780339
2002-10-16,9.220000267028809,9.59000015258789,9.220000267028809,9.319999694824219,41261700,7.400027275085449,7.3206282925307695
2002-10-17,9.979999542236328,10.079999923706055,9.729999542236328,9.869999885559082,52962900,7.836724281311035,7.924063388749092
2002-10-18,9.550000190734863,9.670000076293945,9.229999542236328,9.489999771118164,54988200,7.535006523132324,7.582646519350074
2002-10-21,9.369999885559082,9.789999961853027,9.270000457763672,9.640000343322754,47599300,7.654108047485352,7.439729146759989
2002-10-22,9.380000114440918,9.949999809265137,9.329999923706055,9.890000343322754,46216500,7.852606773376465,7.44766935045262
2002-10-23,9.770000457763672,10.0,9.640000343322754,9.960000038146973,50575400,7.90818452835083,7.757325920296053
2002-10-24,9.979999542236328,10.1899995803833,9.819999694824219,9.859999656677246,55952100,7.828785419464111,7.924064667650099
2002-10-25,9.9399995803833,10.3100004196167,9.90999984741211,10.260000228881836,45287900,8.146385192871094,7.892306393018892
2002-10-28,10.380000114440918,10.420000076293945,9.949999809265137,10.069999694824219,40931700,7.995523452758789,8.241662052612407
2002-10-29,10.010000228881836,10.289999961853027,9.670000076293945,9.960000038146973,43315700,7.90818452835083,7.9478844011690635
2002-10-30,9.979999542236328,10.119999885559082,9.829999923706055,10.010000228881836,50795900,7.947882175445557,7.924061804098014
2002-10-31,9.970000267028809,10.25,9.800000190734863,10.1899995803833,53490400,8.090802192687988,7.91612397873546
2002-11-01,10.039999961853027,10.270000457763672,9.6899995803833,10.130000114440918,44318000,8.04316520690918,7.971705573371812
2002-11-04,10.40999984741211,10.479999542236328,9.90999984741211,10.239999771118164,61141500,8.13050365447998,8.2654827826503
2002-11-05,10.09000015258789,10.260000228881836,9.989999771118164,10.170000076293945,40878800,8.074921607971191,8.011402128352321
2002-11-06,10.3100004196167,10.40999984741211,10.069999694824219,10.359999656677246,53095100,8.225780487060547,8.186081378739102
2002-11-07,10.130000114440918,10.239999771118164,10.0,10.199999809265137,41749500,8.09874439239502,8.043165015284439
2002-11-08,10.079999923706055,10.079999923706055,9.539999961853027,9.550000190734863,56464000,7.582646369934082,8.003463173181789
2002-11-11,9.210000038146973,9.5,8.970000267028809,9.050000190734863,48740600,7.185649871826172,7.312688861750843
2002-11-12,9.260000228881836,9.760000228881836,9.130000114440918,9.5,52874400,7.542948246002197,7.3523897352025465
2002-11-13,9.369999885559082,9.739999771118164,9.359999656677246,9.619999885559082,43148800,7.638227939605713,7.439729290165193
2002-11-14,9.8100004196167,10.399999618530273,9.789999961853027,10.350000381469727,47581000,8.217844009399414,7.789086976739319
2002-11-15,10.170000076293945,10.779999732971191,10.109999656677246,10.710000038146973,57425300,8.503674507141113,8.074917841117678
2002-11-18,10.880000114440918,11.0,10.25,10.25,42280500,8.138440132141113,8.6386565433235
2002-11-19,10.239999771118164,10.600000381469727,10.050000190734863,10.369999885559082,39188600,8.233718872070312,8.130499546375423
2002-11-20,10.359999656677246,10.779999732971191,10.25,10.739999771118164,48408600,8.527495384216309,8.225777573140487
2002-11-21,10.84000015258789,11.5,10.819999694824219,11.460000038146973,59605500,9.099176406860352,8.606899939830992
2002-11-22,11.069999694824219,11.649999618530273,11.020000457763672,11.579999923706055,47514400,9.194453239440918,8.789515995274039
2002-11-25,11.600000381469727,12.0,11.529999732971191,11.90999984741211,45853800,9.456472396850586,9.210334577347629
2002-11-26,11.8100004196167,12.079999923706055,11.550000190734863,11.630000114440918,58763800,9.234152793884277,9.377071994622296
2002-11-27,11.899999618530273,12.210000038146973,11.479999542236328,12.0,47671800,9.527934074401855,9.448534320896973
2002-11-29,12.029999732971191,12.25,11.949999809265137,12.149999618530273,16345800,9.647029876708984,9.551750657158674
2002-12-02,12.359999656677246,12.729999542236328,11.819999694824219,11.899999618530273,46174700,9.448532104492188,9.813769521956583
2002-12-03,11.819999694824219,11.9399995803833,11.25,11.369999885559082,46235500,9.027713775634766,9.385011006771556
2002-12-04,11.039999961853027,11.350000381469727,10.739999771118164,11.050000190734863,45352900,8.773638725280762,8.765698599139142
2002-12-05,11.300000190734863,11.329999923706055,10.649999618530273,10.6899995803833,39194600,8.48780345916748,8.972140736424008
2002-12-06,10.539999961853027,11.59000015258789,10.449999809265137,11.279999732971191,47974500,8.956256866455078,8.368701176016554
2002-12-09,11.119999885559082,11.289999961853027,10.510000228881836,10.529999732971191,41361800,8.360761642456055,8.829218505693618
2002-12-10,10.770000457763672,11.029999732971191,10.630000114440918,10.699999809265137,35175200,8.495738983154297,8.551319099873563
2002-12-11,10.699999809265137,11.449999809265137,10.609999656677246,11.300000190734863,42332500,8.972134590148926,8.495737768394802
2002-12-12,11.470000267028809,11.550000190734863,11.050000190734863,11.399999618530273,31506500,9.051532745361328,9.107112849158094
2002-12-13,11.279999732971191,11.319999694824219,10.630000114440918,10.649999618530273,49233800,8.456038475036621,8.956254944314303
2002-12-16,10.949999809265137,11.369999885559082,10.8100004196167,11.300000190734863,36217200,8.972134590148926,8.694236317923709
2002-12-17,11.210000038146973,11.479999542236328,10.859999656677246,11.020000457763672,38315200,8.74981689453125,8.900675467066103
2002-12-18,10.800000190734863,10.890000343322754,10.40999984741211,10.630000114440918,59093700,8.44015884399414,8.575137925082089
2002-12-19,11.0600004196167,11.569999694824219,10.800000190734863,11.0,97046000,8.733938217163086,8.781578213339097
2002-12-20,11.279999732971191,11.369999885559082,10.550000190734863,10.739999771118164,70354000,8.527495384216309,8.956252114226858
2002-12-23,10.779999732971191,11.149999618530273,10.619999885559082,11.0600004196167,32994600,8.781576156616211,8.559257236146625
2002-12-24,10.899999618530273,11.149999618530273,10.850000381469727,10.989999771118164,9088400,8.725996017456055,8.654536418783792
2002-12-26,11.0,11.229999542236328,10.779999732971191,10.829999923706055,19094500,8.598958969116211,8.73393807263388
2002-12-27,10.8100004196167,11.069999694824219,10.75,10.789999961853027,24793900,8.567200660705566,8.583080914234122
2002-12-30,10.869999885559082,11.020000457763672,10.729999542236328,10.9399995803833,29686300,8.686297416687012,8.630718057304698
2002-12-31,10.880000114440918,10.970000267028809,10.779999732971191,10.800000190734863,26155500,8.575140953063965,8.638660453980483
2003-01-02,10.9399995803833,11.25,10.800000190734863,11.210000038146973,32064900,8.900675773620605,8.686296957821703
2003-01-03,11.1899995803833,11.619999885559082,11.119999885559082,11.5600004196167,30879500,9.17857551574707,8.884796924006661
2003-01-06,11.539999961853027,12.109999656677246,11.539999961853027,11.960000038146973,45324400,9.496172904968262,9.162695201634984
2003-01-07,11.890000343322754,12.800000190734863,11.760000228881836,12.6899995803833,72764800,10.075788497924805,9.440593590307651
2003-01-08,12.569999694824219,12.649999618530273,12.069999694824219,12.119999885559082,53623200,9.623211860656738,9.980509182661933
2003-01-09,12.460000038146973,13.180000305175781,12.399999618530273,13.010000228881836,71178800,10.329867362976074,9.893170289959114
2003-01-10,12.65999984741211,13.25,12.489999771118164,13.069999694824219,52033600,10.377506256103516,10.051968682969099
2003-01-13,13.300000190734863,13.359999656677246,12.829999923706055,12.930000305175781,40588200,10.26634407043457,10.56012179986358
2003-01-14,12.880000114440918,13.199999809265137,12.800000190734863,13.109999656677246,39310400,10.409265518188477,10.226647183566298
2003-01-15,13.149999618530273,13.239999771118164,12.460000038146973,12.529999732971191,41972100,9.948744773864746,10.44102097120749
2003-01-16,12.510000228881836,12.800000190734863,12.100000381469727,12.170000076293945,50428400,9.662907600402832,9.932865697196874
2003-01-17,11.680000305175781,11.739999771118164,11.420000076293945,11.4399995803833,55319200,9.083295822143555,9.273855058225793
2003-01-21,11.59000015258789,11.920000076293945,11.470000267028809,11.569999694824219,36345400,9.186515808105469,9.202396061023498
2003-01-22,11.59000015258789,12.140000343322754,11.449999809265137,11.619999885559082,45273300,9.226213455200195,9.202393838787359
2003-01-23,12.050000190734863,12.59000015258789,11.890000343322754,12.460000038146973,46467100,9.893168449401855,9.567630925946094
2003-01-24,12.40999984741211,12.4399995803833,11.670000076293945,11.770000457763672,45555000,9.345314025878906,9.853469934121911
2003-01-27,11.800000190734863,12.0600004196167,11.600000381469727,11.930000305175781,44095200,9.472354888916016,9.369135510199836
2003-01-28,12.149999618530273,12.15999984741211,11.710000038146973,11.970000267028809,36313900,9.504114151000977,9.647032642697946
2003-01-29,11.779999732971191,12.1899995803833,11.550000190734863,12.020000457763672,36287500,9.543811798095703,9.353252591640219
2003-01-30,12.079999923706055,12.479999542236328,11.6899995803833,11.75,38272500,9.32943058013916,9.591448569898041
2003-01-31,11.59000015258789,12.180000305175781,11.5,12.029999732971191,48082000,9.551752090454102,9.202394899679907
2003-02-03,12.010000228881836,12.140000343322754,11.890000343322754,12.010000228881836,30451300,9.535870552062988,9.535870552062988
2003-02-04,11.850000381469727,12.130000114440918,11.520000457763672,11.729999542236328,47845200,9.313553810119629,9.408833803050191
2003-02-05,11.880000114440918,12.039999961853027,11.5,11.520000457763672,41316900,9.14681339263916,9.432651027204685
2003-02-06,11.510000228881836,11.720000267028809,11.329999923706055,11.529999732971191,39066500,9.154754638671875,9.138875145430466
2003-02-07,11.739999771118164,11.899999618530273,11.260000228881836,11.34000015258789,43943700,9.00389575958252,9.32149318644829
2003-02-10,11.40999984741211,11.800000190734863,11.380000114440918,11.75,33763500,9.32943058013916,9.059472467730187
2003-02-11,11.84000015258789,12.140000343322754,11.720000267028809,11.90999984741211,46126300,9.456472396850586,9.400893035778049
2003-02-12,11.819999694824219,11.949999809265137,11.489999771118164,11.5,39650300,9.130935668945312,9.385013636555927
2003-02-13,11.5600004196167,11.6899995803833,11.350000381469727,11.539999961853027,34557500,9.162696838378906,9.178577092427702
2003-02-14,11.5600004196167,11.920000076293945,11.350000381469727,11.699999809265137,41473100,9.289732933044434,9.178574218358532
2003-02-18,11.899999618530273,12.4399995803833,11.789999961853027,12.420000076293945,40391400,9.861410140991211,9.448532704919497
2003-02-19,12.329999923706055,12.369999885559082,12.119999885559082,12.319999694824219,34828800,9.782011032104492,9.789951158051636
2003-02-20,12.390000343322754,12.470000267028809,12.229999542236328,12.3100004196167,31167700,9.774072647094727,9.83759214664072
2003-02-21,12.180000305175781,12.4399995803833,11.869999885559082,12.390000343322754,44233400,9.837590217590332,9.670851374674834
2003-02-24,12.1899995803833,12.449999809265137,11.8100004196167,11.819999694824219,45766300,9.385011672973633,9.678789450860668
2003-02-25,11.640000343322754,12.010000228881836,11.479999542236328,11.9399995803833,47223800,9.480294227600098,9.242096477571513
2003-02-26,11.90999984741211,12.100000381469727,11.670000076293945,11.720000267028809,40775700,9.305614471435547,9.456473072501923
2003-02-27,11.90999984741211,12.09000015258789,11.729999542236328,11.890000343322754,36829700,9.440594673156738,9.456474169062538
2003-02-28,11.890000343322754,12.140000343322754,11.829999923706055,11.960000038146973,35480000,9.496172904968262,9.440593540150067
2003-03-03,12.199999809265137,12.199999809265137,11.640000343322754,11.6899995803833,34375200,9.281797409057617,9.68673487466692
2003-03-04,11.739999771118164,11.859999656677246,11.550000190734863,11.630000114440918,37421000,9.234152793884277,9.321491884773128
2003-03-05,11.380000114440918,11.40999984741211,10.989999771118164,11.170000076293945,64571400,8.868916511535645,9.03565534707939
2003-03-06,11.180000305175781,11.350000381469727,11.020000457763672,11.15999984741211,37140800,8.860977172851562,8.876857423937013
2003-03-07,10.9399995803833,11.300000190734863,10.84000015258789,11.0600004196167,44083500,8.781576156616211,8.686296186579604
2003-03-10,10.819999694824219,11.0,10.670000076293945,10.760000228881836,30568300,8.543379783630371,8.59101902279924
2003-03-11,10.8100004196167,10.960000038146973,10.649999618530273,10.680000305175781,36460600,8.4798583984375,8.583077736521734
2003-03-12,10.649999618530273,11.0600004196167,10.640000343322754,11.0,41539800,8.733938217163086,8.456039880095805
2003-03-13,11.3100004196167,11.9399995803833,11.1899995803833,11.899999618530273,57891600,9.448532104492188,8.980076091781148
2003-03-14,11.890000343322754,12.050000190734863,11.649999618530273,11.9399995803833,51565800,9.480294227600098,9.440595107403453
2003-03-17,11.710000038146973,12.449999809265137,11.600000381469727,12.350000381469727,56316800,9.805829048156738,9.29767246811316
2003-03-18,12.369999885559082,12.449999809265137,12.0600004196167,12.25,58587300,9.726430892944336,9.821710125111816
2003-03-19,11.649999618530273,11.829999923706055,11.100000381469727,11.3100004196167,123560800,8.980074882507324,9.25003227887848
2003-03-20,11.430000305175781,11.600000381469727,11.109999656677246,11.5,55821400,9.130935668945312,9.075356302833509
2003-03-21,11.6899995803833,11.829999923706055,11.270000457763672,11.350000381469727,65517600,9.011841773986816,9.281799384639745
2003-03-24,11.140000343322754,11.300000190734863,10.989999771118164,11.029999732971191,42180200,8.757758140563965,8.845098010382248
2003-03-25,11.1899995803833,11.489999771118164,11.069999694824219,11.300000190734863,41673400,8.972134590148926,8.884794743740608
2003-03-26,11.34000015258789,11.579999923706055,11.25,11.4399995803833,38346100,9.083295822143555,9.0038968345537
2003-03-27,11.300000190734863,11.510000228881836,11.229999542236328,11.359999656677246,29790500,9.019775390625,8.972136154470652
2003-03-28,11.25,11.390000343322754,11.100000381469727,11.100000381469727,27751300,8.813336372375488,8.932435205564921
2003-03-31,10.829999923706055,11.09000015258789,10.819999694824219,10.850000381469727,44908800,8.614838600158691,8.598958350434684
2003-04-01,10.880000114440918,10.90999984741211,10.649999618530273,10.760000228881836,50467600,8.543379783630371,8.63865901918016
2003-04-02,11.0600004196167,11.5600004196167,10.899999618530273,11.460000038146973,48276800,9.099176406860352,8.78157893045822
2003-04-03,11.819999694824219,11.859999656677246,11.539999961853027,11.619999885559082,44264100,9.226213455200195,9.385012159972359
2003-04-04,11.65999984741211,11.739999771118164,11.0,11.369999885559082,34937000,9.027713775634766,9.257972058563974
2003-04-07,11.899999618530273,12.510000228881836,11.680000305175781,11.710000038146973,45510400,9.297676086425781,9.448534715734572
2003-04-08,11.670000076293945,11.739999771118164,11.479999542236328,11.5,34791300,9.130935668945312,9.26591477854147
2003-04-09,11.619999885559082,11.640000343322754,11.15999984741211,11.170000076293945,39120000,8.868916511535645,9.226213799925961
2003-04-10,11.1899995803833,11.449999809265137,11.069999694824219,11.369999885559082,31242200,9.027713775634766,8.884794580295305
2003-04-11,11.520000457763672,11.6899995803833,11.199999809265137,11.289999961853027,27457400,8.964198112487793,9.14681724608211
2003-04-14,11.329999923706055,11.710000038146973,11.229999542236328,11.65999984741211,28588700,9.257979393005371,8.995961165445783
2003-04-15,11.529999732971191,11.75,11.460000038146973,11.539999961853027,33429700,9.162696838378906,9.154756711354507
2003-04-16,11.760000228881836,11.949999809265137,11.5600004196167,11.579999923706055,41489400,9.194453239440918,9.337372444961444
2003-04-17,11.550000190734863,12.010000228881836,11.460000038146973,12.0,35670800,9.527934074401855,9.17063669805422
2003-04-21,11.979999542236328,12.1899995803833,11.800000190734863,11.84000015258789,29742500,9.400893211364746,9.512051935586006
2003-04-22,11.789999961853027,12.1899995803833,11.699999809265137,12.130000114440918,33697200,9.631152153015137,9.361193936137308
2003-04-23,11.930000305175781,12.079999923706055,11.869999885559082,12.0,30255100,9.527934074401855,9.472354701275739
2003-04-24,11.829999923706055,12.09000015258789,11.760000228881836,12.029999732971191,31261600,9.551752090454102,9.392953367374922
2003-04-25,11.960000038146973,12.020000457763672,11.770000457763672,11.789999961853027,26159300,9.36119270324707,9.496171793908934
2003-04-28,11.800000190734863,12.039999961853027,11.65999984741211,11.970000267028809,29737500,9.504114151000977,9.369135028633957
2003-04-29,11.949999809265137,12.199999809265137,11.930000305175781,12.020000457763672,31540200,9.543811798095703,9.488231682490701
2003-04-30,11.960000038146973,12.029999732971191,11.8100004196167,11.880000114440918,40601500,9.432652473449707,9.496171957536616
2003-05-01,11.850000381469727,11.989999771118164,11.739999771118164,11.920000076293945,26984400,9.464411735534668,9.408832379080152
2003-05-02,11.789999961853027,12.239999771118164,11.789999961853027,12.199999809265137,35190700,9.686731338500977,9.361193762042053
2003-05-05,12.1899995803833,12.300000190734863,12.0600004196167,12.079999923706055,34043100,9.591449737548828,9.67878882569708
2003-05-06,11.979999542236328,12.550000190734863,11.930000305175781,12.40999984741211,44153800,9.853471755981445,9.512053874095129
2003-05-07,12.359999656677246,12.550000190734863,12.140000343322754,12.1899995803833,45258000,9.678793907165527,9.813773050667661
2003-05-08,12.0,12.359999656677246,12.0,12.100000381469727,34438600,9.607331275939941,9.527931543525774
2003-05-09,12.239999771118164,12.5,12.199999809265137,12.420000076293945,33759800,9.861410140991211,9.718490912010688
2003-05-12,12.289999961853027,12.529999732971191,12.199999809265137,12.460000038146973,33784200,9.893168449401855,9.75818936545016
2003-05-13,12.359999656677246,12.649999618530273,12.319999694824219,12.420000076293945,34690400,9.861410140991211,9.81377014559369
2003-05-14,12.600000381469727,12.640000343322754,12.34000015258789,12.529999732971191,34511800,9.948744773864746,10.004324869695427
2003-05-15,12.600000381469727,13.010000228881836,12.5600004196167,12.90999984741211,45269100,10.250469207763672,10.004331328784334
2003-05-16,12.90999984741211,13.0,12.470000267028809,12.5600004196167,34563400,9.97256851196289,10.250466056248486
2003-05-19,12.449999809265137,12.619999885559082,12.100000381469727,12.170000076293945,32926600,9.662907600402832,9.885225721263684
2003-05-20,12.210000038146973,12.279999732971191,12.010000228881836,12.15999984741211,33688700,9.6549711227417,9.694670991469856
2003-05-21,12.119999885559082,12.220000267028809,11.970000267028809,12.100000381469727,35936400,9.607331275939941,9.623210768095596
2003-05-22,12.130000114440918,12.40999984741211,12.119999885559082,12.300000190734863,26953500,9.766131401062012,9.631152290693555
2003-05-23,12.220000267028809,12.300000190734863,12.0600004196167,12.100000381469727,25251500,9.607331275939941,9.702610500509763
2003-05-27,12.029999732971191,12.739999771118164,11.979999542236328,12.649999618530273,35590200,10.044032096862793,9.551755500942217
2003-05-28,12.8100004196167,13.399999618530273,12.699999809265137,13.260000228881836,78128000,10.528362274169922,10.171065069534034
2003-05-29,13.069999694824219,13.279999732971191,12.8100004196167,12.829999923706055,50293400,10.186948776245117,10.377507263324597
2003-05-30,12.949999809265137,13.25,12.890000343322754,13.010000228881836,43628800,10.329867362976074,10.282227365630995
2003-06-02,13.210000038146973,13.25,12.760000228881836,12.800000190734863,41425900,10.163127899169922,10.488665463685395
2003-06-03,12.859999656677246,13.15999984741211,12.760000228881836,13.020000457763672,33190800,10.337808609008789,10.210768854725735
2003-06-04,13.109999656677246,13.699999809265137,13.0,13.579999923706055,53947300,10.78244400024414,10.409266416458493
2003-06-05,13.399999618530273,13.569999694824219,13.279999732971191,13.359999656677246,37461900,10.607765197753906,10.639524944322758
2003-06-06,13.640000343322754,13.949999809265137,12.949999809265137,13.09000015258789,102963900,10.39338493347168,10.830081925767754
2003-06-09,13.130000114440918,13.25,12.710000038146973,12.859999656677246,51279400,10.21076488494873,10.425143677068053
2003-06-10,13.050000190734863,13.09000015258789,12.859999656677246,13.020000457763672,40820000,10.337808609008789,10.361628231656546
2003-06-11,13.210000038146973,13.420000076293945,13.029999732971191,13.270000457763672,41013300,10.536309242248535,10.488669230648057
2003-06-12,13.399999618530273,13.479999542236328,13.100000381469727,13.329999923706055,40907500,10.58394718170166,10.6395265573202
2003-06-13,13.920000076293945,14.0,13.359999656677246,13.479999542236328,81322400,10.70304012298584,11.052397951626581
2003-06-16,13.619999885559082,13.899999618530273,13.300000190734863,13.649999618530273,31357300,10.838021278381348,10.814201662749554
2003-06-17,13.739999771118164,13.770000457763672,13.279999732971191,13.350000381469727,36730100,10.599822998046875,10.90948025508769
2003-06-18,13.289999961853027,13.539999961853027,13.260000228881836,13.420000076293945,49885300,10.655407905578613,10.552188513681083
2003-06-19,13.350000381469727,13.510000228881836,13.260000228881836,13.34000015258789,39496600,10.59188461303711,10.599824738165205
2003-06-20,13.520000457763672,13.609999656677246,12.859999656677246,12.930000305175781,51764300,10.26634407043457,10.734800715841729
2003-06-23,12.949999809265137,13.050000190734863,12.649999618530273,12.770000457763672,30410900,10.139310836791992,10.282229341871979
2003-06-24,12.859999656677246,13.010000228881836,12.600000381469727,12.649999618530273,30663200,10.044032096862793,10.21077100493366
2003-06-25,12.649999618530273,12.8100004196167,12.350000381469727,12.380000114440918,26269000,9.829648971557617,10.04402702674012
2003-06-26,12.520000457763672,12.609999656677246,12.149999618530273,12.520000457763672,30859200,9.94080924987793,9.94080924987793
2003-06-27,12.550000190734863,12.6899995803833,12.239999771118164,12.430000305175781,29954600,9.869348526000977,9.964627742781822
2003-06-30,12.489999771118164,12.550000190734863,12.0,12.010000228881836,42454900,9.535870552062988,9.916987405733629
2003-07-01,12.039999961853027,12.380000114440918,11.739999771118164,12.329999923706055,45514700,9.789950370788574,9.559692037322309
2003-07-02,12.479999542236328,12.75,12.319999694824219,12.449999809265137,40358900,9.885231971740723,9.90905159616271
2003-07-03,12.329999923706055,12.520000457763672,12.119999885559082,12.180000305175781,15602700,9.670848846435547,9.78994766429131
2003-07-07,12.359999656677246,12.760000228881836,12.289999961853027,12.569999694824219,29498700,9.980510711669922,9.813771834894933
2003-07-08,12.600000381469727,12.880000114440918,12.550000190734863,12.729999542236328,43898700,10.107545852661133,10.004327272495729
2003-07-09,12.920000076293945,13.050000190734863,12.600000381469727,12.670000076293945,33649900,10.05990982055664,10.258408434605174
2003-07-10,12.510000228881836,12.739999771118164,12.40999984741211,12.600000381469727,41053100,10.004329681396484,9.932870064681756
2003-07-11,12.600000381469727,12.880000114440918,12.579999923706055,12.84000015258789,30605400,10.194890975952148,10.004332450116772
2003-07-14,12.9399995803833,13.09000015258789,12.529999732971191,12.640000343322754,28583900,10.036089897155762,10.274287621082905
2003-07-15,12.850000381469727,12.890000343322754,12.539999961853027,12.630000114440918,34859600,10.028149604797363,10.202828589030922
2003-07-16,12.6899995803833,12.710000038146973,12.300000190734863,12.40999984741211,30646000,9.853471755981445,10.075790006943334
2003-07-17,12.220000267028809,12.3100004196167,12.029999732971191,12.09000015258789,29515500,9.599390983581543,9.70261033103222
2003-07-18,12.100000381469727,12.15999984741211,11.989999771118164,12.079999923706055,24285200,9.591449737548828,9.607329984782256
2003-07-21,12.0600004196167,12.109999656677246,11.59000015258789,11.6899995803833,36377800,9.281797409057617,9.575576104884833
2003-07-22,11.899999618530273,12.25,11.819999694824219,12.069999694824219,43591000,9.583514213562012,9.448535076141795
2003-07-23,12.1899995803833,12.210000038146973,11.829999923706055,12.100000381469727,27594900,9.607331275939941,9.678790126458333
2003-07-24,12.210000038146973,12.359999656677246,11.649999618530273,11.680000305175781,42418200,9.273855209350586,9.694672046349403
2003-07-25,11.739999771118164,12.130000114440918,11.600000381469727,12.100000381469727,29301700,9.607331275939941,9.32149284501851
2003-07-28,12.170000076293945,12.239999771118164,11.800000190734863,11.880000114440918,35409100,9.432652473449707,9.662910792567747
2003-07-29,11.949999809265137,12.0600004196167,11.6899995803833,11.920000076293945,30663400,9.464411735534668,9.488231351556326
2003-07-30,12.020000457763672,12.0600004196167,11.8100004196167,11.880000114440918,27817400,9.432652473449707,9.543811949207786
2003-07-31,12.079999923706055,12.3100004196167,11.880000114440918,11.989999771118164,34629900,9.519990921020508,9.591450525014084
2003-08-01,11.899999618530273,11.989999771118164,11.729999542236328,11.819999694824219,29348000,9.385011672973633,9.448531151586401
2003-08-04,11.880000114440918,12.0,11.670000076293945,11.859999656677246,27503500,9.416770935058594,9.432651182512966
2003-08-05,11.819999694824219,11.960000038146973,11.619999885559082,11.640000343322754,30777600,9.24209213256836,9.385010563952546
2003-08-06,11.5600004196167,11.640000343322754,11.430000305175781,11.449999809265137,44154700,9.091238975524902,9.178578875334372
2003-08-07,11.460000038146973,11.529999732971191,11.180000305175781,11.390000343322754,30669300,9.04359245300293,9.099171793893461
2003-08-08,11.489999771118164,11.510000228881836,11.170000076293945,11.289999961853027,25653500,8.964198112487793,9.122996865257514
2003-08-11,11.779999732971191,11.899999618530273,11.600000381469727,11.680000305175781,51264000,9.273855209350586,9.353254198234309
2003-08-12,11.859999656677246,12.15999984741211,11.8100004196167,12.15999984741211,48958700,9.6549711227417,9.416772667584766
2003-08-13,12.390000343322754,12.390000343322754,11.800000190734863,11.899999618530273,68194900,9.448532104492188,9.837589896747646
2003-08-14,11.979999542236328,12.199999809265137,11.880000114440918,12.119999885559082,29768000,9.623211860656738,9.512052374098921
2003-08-15,12.09000015258789,12.140000343322754,11.960000038146973,12.079999923706055,12464200,9.591449737548828,9.599389861165541
2003-08-18,12.15999984741211,12.199999809265137,12.09000015258789,12.180000305175781,28071100,9.670848846435547,9.654968600208477
2003-08-19,12.289999961853027,12.319999694824219,11.979999542236328,12.149999618530273,40467800,9.647029876708984,9.758189344790308
2003-08-20,12.050000190734863,12.15999984741211,11.960000038146973,12.119999885559082,23000600,9.623211860656738,9.567632495983856
2003-08-21,12.229999542236328,12.319999694824219,12.050000190734863,12.15999984741211,36844900,9.6549711227417,9.710550484633911
2003-08-22,12.239999771118164,12.5,12.149999618530273,12.300000190734863,45221100,9.766131401062012,9.718491403256406
2003-08-25,12.229999542236328,12.40999984741211,12.1899995803833,12.369999885559082,30133800,9.821709632873535,9.710550155643148
2003-08-26,12.270000457763672,12.520000457763672,12.029999732971191,12.4399995803833,49911800,9.877289772033691,9.7423114238227
2003-08-27,12.359999656677246,12.569999694824219,12.3100004196167,12.449999809265137,38240700,9.885231971740723,9.813772341262554
2003-08-28,12.5,12.800000190734863,12.479999542236328,12.770000457763672,37764900,10.139310836791992,9.92493194335369
2003-08-29,12.710000038146973,12.890000343322754,12.640000343322754,12.829999923706055,33163800,10.186948776245117,10.091669532705376
2003-09-02,12.960000038146973,13.449999809265137,12.9399995803833,13.390000343322754,86313000,10.631585121154785,10.290167292224064
2003-09-03,13.729999542236328,14.029999732971191,13.579999923706055,13.760000228881836,100807000,10.92536449432373,10.901544114147123
2003-09-04,13.649999618530273,13.779999732971191,13.510000228881836,13.720000267028809,41802700,10.893604278564453,10.83802415107579
2003-09-05,13.399999618530273,13.510000228881836,13.0,13.079999923706055,77735500,10.385446548461914,10.639524510656535
2003-09-08,13.25,13.539999961853027,13.229999542236328,13.479999542236328,58859800,10.70304012298584,10.520421843132738
2003-09-09,13.430000305175781,13.479999542236328,13.260000228881836,13.359999656677246,39313700,10.607765197753906,10.663345322158463
2003-09-10,13.149999618530273,13.369999885559082,12.789999961853027,12.850000381469727,48143700,10.202831268310547,10.441029050838596
2003-09-11,13.029999732971191,13.180000305175781,12.859999656677246,12.979999542236328,55297300,10.306047439575195,10.345747312909129
2003-09-12,12.140000343322754,12.600000381469727,12.050000190734863,12.550000190734863,125872200,9.964630126953125,9.639092535759696
2003-09-15,12.5600004196167,12.640000343322754,12.380000114440918,12.449999809265137,44944600,9.885231971740723,9.97257185664169
2003-09-16,12.470000267028809,12.5600004196167,12.40999984741211,12.529999732971191,42621000,9.948744773864746,9.90110555710896
2003-09-17,12.510000228881836,12.539999961853027,12.220000267028809,12.279999732971191,48337000,9.750249862670898,9.93286894674513
2003-09-18,12.270000457763672,12.40999984741211,12.140000343322754,12.359999656677246,53130900,9.813767433166504,9.74230859563879
2003-09-19,12.319999694824219,12.350000381469727,12.069999694824219,12.119999885559082,56562500,9.623211860656738,9.782010586302153
2003-09-22,12.020000457763672,12.079999923706055,11.869999885559082,11.970000267028809,48600400,9.504114151000977,9.543814026499302
2003-09-23,12.069999694824219,12.130000114440918,11.970000267028809,12.029999732971191,41884000,9.551752090454102,9.583511835069938
2003-09-24,12.029999732971191,12.09000015258789,11.600000381469727,11.600000381469727,73146100,9.210332870483398,9.551749855929971
2003-09-25,11.670000076293945,11.930000305175781,11.529999732971191,11.5600004196167,41716800,9.17857551574707,9.265914626375912
2003-09-26,11.649999618530273,11.710000038146973,11.390000343322754,11.40999984741211,45417900,9.059476852416992,9.25003534497679
2003-09-29,11.550000190734863,11.640000343322754,11.359999656677246,11.640000343322754,41382800,9.24209213256836,9.170632538270354
2003-09-30,11.5,11.520000457763672,11.210000038146973,11.25,54694100,8.932438850402832,9.130937491522895
2003-10-01,11.380000114440918,11.729999542236328,11.350000381469727,11.6899995803833,47601100,9.281797409057617,9.03565948407243
2003-10-02,11.569999694824219,11.630000114440918,11.369999885559082,11.399999618530273,53302900,9.051532745361328,9.186511807534924
2003-10-03,11.859999656677246,12.09000015258789,11.710000038146973,11.979999542236328,76447800,9.512054443359375,9.416775187244996
2003-10-06,12.069999694824219,12.300000190734863,12.039999961853027,12.1899995803833,36214900,9.678793907165527,9.58351464537795
2003-10-07,12.050000190734863,12.260000228881836,11.960000038146973,12.199999809265137,45506900,9.686731338500977,9.567632483722559
2003-10-08,12.529999732971191,12.75,12.380000114440918,12.630000114440918,71375900,10.028149604797363,9.948749859996996
2003-10-09,12.75,12.890000343322754,12.3100004196167,12.329999923706055,63201300,9.789950370788574,10.123428061631028
2003-10-10,12.449999809265137,12.510000228881836,12.289999961853027,12.329999923706055,38087200,9.789950370788574,9.885229602856128
2003-10-13,12.390000343322754,12.489999771118164,12.210000038146973,12.279999732971191,45863300,9.750249862670898,9.837589720919782
2003-10-14,12.25,12.399999618530273,12.15999984741211,12.329999923706055,32292100,9.789950370788574,9.726430882743538
2003-10-15,12.460000038146973,12.5,12.029999732971191,12.119999885559082,44173200,9.623211860656738,9.893170072859968
2003-10-16,12.100000381469727,12.15999984741211,11.859999656677246,11.970000267028809,60555300,9.504114151000977,9.607333524411764
2003-10-17,11.90999984741211,12.010000228881836,11.680000305175781,11.720000267028809,49571700,9.305614471435547,9.456473072501923
2003-10-20,11.779999732971191,11.970000267028809,11.760000228881836,11.90999984741211,34152800,9.456472396850586,9.353253042564441
2003-10-21,12.029999732971191,12.100000381469727,11.920000076293945,11.979999542236328,33965400,9.512054443359375,9.551754322710087
2003-10-22,11.84000015258789,11.960000038146973,11.699999809265137,11.720000267028809,30664800,9.305614471435547,9.400893707458321
2003-10-23,11.65999984741211,11.869999885559082,11.600000381469727,11.75,29827900,9.32943058013916,9.25797099071187
2003-10-24,11.600000381469727,11.779999732971191,11.520000457763672,11.729999542236328,40662500,9.313553810119629,9.21033520600029
2003-10-27,11.800000190734863,11.890000343322754,11.609999656677246,11.699999809265137,27969800,9.289732933044434,9.369132664001752
2003-10-28,11.720000267028809,12.0,11.550000190734863,11.979999542236328,44104200,9.512054443359375,9.305616433717661
2003-10-29,11.930000305175781,12.079999923706055,11.760000228881836,11.890000343322754,40955000,9.440594673156738,9.472354422180484
2003-10-30,12.09000015258789,12.289999961853027,11.920000076293945,12.1899995803833,53247200,9.678793907165527,9.599394900948678
2003-10-31,12.119999885559082,12.279999732971191,11.960000038146973,11.970000267028809,32516500,9.504114151000977,9.623213020283808
2003-11-03,12.0600004196167,12.319999694824219,12.020000457763672,12.1899995803833,35722600,9.678793907165527,9.575575274804848
2003-11-04,12.069999694824219,12.479999542236328,12.039999961853027,12.210000038146973,42082700,9.694673538208008,9.583514028010567
2003-11-05,12.329999923706055,12.479999542236328,12.1899995803833,12.350000381469727,36371900,9.805829048156738,9.789948800087295
2003-11-06,12.529999732971191,12.720000267028809,12.199999809265137,12.699999809265137,76866900,10.083725929260254,9.948746858154216
2003-11-07,12.789999961853027,12.880000114440918,12.430000305175781,12.460000038146973,50302100,9.893168449401855,10.155186493022928
2003-11-10,12.40999984741211,12.75,12.350000381469727,12.569999694824219,44400800,9.980510711669922,9.853471711691295
2003-11-11,12.6899995803833,12.739999771118164,12.399999618530273,12.539999961853027,34508000,9.95669174194336,10.075790622936843
2003-11-12,12.5600004196167,12.850000381469727,12.539999961853027,12.770000457763672,38815500,10.139310836791992,9.972571949855162
2003-11-13,12.630000114440918,12.720000267028809,12.460000038146973,12.569999694824219,34809000,9.980510711669922,10.02815071526799
2003-11-14,12.569999694824219,12.670000076293945,12.270000457763672,12.289999961853027,36909100,9.75818920135498,9.980507377037855
2003-11-17,12.239999771118164,12.25,11.979999542236328,12.09000015258789,34247700,9.599390983581543,9.718489822910504
2003-11-18,12.1899995803833,12.239999771118164,11.779999732971191,11.8100004196167,42238700,9.377074241638184,9.678791448722269
2003-11-19,11.850000381469727,12.130000114440918,11.789999961853027,12.029999732971191,37597900,9.551752090454102,9.408833618288861
2003-11-20,11.920000076293945,12.140000343322754,11.770000457763672,11.819999694824219,41329600,9.385011672973633,9.46441139984555
2003-11-21,11.920000076293945,12.0,11.75,11.880000114440918,31832800,9.432652473449707,9.46441221549316
2003-11-24,12.050000190734863,12.100000381469727,11.920000076293945,12.050000190734863,43397800,9.56762981414795,9.56762981414795
2003-11-25,12.069999694824219,12.079999923706055,11.859999656677246,11.869999885559082,40057100,9.424714088439941,9.583512827971493
2003-11-26,12.0,12.050000190734863,11.859999656677246,12.039999961853027,30882000,9.559694290161133,9.527934538654108
2003-11-28,12.020000457763672,12.0600004196167,11.979999542236328,12.020000457763672,8159500,9.543811798095703,9.543811798095703
2003-12-01,12.170000076293945,12.569999694824219,12.15999984741211,12.510000228881836,50681500,9.932868957519531,9.662910772115563
2003-12-02,12.489999771118164,12.6899995803833,12.350000381469727,12.399999618530273,47466000,9.845528602600098,9.91698820774543
2003-12-03,12.710000038146973,13.100000381469727,12.649999618530273,12.899999618530273,89509200,10.242528915405273,10.091670291099938
2003-12-04,12.949999809265137,13.0600004196167,12.819999694824219,12.989999771118164,56952500,10.313982963562012,10.28222323050855
2003-12-05,12.859999656677246,12.989999771118164,12.710000038146973,12.739999771118164,39383800,10.115484237670898,10.210763434900324
2003-12-08,12.6899995803833,12.930000305175781,12.640000343322754,12.8100004196167,32397300,10.171067237854004,10.075787256241144
2003-12-09,12.920000076293945,12.970000267028809,12.510000228881836,12.609999656677246,40658700,10.012267112731934,10.258405660770501
2003-12-10,12.609999656677246,12.800000190734863,12.600000381469727,12.779999732971191,41922500,10.147247314453125,10.012268217921523
2003-12-11,12.739999771118164,12.899999618530273,12.720000267028809,12.829999923706055,39950200,10.186948776245117,10.115489154287282
2003-12-12,12.880000114440918,12.899999618530273,12.6899995803833,12.829999923706055,37379900,10.186948776245117,10.22664865035637
2003-12-15,13.069999694824219,13.079999923706055,12.649999618530273,12.699999809265137,82537400,10.083725929260254,10.377503684840498
2003-12-16,12.979999542236328,13.229999542236328,12.75,13.119999885559082,95028600,10.417203903198242,10.30604444164092
2003-12-17,13.079999923706055,13.260000228881836,13.050000190734863,13.25,46581000,10.520424842834473,10.385445746538126
2003-12-18,13.220000267028809,13.430000305175781,13.199999809265137,13.329999923706055,48645300,10.58394718170166,10.496608054699355
2003-12-19,13.34000015258789,13.430000305175781,12.979999542236328,13.09000015258789,52988700,10.39338493347168,10.591883497496084
2003-12-22,12.970000267028809,13.210000038146973,12.920000076293945,13.199999809265137,37429800,10.48072624206543,10.298107888064596
2003-12-23,13.239999771118164,13.239999771118164,12.979999542236328,13.050000190734863,27584700,10.361626625061035,10.512485221388701
2003-12-24,12.989999771118164,13.130000114440918,12.949999809265137,12.970000267028809,15177900,10.298108100891113,10.313987595944013
2003-12-26,12.979999542236328,13.0600004196167,12.949999809265137,13.0,9305200,10.32192611694336,10.306045867147846
2003-12-29,12.989999771118164,13.210000038146973,12.960000038146973,13.180000305175781,24670600,10.46484661102295,10.313987248436698
2003-12-30,13.180000305175781,13.229999542236328,13.050000190734863,13.1899995803833,21820800,10.472784996032715,10.464845628125513
2003-12-31,13.170000076293945,13.239999771118164,13.050000190734863,13.229999542236328,24268300,10.504544258117676,10.456905024008629
2004-01-02,13.25,13.3100004196167,13.109999656677246,13.140000343322754,20730800,10.433089256286621,10.520428389185334
2004-01-05,13.279999732971191,13.5600004196167,13.260000228881836,13.550000190734863,35329600,10.758625030517578,10.544246163930278
2004-01-06,13.520000457763672,13.710000038146973,13.399999618530273,13.600000381469727,40106000,10.79832935333252,10.734809831259822
2004-01-07,13.670000076293945,13.989999771118164,13.59000015258789,13.970000267028809,45151100,11.092103004455566,10.853904511013793
2004-01-08,13.989999771118164,14.380000114440918,13.75,14.239999771118164,70741300,11.306478500366211,11.107979927997933
2004-01-09,14.069999694824219,14.359999656677246,14.0,14.170000076293945,41121800,11.250899314880371,11.171499581831126
2004-01-12,14.279999732971191,15.510000228881836,14.239999771118164,14.65999984741211,62729400,11.639961242675781,11.338243190128498
2004-01-13,14.4399995803833,14.479999542236328,14.039999961853027,14.359999656677246,78363800,11.40176010131836,11.465279597142029
2004-01-14,14.479999542236328,14.670000076293945,14.390000343322754,14.59000015258789,30545500,11.58437728881836,11.49703742870967
2004-01-15,14.4399995803833,14.979999542236328,14.4399995803833,14.890000343322754,50439200,11.822578430175781,11.465280297817014
2004-01-16,14.989999771118164,15.029999732971191,14.670000076293945,14.850000381469727,46809800,11.790817260742188,11.901975993237574
2004-01-20,14.90999984741211,14.970000267028809,14.5600004196167,14.710000038146973,40751300,11.679656982421875,11.838455701844643
2004-01-21,14.630000114440918,14.920000076293945,14.510000228881836,14.710000038146973,36834500,11.679656982421875,11.616137494652767
2004-01-22,14.789999961853027,14.90999984741211,14.420000076293945,14.529999732971191,34476800,11.536738395690918,11.743177120987173
2004-01-23,14.550000190734863,14.670000076293945,14.350000381469727,14.539999961853027,28790500,11.544677734375,11.55261785954788
2004-01-26,14.460000038146973,14.539999961853027,14.279999732971191,14.470000267028809,33787100,11.489100456237793,11.481160329624903
2004-01-27,14.420000076293945,14.680000305175781,14.180000305175781,14.199999809265137,32503900,11.2747220993042,11.449401106757714
2004-01-28,14.3100004196167,14.399999618530273,13.859999656677246,13.9399995803833,44593900,11.068284034729004,11.36206269362411
2004-01-29,14.050000190734863,14.220000267028809,13.729999542236328,14.1899995803833,50196100,11.266777038574219,11.155618338408647
2004-01-30,14.109999656677246,14.300000190734863,13.779999732971191,13.859999656677246,45136500,11.0047607421875,11.20325931749024
2004-02-02,13.760000228881836,13.899999618530273,13.510000228881836,13.640000343322754,42162300,10.830082893371582,10.9253621217505
2004-02-03,13.569999694824219,13.989999771118164,13.520000457763672,13.90999984741211,32484300,11.044465065002441,10.774506772511801
2004-02-04,13.1899995803833,13.6899995803833,13.119999885559082,13.270000457763672,47107800,10.536309242248535,10.472788974377131
2004-02-05,13.4399995803833,13.770000457763672,13.319999694824219,13.5600004196167,39729800,10.76656436920166,10.67128437510258
2004-02-06,13.579999923706055,13.760000228881836,13.359999656677246,13.420000076293945,41298900,10.655407905578613,10.782446924156412
2004-02-09,13.539999961853027,13.630000114440918,13.25,13.279999732971191,33219100,10.544244766235352,10.750683479167007
2004-02-10,13.270000457763672,13.529999732971191,13.260000228881836,13.390000343322754,30386400,10.631585121154785,10.536305885520827
2004-02-11,13.529999732971191,13.789999961853027,13.329999923706055,13.699999809265137,38713100,10.877724647521973,10.742745520096536
2004-02-12,13.619999885559082,13.850000381469727,13.510000228881836,13.720000267028809,27981100,10.893604278564453,10.81420452913044
2004-02-13,13.779999732971191,14.100000381469727,13.65999984741211,13.789999961853027,41834100,10.94918155670166,10.94124143183301
2004-02-17,13.90999984741211,13.979999542236328,13.729999542236328,13.760000228881836,21836800,10.92536449432373,11.04446336635812
2004-02-18,13.880000114440918,14.15999984741211,13.710000038146973,14.0600004196167,38796400,11.163562774658203,11.02064352527583
2004-02-19,14.180000305175781,14.210000038146973,13.770000457763672,13.800000190734863,29936900,10.957123756408691,11.258841743642783
2004-02-20,13.960000038146973,13.970000267028809,13.539999961853027,13.710000038146973,27880000,10.885665893554688,11.084164541681352
2004-02-23,13.680000305175781,13.720000267028809,13.220000267028809,13.34000015258789,30737700,10.59188461303711,10.8618428096963
2004-02-24,13.279999732971191,13.359999656677246,13.039999961853027,13.260000228881836,56492900,10.528362274169922,10.54424176291215
2004-02-25,13.289999961853027,13.34000015258789,13.079999923706055,13.1899995803833,35990900,10.472784996032715,10.552184732800809
2004-02-26,13.100000381469727,13.5,12.859999656677246,13.279999732971191,45428900,10.544244766235352,10.40132629800053
2004-02-27,13.300000190734863,13.369999885559082,12.859999656677246,12.869999885559082,44508600,10.218705177307129,10.560122922747343
2004-03-01,13.109999656677246,13.170000076293945,12.880000114440918,13.079999923706055,46943200,10.385446548461914,10.409266168114646
2004-03-02,13.130000114440918,13.279999732971191,12.949999809265137,12.979999542236328,39962100,10.306047439575195,10.425147059576998
2004-03-03,12.90999984741211,13.140000343322754,12.890000343322754,13.010000228881836,29869200,10.329867362976074,10.250467619804965
2004-03-04,12.920000076293945,13.100000381469727,12.890000343322754,13.0,32745100,10.32192611694336,10.258406632185283
2004-03-05,12.869999885559082,13.100000381469727,12.710000038146973,12.710000038146973,59897400,10.091667175292969,10.218706137003002
2004-03-08,12.859999656677246,12.880000114440918,12.319999694824219,12.359999656677246,59836100,9.813767433166504,10.210764508642344
2004-03-09,12.350000381469727,12.479999542236328,12.130000114440918,12.3100004196167,59151200,9.774072647094727,9.805832396867723
2004-03-10,12.399999618530273,12.619999885559082,12.3100004196167,12.40999984741211,73298000,9.853471755981445,9.845531629144048
2004-03-11,12.34000015258789,12.600000381469727,12.170000076293945,12.25,88238400,9.726430892944336,9.797890506372953
2004-03-12,12.489999771118164,12.5,11.949999809265137,12.0600004196167,109858800,9.575570106506348,9.916987087666405
2004-03-15,12.029999732971191,12.050000190734863,11.579999923706055,11.65999984741211,71864700,9.257979393005371,9.551757382777867
2004-03-16,11.789999961853027,11.890000343322754,11.369999885559082,11.699999809265137,84172400,9.289732933044434,9.36119253946363
2004-03-17,11.850000381469727,11.930000305175781,11.680000305175781,11.850000381469727,59616200,9.408830642700195,9.408830642700195
2004-03-18,11.800000190734863,11.829999923706055,11.5600004196167,11.609999656677246,59118700,9.218276023864746,9.369135405382256
2004-03-19,11.600000381469727,11.779999732971191,11.489999771118164,11.5,47572800,9.130935668945312,9.210335412429666
2004-03-22,11.380000114440918,11.449999809265137,11.149999618530273,11.34000015258789,54723000,9.00389575958252,9.035655502269098
2004-03-23,11.449999809265137,11.630000114440918,11.300000190734863,11.399999618530273,62015900,9.051532745361328,9.091232603155644
2004-03-24,11.479999542236328,11.6899995803833,11.300000190734863,11.529999732971191,43124500,9.154754638671875,9.115054769750325
2004-03-25,11.649999618530273,12.029999732971191,11.630000114440918,11.9399995803833,61981700,9.480294227600098,9.250035847283534
2004-03-26,11.930000305175781,12.149999618530273,11.899999618530273,11.920000076293945,47907200,9.464411735534668,9.472351859945867
2004-03-29,12.039999961853027,12.119999885559082,11.960000038146973,12.079999923706055,39093100,9.591449737548828,9.55969000029384
2004-03-30,11.970000267028809,12.130000114440918,11.84000015258789,12.079999923706055,49915300,9.591449737548828,9.504110649400577
2004-03-31,12.100000381469727,12.15999984741211,11.949999809265137,12.0,48584200,9.527934074401855,9.60733382790674
2004-04-01,11.989999771118164,12.359999656677246,11.960000038146973,12.289999961853027,60501700,9.75818920135498,9.519990777374515
2004-04-02,12.619999885559082,12.649999618530273,12.399999618530273,12.579999923706055,48908400,9.988448143005371,10.020207884429396
2004-04-05,12.600000381469727,12.859999656677246,12.550000190734863,12.770000457763672,48809700,10.139310836791992,10.004331701785404
2004-04-06,12.649999618530273,12.739999771118164,12.420000076293945,12.460000038146973,36671400,9.893168449401855,10.04402702470626
2004-04-07,12.430000305175781,12.460000038146973,12.220000267028809,12.350000381469727,45873800,9.805829048156738,9.869348526010697
2004-04-08,12.539999961853027,12.579999923706055,12.300000190734863,12.380000114440918,25128300,9.829648971557617,9.95668793125272
2004-04-12,12.34000015258789,12.569999694824219,12.319999694824219,12.40999984741211,37987000,9.853471755981445,9.797892382544015
2004-04-13,12.430000305175781,12.449999809265137,12.229999542236328,12.3100004196167,34207400,9.774072647094727,9.869351896413717
2004-04-14,12.220000267028809,12.470000267028809,12.210000038146973,12.369999885559082,40484800,9.821709632873535,9.702610787936113
2004-04-15,12.420000076293945,12.420000076293945,11.979999542236328,12.079999923706055,41139700,9.591449737548828,9.861407882822162
2004-04-16,12.170000076293945,12.220000267028809,11.90999984741211,11.989999771118164,37456900,9.519990921020508,9.662910129007662
2004-04-19,12.050000190734863,12.319999694824219,11.970000267028809,12.319999694824219,39837500,9.782011032104492,9.567632932016194
2004-04-20,12.289999961853027,12.430000305175781,11.989999771118164,12.0,46891200,9.527934074401855,9.758192450911414
2004-04-21,11.989999771118164,12.149999618530273,11.869999885559082,12.069999694824219,39061300,9.583514213562012,9.519994708565703
2004-04-22,11.979999542236328,12.5,11.949999809265137,12.369999885559082,47915400,9.821709632873535,9.51205157593945
2004-04-23,12.470000267028809,12.579999923706055,12.350000381469727,12.529999732971191,38928500,9.948744773864746,9.90110555710896
2004-04-26,12.479999542236328,12.5600004196167,12.199999809265137,12.3100004196167,35321200,9.774072647094727,9.90905101572084
2004-04-27,12.270000457763672,12.399999618530273,12.100000381469727,12.149999618530273,38910400,9.647029876708984,9.742309853471221
2004-04-28,12.079999923706055,12.220000267028809,11.770000457763672,11.899999618530273,38196000,9.448532104492188,9.5914513243906
2004-04-29,11.869999885559082,11.890000343322754,11.34000015258789,11.430000305175781,86524700,9.075356483459473,9.424713695877292
2004-04-30,11.5,11.550000190734863,11.220000267028809,11.25,61729600,8.932438850402832,9.130937491522895
2004-05-03,11.359999656677246,11.520000457763672,11.199999809265137,11.329999923706055,47395000,8.995952606201172,9.019772215894449
2004-05-04,11.260000228881836,11.529999732971191,11.170000076293945,11.350000381469727,66183600,9.011841773986816,8.940382116938618
2004-05-05,11.380000114440918,11.600000381469727,11.350000381469727,11.350000381469727,29772000,9.011841773986816,9.035661407265387
2004-05-06,11.260000228881836,11.699999809265137,11.25,11.489999771118164,44245700,9.122992515563965,8.940374226251244
2004-05-07,11.470000267028809,11.680000305175781,11.399999618530273,11.399999618530273,39423200,9.051532745361328,9.107112849158094
2004-05-10,11.260000228881836,11.449999809265137,11.260000228881836,11.399999618530273,36486800,9.051532745361328,8.940374052191405
2004-05-11,11.510000228881836,11.670000076293945,11.430000305175781,11.670000076293945,36158300,9.265917778015137,9.13887875308598
2004-05-12,11.550000190734863,11.65999984741211,11.350000381469727,11.59000015258789,42703600,9.202392578125,9.170632841521426
2004-05-13,11.520000457763672,11.850000381469727,11.5,11.800000190734863,34109400,9.369134902954102,9.146816663242713
2004-05-14,11.739999771118164,11.779999732971191,11.460000038146973,11.600000381469727,33566500,9.210332870483398,9.32149157202848
2004-05-17,11.399999618530273,11.5,11.300000190734863,11.359999656677246,49025700,9.019775390625,9.051535133798566
2004-05-18,11.430000305175781,11.529999732971191,11.369999885559082,11.369999885559082,26005300,9.027713775634766,9.075353759818539
2004-05-19,11.479999542236328,11.59000015258789,11.289999961853027,11.289999961853027,39327800,8.964198112487793,9.115056738315984
2004-05-20,11.380000114440918,11.380000114440918,11.149999618530273,11.229999542236328,35553700,8.916552543640137,9.035652101802004
2004-05-21,11.319999694824219,11.390000343322754,11.180000305175781,11.229999542236328,38074300,8.916552543640137,8.988012127094915
2004-05-24,11.319999694824219,11.430000305175781,11.279999732971191,11.359999656677246,30700600,9.019775390625,8.988015647451434
2004-05-25,11.3100004196167,11.520000457763672,11.180000305175781,11.5,44651300,9.130935668945312,8.980077064979527
2004-05-26,11.449999809265137,11.5,11.279999732971191,11.479999542236328,32837400,9.1150541305542,9.091234513756435
2004-05-27,11.489999771118164,11.619999885559082,11.369999885559082,11.479999542236328,40369500,9.1150541305542,9.12299425522411
2004-05-28,11.420000076293945,11.489999771118164,11.319999694824219,11.399999618530273,30497100,9.051532745361328,9.067412991363778
2004-06-01,11.239999771118164,11.3100004196167,11.050000190734863,11.119999885559082,42016100,8.829217910766602,8.924497150854014
2004-06-02,11.220000267028809,11.260000228881836,11.079999923706055,11.149999618530273,39112300,8.853034973144531,8.908615081709774
2004-06-03,11.15999984741211,11.210000038146973,10.850000381469727,10.970000267028809,53652200,8.710118293762207,8.86097688816696
2004-06-04,11.09000015258789,11.180000305175781,11.010000228881836,11.039999961853027,48278700,8.765698432922363,8.805398305665555
2004-06-07,11.180000305175781,11.420000076293945,11.130000114440918,11.420000076293945,43849600,9.067415237426758,8.876856781465522
2004-06-08,11.420000076293945,11.609999656677246,11.34000015258789,11.59000015258789,49357800,9.202392578125,9.067413508256845
2004-06-09,11.59000015258789,11.720000267028809,11.5,11.539999961853027,47534000,9.162696838378906,9.202396716288707
2004-06-10,11.569999694824219,11.720000267028809,11.529999732971191,11.710000038146973,42342500,9.297676086425781,9.186516578316219
2004-06-14,11.619999885559082,11.65999984741211,11.449999809265137,11.550000190734863,41450900,9.170638084411621,9.226217465939868
2004-06-15,11.630000114440918,11.859999656677246,11.609999656677246,11.710000038146973,62721200,9.297676086425781,9.234156583852375
2004-06-16,11.359999656677246,11.430000305175781,11.229999542236328,11.350000381469727,80914200,9.011841773986816,9.019781146938014
2004-06-17,11.270000457763672,11.319999694824219,11.119999885559082,11.140000343322754,41264700,8.845096588134766,8.948315935824258
2004-06-18,11.100000381469727,11.350000381469727,11.050000190734863,11.140000343322754,62933800,8.845096588134766,8.813336847092765
2004-06-21,11.130000114440918,11.210000038146973,11.109999656677246,11.149999618530273,38332300,8.853034973144531,8.837155482991513
2004-06-22,11.109999656677246,11.1899995803833,11.050000190734863,11.119999885559082,55112100,8.829217910766602,8.821277784789627
2004-06-23,11.09000015258789,11.210000038146973,11.079999923706055,11.149999618530273,45101400,8.853034973144531,8.805395745473605
2004-06-24,11.15999984741211,11.569999694824219,11.140000343322754,11.5,70678600,9.130935668945312,8.860977449752998
2004-06-25,11.5600004196167,11.960000038146973,11.510000228881836,11.800000190734863,88673100,9.369134902954102,9.17857641177291
2004-06-28,11.779999732971191,11.850000381469727,11.600000381469727,11.630000114440918,47118600,9.234152793884277,9.3532516230247
2004-06-29,11.619999885559082,11.859999656677246,11.579999923706055,11.770000457763672,39040900,9.345314025878906,9.226214416975429
2004-06-30,11.760000228881836,12.069999694824219,11.640000343322754,11.930000305175781,62400000,9.472354888916016,9.33737575961118
2004-07-01,11.850000381469727,11.960000038146973,11.609999656677246,11.8100004196167,61520000,9.377074241638184,9.408833987500302
2004-07-02,11.75,11.819999694824219,11.619999885559082,11.649999618530273,32076700,9.250038146972656,9.3294379215302
2004-07-06,11.550000190734863,11.600000381469727,11.140000343322754,11.199999809265137,61782900,8.892735481262207,9.170633772668996
2004-07-07,11.149999618530273,11.319999694824219,11.130000114440918,11.199999809265137,50583800,8.892735481262207,8.85303561717382
2004-07-08,11.140000343322754,11.149999618530273,10.859999656677246,10.920000076293945,71465200,8.670419692993164,8.845098688815819
2004-07-09,11.029999732971191,11.25,10.979999542236328,11.029999732971191,47046600,8.757758140563965,8.757758140563965
2004-07-12,11.069999694824219,11.229999542236328,11.010000228881836,11.09000015258789,37216900,8.80539608001709,8.789515832048862
2004-07-13,11.140000343322754,11.149999618530273,11.0,11.0,39466700,8.733938217163086,8.84509770343241
2004-07-14,10.949999809265137,11.010000228881836,10.680000305175781,10.789999961853027,79172000,8.567200660705566,8.694239660085358
2004-07-15,10.970000267028809,11.0,10.6899995803833,10.720000267028809,72403300,8.511619567871094,8.710118153595248
2004-07-16,10.84000015258789,10.869999885559082,10.210000038146973,10.220000267028809,100621100,8.114619255065918,8.606895466224868
2004-07-19,10.380000114440918,10.479999542236328,10.289999961853027,10.329999923706055,54154100,8.201960563659668,8.241660427707265
2004-07-20,10.380000114440918,10.539999961853027,10.270000457763672,10.5,45273400,8.336941719055176,8.24166247598857
2004-07-21,10.550000190734863,10.8100004196167,10.329999923706055,10.350000381469727,67054800,8.217844009399414,8.37664277016015
2004-07-22,10.359999656677246,10.460000038146973,10.119999885559082,10.359999656677246,34995200,8.225780487060547,8.225780487060547
2004-07-23,10.279999732971191,10.3100004196167,10.029999732971191,10.100000381469727,36626900,8.019343376159668,8.16226184671979
2004-07-26,10.119999885559082,10.270000457763672,10.029999732971191,10.079999923706055,42494100,8.003464698791504,8.035224449294162
2004-07-27,10.109999656677246,10.489999771118164,10.100000381469727,10.380000114440918,44267700,8.241661071777344,8.027282243494183
2004-07-28,10.3100004196167,10.369999885559082,10.050000190734863,10.25,45714900,8.138440132141113,8.186080114868318
2004-07-29,10.34000015258789,10.5,10.270000457763672,10.380000114440918,41100200,8.241661071777344,8.209901329499688
2004-07-30,10.390000343322754,10.520000457763672,10.350000381469727,10.510000228881836,31709700,8.344883918762207,8.249604652021237
2004-08-02,10.369999885559082,10.670000076293945,10.329999923706055,10.670000076293945,40242900,8.471923828125,8.23372525772616
2004-08-03,10.569999694824219,10.680000305175781,10.520000457763672,10.5600004196167,44096400,8.384578704833984,8.392518070992814
2004-08-04,10.5600004196167,10.970000267028809,10.520000457763672,10.84000015258789,51684300,8.60689926147461,8.38458104551522
2004-08-05,10.829999923706055,10.850000381469727,10.539999961853027,10.640000343322754,46577100,8.448098182678223,8.598956740756476
2004-08-06,10.430000305175781,10.539999961853027,10.1899995803833,10.1899995803833,38588500,8.090802192687988,8.281361414509337
2004-08-09,10.300000190734863,10.470000267028809,10.199999809265137,10.369999885559082,31533900,8.233718872070312,8.178139526392986
2004-08-10,10.449999809265137,10.609999656677246,10.3100004196167,10.600000381469727,31955300,8.416339874267578,8.297240275062338
2004-08-11,10.390000343322754,10.420000076293945,10.09000015258789,10.1899995803833,43650500,8.090802192687988,8.249601670407785
2004-08-12,10.09000015258789,10.199999809265137,9.779999732971191,9.899999618530273,56499100,7.860544681549072,8.011404049733553
2004-08-13,9.949999809265137,10.279999732971191,9.930000305175781,10.25,46512000,8.138440132141113,7.9002417329287615
2004-08-16,10.25,10.420000076293945,10.199999809265137,10.25,32335500,8.138440132141113,8.138440132141113
2004-08-17,10.289999961853027,10.430000305175781,10.119999885559082,10.279999732971191,40834000,8.162260055541992,8.170200179167354
2004-08-18,10.140000343322754,10.529999732971191,10.119999885559082,10.510000228881836,40961900,8.344883918762207,8.05110599034114
2004-08-19,10.4399995803833,10.489999771118164,10.34000015258789,10.420000076293945,32090200,8.273422241210938,8.289301736482967
2004-08-20,10.390000343322754,10.430000305175781,10.300000190734863,10.3100004196167,24015500,8.186081886291504,8.249601372198487
2004-08-23,10.329999923706055,10.390000343322754,10.220000267028809,10.300000190734863,27130700,8.178140640258789,8.201960254905915
2004-08-24,10.329999923706055,10.359999656677246,10.149999618530273,10.329999923706055,38644600,8.201960563659668,8.201960563659668
2004-08-25,10.350000381469727,10.4399995803833,10.260000228881836,10.399999618530273,29812200,8.25754451751709,8.217845388573496
2004-08-26,10.369999885559082,10.420000076293945,10.210000038146973,10.229999542236328,27281500,8.122560501098633,8.233719964412261
2004-08-27,10.239999771118164,10.34000015258789,10.229999542236328,10.289999961853027,20328400,8.170201301574707,8.130501435205863
2004-08-30,10.199999809265137,10.239999771118164,10.079999923706055,10.109999656677246,33704600,8.02728271484375,8.098742328467468
2004-08-31,10.109999656677246,10.140000343322754,9.819999694824219,9.970000267028809,37907800,7.9161200523376465,8.027278722952337
2004-09-01,9.960000038146973,10.109999656677246,9.9399995803833,10.050000190734863,28920000,7.979645252227783,7.908185622708589
2004-09-02,10.069999694824219,10.350000381469727,9.970000267028809,10.289999961853027,40370000,8.170201301574707,7.99552234387898
2004-09-03,10.199999809265137,10.289999961853027,9.970000267028809,10.029999732971191,33742000,7.963758945465088,8.09873797481294
2004-09-07,10.170000076293945,10.220000267028809,9.979999542236328,10.079999923706055,31732100,8.003464698791504,8.07492432672553
2004-09-08,9.9399995803833,10.029999732971191,9.859999656677246,9.859999656677246,47062500,7.828785419464111,7.89230491825477
2004-09-09,9.979999542236328,10.020000457763672,9.899999618530273,9.930000305175781,44902800,7.884364604949951,7.9240637190324765
2004-09-10,10.119999885559082,10.5,10.039999961853027,10.460000038146973,66209200,8.305183410644531,8.035225129899649
2004-09-13,10.550000190734863,10.699999809265137,10.510000228881836,10.619999885559082,52492300,8.432219505310059,8.376640145759861
2004-09-14,10.640000343322754,10.6899995803833,10.460000038146973,10.550000190734863,72170200,8.376639366149902,8.44809896875629
2004-09-15,11.09000015258789,11.40999984741211,11.029999732971191,11.329999923706055,135089500,8.995952606201172,8.805394214231482
2004-09-16,11.25,11.399999618530273,11.170000076293945,11.229999542236328,57893500,8.916552543640137,8.93243278761307
2004-09-17,11.25,11.579999923706055,11.229999542236328,11.510000228881836,59258000,9.138872146606445,8.93243350172465
2004-09-20,11.350000381469727,11.550000190734863,11.3100004196167,11.399999618530273,40527500,9.051532745361328,9.011833644778816
2004-09-21,11.670000076293945,11.680000305175781,11.34000015258789,11.40999984741211,44463000,9.059476852416992,9.265915597962843
2004-09-22,11.279999732971191,11.390000343322754,11.100000381469727,11.140000343322754,55341300,8.845096588134766,8.95625530317579
2004-09-23,11.15999984741211,11.239999771118164,11.020000457763672,11.050000190734863,40709000,8.773638725280762,8.860977841202251
2004-09-24,11.119999885559082,11.210000038146973,11.010000228881836,11.039999961853027,30796100,8.765698432922363,8.829217926426635
2004-09-27,10.979999542236328,11.279999732971191,10.930000305175781,11.1899995803833,40616600,8.884798049926758,8.7180591759876
2004-09-28,11.239999771118164,11.359999656677246,11.09000015258789,11.359999656677246,45610200,9.019775390625,8.9244961611043
2004-09-29,11.34000015258789,11.520000457763672,11.279999732971191,11.430000305175781,41868100,9.075356483459473,9.003896864343716
2004-09-30,11.420000076293945,11.449999809265137,11.239999771118164,11.279999732971191,49604900,8.956256866455078,9.06741635811051
2004-10-01,11.649999618530273,11.949999809265137,11.510000228881836,11.899999618530273,69604100,9.448532104492188,9.250033524505277
2004-10-04,12.100000381469727,12.180000305175781,11.829999923706055,11.869999885559082,66003300,9.424714088439941,9.607333206810315
2004-10-05,11.84000015258789,12.210000038146973,11.829999923706055,12.210000038146973,46999300,9.694673538208008,9.400895643985002
2004-10-06,12.140000343322754,12.260000228881836,12.0600004196167,12.239999771118164,44461400,9.718491554260254,9.639092566299997
2004-10-07,12.210000038146973,12.420000076293945,12.1899995803833,12.289999961853027,50909000,9.75818920135498,9.694669722588445
2004-10-08,12.170000076293945,12.470000267028809,12.020000457763672,12.170000076293945,45517700,9.662907600402832,9.662907600402832
2004-10-11,12.170000076293945,12.270000457763672,12.079999923706055,12.199999809265137,25741700,9.686731338500977,9.662911718987704
2004-10-12,12.029999732971191,12.229999542236328,11.979999542236328,12.149999618530273,35379900,9.647029876708984,9.551750657158674
2004-10-13,12.149999618530273,12.170000076293945,11.930000305175781,11.989999771118164,40599700,9.519990921020508,9.647029880470454
2004-10-14,11.930000305175781,12.109999656677246,11.920000076293945,12.0,28269600,9.527934074401855,9.472354701275739
2004-10-15,12.039999961853027,12.25,12.0,12.239999771118164,41393100,9.718491554260254,9.559692821127653
2004-10-18,12.149999618530273,12.460000038146973,12.100000381469727,12.420000076293945,33181100,9.861410140991211,9.647031297520428
2004-10-19,12.449999809265137,12.539999961853027,12.3100004196167,12.3100004196167,44047000,9.774072647094727,9.885231392694132
2004-10-20,12.239999771118164,12.420000076293945,12.180000305175781,12.420000076293945,35207600,9.861410140991211,9.718490912010688
2004-10-21,12.4399995803833,12.470000267028809,12.279999732971191,12.4399995803833,40699800,9.877289772033691,9.877289772033691
2004-10-22,12.430000305175781,12.479999542236328,12.1899995803833,12.3100004196167,33118300,9.774072647094727,9.869351896413717
2004-10-25,12.260000228881836,12.329999923706055,12.050000190734863,12.130000114440918,33386800,9.631152153015137,9.734371515775017
2004-10-26,12.15999984741211,12.300000190734863,12.109999656677246,12.270000457763672,33466400,9.742310523986816,9.654970665478912
2004-10-27,12.15999984741211,12.720000267028809,12.149999618530273,12.59000015258789,43334500,9.996389389038086,9.65497156252132
2004-10-28,12.479999542236328,12.770000457763672,12.210000038146973,12.739999771118164,31068300,10.115484237670898,9.909045598401269
2004-10-29,12.8100004196167,12.8100004196167,12.550000190734863,12.65999984741211,34619900,10.051968574523926,10.171068184013206
2004-11-01,12.720000267028809,12.869999885559082,12.550000190734863,12.75,27994800,10.123429298400879,10.099609676776977
2004-11-02,12.760000228881836,13.0,12.680000305175781,12.800000190734863,40570200,10.163127899169922,10.131368155246754
2004-11-03,12.949999809265137,13.0,12.720000267028809,12.829999923706055,33987500,10.186948776245117,10.282228019784858
2004-11-04,12.850000381469727,13.140000343322754,12.829999923706055,13.100000381469727,37692700,10.401326179504395,10.202827594072723
2004-11-05,13.119999885559082,13.279999732971191,13.079999923706055,13.170000076293945,34605000,10.456911087036133,10.417211197452195
2004-11-08,13.069999694824219,13.199999809265137,13.010000228881836,13.109999656677246,21120600,10.409265518188477,10.377505774897141
2004-11-09,13.09000015258789,13.380000114440918,13.069999694824219,13.350000381469727,32825300,10.599822998046875,10.393384321878408
2004-11-10,13.34000015258789,13.5,13.289999961853027,13.380000114440918,40553300,10.623645782470703,10.591886034906855
2004-11-11,13.229999542236328,13.279999732971191,12.779999732971191,13.140000343322754,48867000,10.433089256286621,10.504548133815248
2004-11-12,13.010000228881836,13.399999618530273,12.970000267028809,13.390000343322754,41742700,10.631585121154785,10.329867163041227
2004-11-15,13.300000190734863,13.3100004196167,12.970000267028809,13.010000228881836,35834100,10.329867362976074,10.560125709517807
2004-11-16,12.970000267028809,13.039999961853027,12.869999885559082,12.920000076293945,29547200,10.258404731750488,10.298104591672631
2004-11-17,12.989999771118164,13.210000038146973,12.949999809265137,13.130000114440918,28451100,10.42514419555664,10.313984732202037
2004-11-18,13.109999656677246,13.149999618530273,12.949999809265137,12.970000267028809,25803100,10.298108100891113,10.409266837897729
2004-11-19,13.069999694824219,13.15999984741211,12.6899995803833,12.75,30991800,10.123429298400879,10.377507281621494
2004-11-22,12.670000076293945,12.75,12.510000228881836,12.680000305175781,41035900,10.06784725189209,10.05990712772465
2004-11-23,12.600000381469727,12.8100004196167,12.510000228881836,12.699999809265137,27711900,10.083725929260254,10.00432696562908
2004-11-24,12.739999771118164,12.859999656677246,12.710000038146973,12.789999961853027,19122000,10.15518856048584,10.115488688203806
2004-11-26,12.779999732971191,12.789999961853027,12.640000343322754,12.65999984741211,9101000,10.051968574523926,10.14724780778813
2004-11-29,12.630000114440918,12.789999961853027,12.579999923706055,12.680000305175781,32675200,10.06784725189209,10.028147388266802
2004-11-30,12.640000343322754,12.8100004196167,12.619999885559082,12.739999771118164,32502200,10.115484237670898,10.036085285252252
2004-12-01,12.75,13.09000015258789,12.65999984741211,13.09000015258789,46113400,10.39338493347168,10.123426765244583
2004-12-02,12.899999618530273,13.069999694824219,12.819999694824219,12.949999809265137,27804600,10.282228469848633,10.242528593999674
2004-12-03,12.84000015258789,13.109999656677246,12.739999771118164,13.029999732971191,69334000,10.345747947692871,10.194889328422217
2004-12-06,12.979999542236328,13.510000228881836,12.960000038146973,13.34000015258789,55786100,10.59188461303711,10.306046166121728
2004-12-07,13.359999656677246,13.569999694824219,13.020000457763672,13.0600004196167,41045600,10.369571685791016,10.6077695031287
2004-12-08,13.140000343322754,13.420000076293945,13.09000015258789,13.210000038146973,39890300,10.488662719726562,10.433083371704244
2004-12-09,13.0600004196167,13.399999618530273,13.010000228881836,13.289999961853027,35971400,10.5521821975708,10.369563906976222
2004-12-10,13.15999984741211,13.449999809265137,13.140000343322754,13.279999732971191,32027500,10.544244766235352,10.448965535008131
2004-12-13,14.210000038146973,14.869999885559082,13.75,14.630000114440918,181316700,11.61613655090332,11.282658888602787
2004-12-14,14.460000038146973,14.609999656677246,14.180000305175781,14.229999542236328,78544300,11.298542022705078,11.481161161980259
2004-12-15,14.140000343322754,14.180000305175781,13.920000076293945,14.09000015258789,73641400,11.187379837036133,11.227079703581019
2004-12-16,14.0,14.170000076293945,13.979999542236328,14.09000015258789,53533600,11.187379837036133,11.115920228697732
2004-12-17,14.0,14.170000076293945,13.920000076293945,13.979999542236328,62424100,11.100042343139648,11.115922596024365
2004-12-20,14.0,14.100000381469727,13.550000190734863,13.579999923706055,53505200,10.78244400024414,11.115921712186708
2004-12-21,13.529999732971191,13.899999618530273,13.529999732971191,13.789999961853027,50640900,10.94918155670166,10.742742853388664
2004-12-22,13.800000190734863,13.899999618530273,13.649999618530273,13.699999809265137,35878500,10.877724647521973,10.957124401494173
2004-12-23,13.640000343322754,13.779999732971191,13.600000381469727,13.640000343322754,20796300,10.830082893371582,10.830082893371582
2004-12-27,13.720000267028809,13.779999732971191,13.609999656677246,13.649999618530273,28715500,10.838021278381348,10.893601391138107
2004-12-28,13.600000381469727,13.890000343322754,13.579999923706055,13.84000015258789,34572700,10.988880157470703,10.798321725855024
2004-12-29,13.729999542236328,13.869999885559082,13.65999984741211,13.720000267028809,42544900,10.893604278564453,10.901543647738151
2004-12-30,13.680000305175781,13.9399995803833,13.65999984741211,13.880000114440918,37261100,11.020644187927246,10.861845433071965
2004-12-31,13.859999656677246,14.029999732971191,13.680000305175781,13.720000267028809,43515400,10.893604278564453,11.004763019117517
2005-01-03,13.880000114440918,13.890000343322754,13.390000343322754,13.40999984741211,60319300,10.647464752197266,11.02064233114245
2005-01-04,13.460000038146973,13.479999542236328,12.920000076293945,13.0600004196167,80906400,10.369571685791016,10.687169280382859
2005-01-05,13.029999732971191,13.260000228881836,13.010000228881836,13.100000381469727,42548400,10.401326179504395,10.345746060679359
2005-01-06,13.130000114440918,13.350000381469727,13.079999923706055,13.220000267028809,55580100,10.496603012084961,10.425143416497942
2005-01-07,13.34000015258789,13.449999809265137,13.149999618530273,13.329999923706055,45685800,10.58394718170166,10.591887308850652
2005-01-10,13.319999694824219,13.449999809265137,13.170000076293945,13.1899995803833,47571800,10.472784996032715,10.576004350946434
2005-01-11,13.09000015258789,13.390000343322754,13.0600004196167,13.199999809265137,63973000,10.48072624206543,10.393387128049216
2005-01-12,13.260000228881836,13.489999771118164,13.239999771118164,13.479999542236328,53420800,10.70304012298584,10.52836196587725
2005-01-13,13.380000114440918,13.670000076293945,13.34000015258789,13.479999542236328,56987700,10.70304012298584,10.623641167176059
2005-01-14,13.5600004196167,13.760000228881836,13.489999771118164,13.630000114440918,42509100,10.822144508361816,10.766565138841026
2005-01-18,13.59000015258789,13.899999618530273,13.520000457763672,13.779999732971191,60758900,10.941238403320312,10.790379858633223
2005-01-19,13.65999984741211,13.800000190734863,13.449999809265137,13.470000267028809,51115100,10.695101737976074,10.845960297893564
2005-01-20,13.4399995803833,13.680000305175781,13.279999732971191,13.279999732971191,45253200,10.544244766235352,10.67128374120498
2005-01-21,13.350000381469727,13.489999771118164,13.279999732971191,13.3100004196167,40716100,10.568065643310547,10.599825388559667
2005-01-24,13.359999656677246,13.5,13.210000038146973,13.239999771118164,37540700,10.512482643127441,10.607761852789437
2005-01-25,13.489999771118164,13.739999771118164,13.460000038146973,13.59000015258789,48682500,10.790382385253906,10.71098265437722
2005-01-26,13.960000038146973,14.010000228881836,13.609999656677246,13.619999885559082,78543500,10.814200401306152,11.084158537683125
2005-01-27,13.670000076293945,13.979999542236328,13.5,13.970000267028809,61917900,11.092103004455566,10.853904511013793
2005-01-28,13.90999984741211,13.949999809265137,13.550000190734863,13.680000305175781,47465300,10.861844062805176,11.044462418547637
2005-01-31,13.770000457763672,13.890000343322754,13.630000114440918,13.770000457763672,38555200,10.933305740356445,10.933305740356445
2005-02-01,13.729999542236328,13.760000228881836,13.579999923706055,13.649999618530273,43567600,10.838021278381348,10.90154075820742
2005-02-02,13.670000076293945,13.699999809265137,13.449999809265137,13.5600004196167,42057200,10.76656436920166,10.853903480378408
2005-02-03,13.470000267028809,13.550000190734863,13.279999732971191,13.34000015258789,39310700,10.59188461303711,10.69510396806633
2005-02-04,13.3100004196167,13.699999809265137,13.300000190734863,13.65999984741211,35832700,10.845962524414062,10.56806496073623
2005-02-07,13.569999694824219,13.609999656677246,13.40999984741211,13.550000190734863,43465100,10.758625030517578,10.774504525887682
2005-02-08,13.550000190734863,13.600000381469727,13.460000038146973,13.470000267028809,28869900,10.695101737976074,10.758621211332056
2005-02-09,13.40999984741211,13.479999542236328,13.149999618530273,13.170000076293945,42305100,10.456911087036133,10.647469648384137
2005-02-10,13.210000038146973,13.239999771118164,13.020000457763672,13.140000343322754,41274700,10.433089256286621,10.488668635657415
2005-02-11,13.109999656677246,13.390000343322754,13.010000228881836,13.350000381469727,50626000,10.599822998046875,10.409263812315736
2005-02-14,13.260000228881836,13.380000114440918,13.229999542236328,13.3100004196167,34744600,10.568065643310547,10.528365772446133
2005-02-15,13.34000015258789,13.460000038146973,13.260000228881836,13.289999961853027,43226900,10.5521821975708,10.5918820564167
2005-02-16,13.239999771118164,13.460000038146973,13.229999542236328,13.329999923706055,28360700,10.58394718170166,10.512487551785137
2005-02-17,13.300000190734863,13.380000114440918,12.890000343322754,12.960000038146973,44724400,10.290167808532715,10.560126034980094
2005-02-18,12.970000267028809,12.989999771118164,12.84000015258789,12.9399995803833,34769400,10.274288177490234,10.298108556942626
2005-02-22,12.760000228881836,12.869999885559082,12.640000343322754,12.65999984741211,50815200,10.051968574523926,10.131368314183446
2005-02-23,12.729999542236328,12.989999771118164,12.59000015258789,12.949999809265137,40930600,10.282228469848633,10.107549470440503
2005-02-24,12.84000015258789,13.119999885559082,12.829999923706055,13.010000228881836,39114400,10.329867362976074,10.194888253912431
2005-02-25,13.039999961853027,13.140000343322754,12.960000038146973,13.130000114440918,29254000,10.42514419555664,10.35368459462953
2005-02-28,13.079999923706055,13.25,12.90999984741211,12.949999809265137,37646400,10.282228469848633,10.385447844171066
2005-03-01,13.029999732971191,13.239999771118164,12.979999542236328,13.149999618530273,47027400,10.441025733947754,10.345746499762255
2005-03-02,13.029999732971191,13.199999809265137,12.819999694824219,13.050000190734863,49438200,10.361626625061035,10.345746374283367
2005-03-03,13.079999923706055,13.170000076293945,12.960000038146973,13.09000015258789,35449800,10.39338493347168,10.385444809179841
2005-03-04,13.220000267028809,13.460000038146973,13.180000305175781,13.279999732971191,55955700,10.544244766235352,10.496605529227752
2005-03-07,13.369999885559082,13.760000228881836,13.34000015258789,13.600000381469727,54894700,10.79832935333252,10.615710159464191
2005-03-08,13.600000381469727,13.800000190734863,13.59000015258789,13.619999885559082,38824300,10.814200401306152,10.798320911807892
2005-03-09,13.4399995803833,13.640000343322754,13.3100004196167,13.350000381469727,38544700,10.599822998046875,10.67128184083268
2005-03-10,13.359999656677246,13.420000076293945,13.220000267028809,13.260000228881836,28878100,10.528362274169922,10.607761232304673
2005-03-11,13.329999923706055,13.380000114440918,13.0,13.09000015258789,36704200,10.39338493347168,10.583943373204244
2005-03-14,13.100000381469727,13.25,13.010000228881836,13.149999618530273,30111500,10.441025733947754,10.401326620946161
2005-03-15,13.270000457763672,13.289999961853027,13.109999656677246,13.149999618530273,34154200,10.441025733947754,10.536305725345295
2005-03-16,13.039999961853027,13.210000038146973,12.899999618530273,13.020000457763672,44721200,10.337808609008789,10.353688105036577
2005-03-17,13.010000228881836,13.34000015258789,12.989999771118164,13.15999984741211,43835700,10.448966979980469,10.32986811377944
2005-03-18,12.9399995803833,13.010000228881836,12.510000228881836,12.539999961853027,153018100,9.95669174194336,10.27428926273413
2005-03-21,12.600000381469727,12.6899995803833,12.420000076293945,12.649999618530273,57215900,10.044032096862793,10.004332969827315
2005-03-22,12.680000305175781,12.739999771118164,12.390000343322754,12.489999771118164,50698700,9.916986465454102,10.06784577363724
2005-03-23,12.319999694824219,12.59000015258789,12.239999771118164,12.510000228881836,69699700,9.932868957519531,9.782009615223442
2005-03-24,12.529999732971191,12.550000190734863,12.359999656677246,12.399999618530273,34531200,9.845528602600098,9.948747948119808
2005-03-28,12.399999618530273,12.579999923706055,12.260000228881836,12.430000305175781,35841500,9.869348526000977,9.845528153896836
2005-03-29,12.390000343322754,12.520000457763672,12.229999542236328,12.279999732971191,35637300,9.750249862670898,9.837589720919782
2005-03-30,12.34000015258789,12.630000114440918,12.319999694824219,12.479999542236328,35214200,9.909049987792969,9.797891253724757
2005-03-31,12.470000267028809,12.670000076293945,12.4399995803833,12.479999542236328,32835900,9.909049987792969,9.901110619082443
2005-04-01,12.5600004196167,12.720000267028809,12.520000457763672,12.529999732971191,38333200,9.948744773864746,9.972565139454337
2005-04-04,12.569999694824219,12.729999542236328,12.539999961853027,12.6899995803833,48303100,10.075788497924805,9.980509261782231
2005-04-05,12.649999618530273,12.699999809265137,12.380000114440918,12.449999809265137,42466000,9.885231971740723,10.04403072990765
2005-04-06,12.40999984741211,12.5600004196167,12.319999694824219,12.380000114440918,30283800,9.829648971557617,9.853468587197467
2005-04-07,12.369999885559082,12.479999542236328,12.279999732971191,12.449999809265137,40822100,9.885231971740723,9.821712468473953
2005-04-08,12.420000076293945,12.529999732971191,12.329999923706055,12.359999656677246,38601300,9.813767433166504,9.86140741539681
2005-04-11,12.369999885559082,12.420000076293945,12.3100004196167,12.399999618530273,24216700,9.845528602600098,9.8217089866223
2005-04-12,12.350000381469727,12.529999732971191,12.34000015258789,12.489999771118164,41508400,9.916986465454102,9.805827772278954
2005-04-13,12.399999618530273,12.489999771118164,12.170000076293945,12.260000228881836,34983000,9.734374046325684,9.845532806493136
2005-04-14,12.289999961853027,12.359999656677246,12.0600004196167,12.09000015258789,49235100,9.599390983581543,9.758189688424142
2005-04-15,11.9399995803833,11.970000267028809,11.65999984741211,11.699999809265137,62108300,9.289732933044434,9.480291378687653
2005-04-18,11.710000038146973,11.970000267028809,11.670000076293945,11.800000190734863,42602500,9.369134902954102,9.29767527945812
2005-04-19,11.899999618530273,11.960000038146973,11.6899995803833,11.880000114440918,48096200,9.432652473449707,9.448531965865444
2005-04-20,11.880000114440918,12.029999732971191,11.729999542236328,11.779999732971191,55428000,9.353254318237305,9.43265406535183
2005-04-21,11.930000305175781,12.199999809265137,11.90999984741211,12.170000076293945,51078800,9.662907600402832,9.472349211093531
2005-04-22,12.119999885559082,12.170000076293945,11.829999923706055,11.920000076293945,43471400,9.464411735534668,9.623210437698953
2005-04-25,11.930000305175781,12.109999656677246,11.920000076293945,12.069999694824219,32411300,9.583514213562012,9.472355458424584
2005-04-26,12.0,12.300000190734863,11.850000381469727,11.880000114440918,30723400,9.432652473449707,9.52793169958007
2005-04-27,11.829999923706055,12.0,11.8100004196167,11.899999618530273,26514600,9.448532104492188,9.39295274440369
2005-04-28,11.859999656677246,11.899999618530273,11.550000190734863,11.619999885559082,39434000,9.226213455200195,9.416771900926792
2005-04-29,11.670000076293945,11.680000305175781,11.25,11.5600004196167,41386100,9.17857551574707,9.265914626375912
2005-05-02,11.569999694824219,11.680000305175781,11.510000228881836,11.600000381469727,27176700,9.210332870483398,9.186512499684998
2005-05-03,11.529999732971191,11.729999542236328,11.510000228881836,11.59000015258789,39877600,9.202392578125,9.154752594613713
2005-05-04,11.649999618530273,11.869999885559082,11.630000114440918,11.720000267028809,37634100,9.305614471435547,9.250034349179886
2005-05-05,11.710000038146973,11.770000457763672,11.5600004196167,11.65999984741211,44792300,9.257979393005371,9.297679285074619
2005-05-06,11.720000267028809,11.800000190734863,11.670000076293945,11.760000228881836,27731800,9.337373733520508,9.30561398982331
2005-05-09,11.739999771118164,11.850000381469727,11.6899995803833,11.75,28091400,9.32943058013916,9.321490457489068
2005-05-10,11.579999923706055,11.720000267028809,11.489999771118164,11.520000457763672,36598000,9.14681339263916,9.194452619794149
2005-05-11,11.579999923706055,11.760000228881836,11.479999542236328,11.699999809265137,32542900,9.289732933044434,9.194453710222824
2005-05-12,11.65999984741211,12.020000457763672,11.640000343322754,11.890000343322754,62649000,9.440594673156738,9.2579755483611
2005-05-13,11.920000076293945,12.390000343322754,11.90999984741211,12.359999656677246,69496400,9.813767433166504,9.464410339920969
2005-05-16,12.260000228881836,12.449999809265137,12.25,12.350000381469727,41887000,9.805829048156738,9.734369446268058
2005-05-17,12.260000228881836,12.279999732971191,11.979999542236328,12.210000038146973,61633100,9.694673538208008,9.73437341736511
2005-05-18,12.210000038146973,12.430000305175781,12.130000114440918,12.329999923706055,44940000,9.789950370788574,9.694671138721018
2005-05-19,12.359999656677246,12.640000343322754,12.350000381469727,12.430000305175781,40463700,9.869348526000977,9.81376841496989
2005-05-20,12.449999809265137,12.640000343322754,12.399999618530273,12.550000190734863,25230900,9.964630126953125,9.885230382032349
2005-05-23,12.619999885559082,12.770000457763672,12.600000381469727,12.699999809265137,47390500,10.083725929260254,10.020206455470571
2005-05-24,12.65999984741211,12.859999656677246,12.640000343322754,12.800000190734863,43792600,10.163127899169922,10.051968416832825
2005-05-25,12.720000267028809,12.789999961853027,12.609999656677246,12.75,32280900,10.123429298400879,10.099609676776977
2005-05-26,12.819999694824219,12.979999542236328,12.770000457763672,12.920000076293945,31827400,10.258404731750488,10.179005011906202
2005-05-27,12.859999656677246,12.899999618530273,12.789999961853027,12.850000381469727,21594400,10.202831268310547,10.210770639105807
2005-05-31,12.770000457763672,12.869999885559082,12.6899995803833,12.800000190734863,28423900,10.163127899169922,10.139308280530553
2005-06-01,12.789999961853027,12.970000267028809,12.770000457763672,12.890000343322754,33329000,10.234585762023926,10.155186037188605
2005-06-02,12.880000114440918,12.989999771118164,12.84000015258789,12.979999542236328,33375700,10.306047439575195,10.226648450119429
2005-06-03,12.949999809265137,12.960000038146973,12.550000190734863,12.59000015258789,49038900,9.996389389038086,10.282227093918976
2005-06-06,12.569999694824219,12.720000267028809,12.550000190734863,12.649999618530273,29298000,10.044032096862793,9.980512584951255
2005-06-07,12.640000343322754,12.800000190734863,12.5600004196167,12.59000015258789,34230100,9.996389389038086,10.036089259574556
2005-06-08,12.630000114440918,12.75,12.600000381469727,12.670000076293945,35934900,10.05990982055664,10.02815007259736
2005-06-09,12.630000114440918,12.729999542236328,12.579999923706055,12.670000076293945,30027400,10.05990982055664,10.02815007259736
2005-06-10,12.649999618530273,12.850000381469727,12.550000190734863,12.640000343322754,28917900,10.036089897155762,10.044029265997796
2005-06-13,12.579999923706055,12.789999961853027,12.5600004196167,12.600000381469727,29601000,10.004329681396484,9.988449430032295
2005-06-14,12.569999694824219,12.640000343322754,12.420000076293945,12.479999542236328,36616900,9.909049987792969,9.980509606672298
2005-06-15,12.579999923706055,12.699999809265137,12.300000190734863,12.619999885559082,42236600,10.020215034484863,9.988455270398243
2005-06-16,12.5600004196167,12.630000114440918,12.350000381469727,12.460000038146973,40706600,9.893168449401855,9.97256817780118
2005-06-17,12.600000381469727,12.640000343322754,12.279999732971191,12.34000015258789,58512100,9.797886848449707,10.004325486347213
2005-06-20,12.300000190734863,12.550000190734863,12.279999732971191,12.40999984741211,34560100,9.853471755981445,9.766132632406602
2005-06-21,12.399999618530273,12.59000015258789,12.369999885559082,12.550000190734863,25868700,9.964630126953125,9.84553050957196
2005-06-22,12.600000381469727,12.699999809265137,12.5,12.630000114440918,31376000,10.028149604797363,10.004329984242087
2005-06-23,12.630000114440918,12.84000015258789,12.479999542236328,12.510000228881836,40990400,9.932868957519531,10.028148183448229
2005-06-24,12.59000015258789,12.65999984741211,12.40999984741211,12.5,34563900,9.924927711486816,9.996387312163424
2005-06-27,12.5,12.630000114440918,12.5,12.539999961853027,29560700,9.95669174194336,9.924931989864284
2005-06-28,12.59000015258789,12.920000076293945,12.569999694824219,12.829999923706055,49229600,10.186948776245117,9.996390289165635
2005-06-29,13.470000267028809,13.789999961853027,13.229999542236328,13.569999694824219,155754700,10.77450180053711,10.695102829345881
2005-06-30,13.5600004196167,13.630000114440918,13.15999984741211,13.199999809265137,73638100,10.48072624206543,10.766564719231381
2005-07-01,13.390000343322754,13.399999618530273,13.210000038146973,13.289999961853027,40126400,10.5521821975708,10.631581915262599
2005-07-05,13.25,13.3100004196167,12.989999771118164,13.270000457763672,43866000,10.536309242248535,10.520428985977611
2005-07-06,13.229999542236328,13.65999984741211,13.210000038146973,13.319999694824219,60319100,10.576004028320312,10.504544418851339
2005-07-07,13.229999542236328,13.350000381469727,13.1899995803833,13.289999961853027,50565700,10.5521821975708,10.504542215513357
2005-07-08,13.279999732971191,13.569999694824219,13.260000228881836,13.5600004196167,36333200,10.76656436920166,10.544245392586559
2005-07-11,13.569999694824219,13.739999771118164,13.539999961853027,13.710000038146973,37520900,10.885665893554688,10.774506378007347
2005-07-12,13.65999984741211,13.890000343322754,13.619999885559082,13.800000190734863,30736600,10.957123756408691,10.845964258834407
2005-07-13,13.760000228881836,14.0,13.710000038146973,13.960000038146973,34444700,11.084163665771484,10.925364911261443
2005-07-14,13.979999542236328,14.100000381469727,13.859999656677246,14.050000190734863,45097400,11.155616760253906,11.100036660822033
2005-07-15,14.020000457763672,14.109999656677246,13.979999542236328,14.039999961853027,43579300,11.147679328918457,11.131799837541584
2005-07-18,13.960000038146973,13.989999771118164,13.899999618530273,13.899999618530273,41776800,11.03652286529541,11.084162866820607
2005-07-19,13.979999542236328,14.510000228881836,13.75,13.9399995803833,36381100,11.068284034729004,11.100043787418713
2005-07-20,13.789999961853027,14.079999923706055,13.779999732971191,14.029999732971191,33567000,11.139739036560059,10.949180599640952
2005-07-21,13.949999809265137,14.050000190734863,13.539999961853027,13.720000267028809,41179300,10.893604278564453,11.076222642165705
2005-07-22,13.670000076293945,13.84000015258789,13.569999694824219,13.800000190734863,27661200,10.957123756408691,10.853904385206597
2005-07-25,13.800000190734863,13.899999618530273,13.710000038146973,13.789999961853027,18455700,10.94918155670166,10.95712168157031
2005-07-26,13.800000190734863,13.960000038146973,13.760000228881836,13.789999961853027,24798000,10.94918155670166,10.95712168157031
2005-07-27,13.890000343322754,13.949999809265137,13.699999809265137,13.84000015258789,22664400,10.988880157470703,11.028580020026943
2005-07-28,13.859999656677246,13.899999618530273,13.710000038146973,13.850000381469727,18985900,10.996826171875,11.004765542869455
2005-07-29,13.829999923706055,13.859999656677246,13.569999694824219,13.569999694824219,27162200,10.77450180053711,10.980940488615774
2005-08-01,13.670000076293945,13.6899995803833,13.449999809265137,13.520000457763672,25341800,10.734801292419434,10.853900112267223
2005-08-02,13.520000457763672,13.6899995803833,13.4399995803833,13.579999923706055,28944700,10.78244400024414,10.734804759802103
2005-08-03,13.5,13.520000457763672,13.289999961853027,13.380000114440918,31846100,10.623645782470703,10.718925025162248
2005-08-04,13.25,13.380000114440918,13.210000038146973,13.300000190734863,30788400,10.560125350952148,10.52042548071459
2005-08-05,13.270000457763672,13.359999656677246,13.140000343322754,13.279999732971191,25542900,10.544244766235352,10.536305398208766
2005-08-08,13.34000015258789,13.420000076293945,13.25,13.289999961853027,24940300,10.5521821975708,10.5918820564167
2005-08-09,13.329999923706055,13.4399995803833,13.300000190734863,13.359999656677246,21887400,10.607765197753906,10.583945577130288
2005-08-10,13.380000114440918,13.569999694824219,13.300000190734863,13.350000381469727,29897300,10.599822998046875,10.62364261230881
2005-08-11,13.329999923706055,13.470000267028809,13.260000228881836,13.369999885559082,25785900,10.615706443786621,10.583946693866723
2005-08-12,13.319999694824219,13.359999656677246,13.199999809265137,13.300000190734863,31991200,10.560125350952148,10.576004844719945
2005-08-15,13.260000228881836,13.380000114440918,13.220000267028809,13.289999961853027,37981700,10.5521821975708,10.528362585147992
2005-08-16,13.260000228881836,13.350000381469727,13.25,13.300000190734863,32583500,10.560125350952148,10.52836560620451
2005-08-17,13.279999732971191,13.329999923706055,13.140000343322754,13.239999771118164,29401000,10.512482643127441,10.54424237968144
2005-08-18,13.199999809265137,13.270000457763672,13.039999961853027,13.09000015258789,28469400,10.39338493347168,10.480724029046122
2005-08-19,13.140000343322754,13.220000267028809,13.0600004196167,13.069999694824219,22327200,10.377506256103516,10.433086377349618
2005-08-22,13.0600004196167,13.199999809265137,12.989999771118164,13.09000015258789,22938400,10.39338493347168,10.369565317808092
2005-08-23,13.0600004196167,13.180000305175781,12.960000038146973,13.100000381469727,26582100,10.401326179504395,10.369566436123808
2005-08-24,13.069999694824219,13.119999885559082,12.869999885559082,12.949999809265137,34968300,10.282228469848633,10.377507717558846
2005-08-25,12.970000267028809,13.0600004196167,12.920000076293945,12.970000267028809,23002700,10.298108100891113,10.298108100891113
2005-08-26,12.949999809265137,13.0,12.819999694824219,12.899999618530273,21404700,10.242528915405273,10.282228792499996
2005-08-29,12.84000015258789,13.170000076293945,12.829999923706055,13.079999923706055,24065700,10.385446548461914,10.194888076815948
2005-08-30,13.010000228881836,13.069999694824219,12.84000015258789,13.029999732971191,24651900,10.345747947692871,10.329868451712242
2005-08-31,13.0,13.029999732971191,12.819999694824219,12.989999771118164,41226700,10.313982963562012,10.321923086128319
2005-09-01,12.9399995803833,13.399999618530273,12.920000076293945,13.3100004196167,48010000,10.568065643310547,10.274287053241116
2005-09-02,13.359999656677246,13.5600004196167,13.350000381469727,13.390000343322754,30062900,10.631585121154785,10.607764744337254
2005-09-06,13.430000305175781,13.619999885559082,13.390000343322754,13.5600004196167,21904000,10.76656436920166,10.663345006604377
2005-09-07,13.5,13.579999923706055,13.329999923706055,13.40999984741211,21709400,10.647464752197266,10.7189243691455
2005-09-08,13.489999771118164,13.529999732971191,13.260000228881836,13.369999885559082,21637400,10.615706443786621,10.71098569354631
2005-09-09,13.460000038146973,13.479999542236328,13.0,13.279999732971191,26508800,10.544244766235352,10.687163991682194
2005-09-12,13.489999771118164,13.5,13.279999732971191,13.489999771118164,63897300,10.71098518371582,10.71098518371582
2005-09-13,13.479999542236328,14.0,13.460000038146973,13.640000343322754,52205500,10.830082893371582,10.703043164987694
2005-09-14,13.680000305175781,13.75,13.4399995803833,13.4399995803833,42778400,10.671286582946777,10.861845853358783
2005-09-15,13.510000228881836,13.529999732971191,13.270000457763672,13.369999885559082,35539600,10.615706443786621,10.726865947112342
2005-09-16,13.430000305175781,13.470000267028809,13.119999885559082,13.25,139633800,10.520424842834473,10.663344064139308
2005-09-19,13.279999732971191,13.390000343322754,13.140000343322754,13.289999961853027,34865300,10.5521821975708,10.544242074359255
2005-09-20,13.319999694824219,13.569999694824219,13.270000457763672,13.399999618530273,50218900,10.63952350616455,10.576004021612857
2005-09-21,13.420000076293945,13.470000267028809,13.170000076293945,13.289999961853027,41807500,10.5521821975708,10.655401527685408
2005-09-22,13.319999694824219,13.619999885559082,13.210000038146973,13.520000457763672,50974700,10.734801292419434,10.576001856339944
2005-09-23,12.539999961853027,12.600000381469727,12.260000228881836,12.449999809265137,171863900,9.885231971740723,9.956691602218893
2005-09-26,12.529999732971191,12.550000190734863,12.319999694824219,12.399999618530273,59122300,9.845528602600098,9.948747948119808
2005-09-27,12.430000305175781,12.460000038146973,12.289999961853027,12.329999923706055,37175600,9.789950370788574,9.869350109450883
2005-09-28,12.329999923706055,12.34000015258789,12.180000305175781,12.1899995803833,44322900,9.678793907165527,9.789953424523832
2005-09-29,12.1899995803833,12.350000381469727,12.0,12.319999694824219,52676000,9.782011032104492,9.678791666427871
2005-09-30,12.300000190734863,12.550000190734863,12.25,12.399999618530273,47203900,9.845528602600098,9.766129630270125
2005-10-03,12.420000076293945,12.569999694824219,12.369999885559082,12.380000114440918,29586900,9.829648971557617,9.861408711481394
2005-10-04,12.380000114440918,12.449999809265137,12.140000343322754,12.239999771118164,41009900,9.718491554260254,9.82965104605912
2005-10-05,12.220000267028809,12.25,12.029999732971191,12.170000076293945,34813500,9.662907600402832,9.702607454145202
2005-10-06,12.1899995803833,12.279999732971191,11.899999618530273,12.029999732971191,45171900,9.551752090454102,9.678791068917445
2005-10-07,12.069999694824219,12.100000381469727,11.850000381469727,11.979999542236328,39090400,9.512054443359375,9.583514074748214
2005-10-10,11.970000267028809,12.069999694824219,11.850000381469727,12.010000228881836,29861900,9.535870552062988,9.504110814257102
2005-10-11,12.010000228881836,12.210000038146973,11.989999771118164,12.079999923706055,45667300,9.591449737548828,9.535870386655565
2005-10-12,12.0600004196167,12.25,12.0,12.0,38115600,9.527934074401855,9.57557407794722
2005-10-13,11.989999771118164,12.220000267028809,11.970000267028809,12.079999923706055,27465200,9.591449737548828,9.51999013942214
2005-10-14,12.140000343322754,12.350000381469727,12.0600004196167,12.3100004196167,32795600,9.774072647094727,9.639093521256452
2005-10-17,12.279999732971191,12.59000015258789,12.210000038146973,12.380000114440918,39140000,9.829648971557617,9.750249243142214
2005-10-18,12.329999923706055,12.470000267028809,12.319999694824219,12.369999885559082,25834800,9.821709632873535,9.789949890409423
2005-10-19,12.319999694824219,12.59000015258789,11.960000038146973,12.1899995803833,58423300,9.678793907165527,9.78201329673847
2005-10-20,12.289999961853027,12.40999984741211,12.109999656677246,12.140000343322754,47209000,9.6390962600708,9.758195166256785
2005-10-21,12.210000038146973,12.380000114440918,12.180000305175781,12.260000228881836,35759000,9.734374046325684,9.694674164603482
2005-10-24,12.380000114440918,12.850000381469727,12.3100004196167,12.819999694824219,57706100,10.179007530212402,9.82965034233196
2005-10-25,12.729999542236328,13.050000190734863,12.699999809265137,12.970000267028809,51784400,10.298108100891113,10.107548859771578
2005-10-26,12.850000381469727,12.979999542236328,12.569999694824219,12.65999984741211,43585600,10.051968574523926,10.202827928434608
2005-10-27,12.600000381469727,12.729999542236328,12.4399995803833,12.449999809265137,29631200,9.885231971740723,10.004331608275074
2005-10-28,12.5600004196167,12.770000457763672,12.479999542236328,12.710000038146973,33849500,10.091667175292969,9.972568337992797
2005-10-31,12.649999618530273,12.779999732971191,12.569999694824219,12.680000305175781,41947800,10.06784725189209,10.044026879389767
2005-11-01,12.579999923706055,12.859999656677246,12.579999923706055,12.729999542236328,24436100,10.107545852661133,9.988447024955278
2005-11-02,12.579999923706055,12.65999984741211,12.300000190734863,12.479999542236328,50044000,9.909049987792969,9.988449732594908
2005-11-03,12.399999618530273,12.40999984741211,11.75,12.199999809265137,111121100,9.686731338500977,9.845530063942885
2005-11-04,12.180000305175781,12.640000343322754,12.170000076293945,12.609999656677246,44196600,10.012267112731934,9.670850103790585
2005-11-07,12.59000015258789,12.640000343322754,12.449999809265137,12.609999656677246,29100600,10.012267112731934,9.996387621652108
2005-11-08,12.550000190734863,12.649999618530273,12.489999771118164,12.619999885559082,25869100,10.020215034484863,9.964635636636405
2005-11-09,12.5600004196167,12.619999885559082,12.479999542236328,12.510000228881836,23907100,9.932868957519531,9.972568824292816
2005-11-10,12.489999771118164,12.710000038146973,12.380000114440918,12.699999809265137,31650400,10.083725929260254,9.916987121259375
2005-11-11,12.699999809265137,13.029999732971191,12.649999618530273,12.8100004196167,30479200,10.171067237854004,10.083727380910876
2005-11-14,12.779999732971191,12.9399995803833,12.75,12.819999694824219,23442500,10.179007530212402,10.147247785859635
2005-11-15,12.729999542236328,12.800000190734863,12.600000381469727,12.670000076293945,27329000,10.05990982055664,10.1075490638895
2005-11-16,12.619999885559082,12.630000114440918,12.40999984741211,12.489999771118164,31078200,9.916986465454102,10.020205792839459
2005-11-17,12.449999809265137,12.630000114440918,12.380000114440918,12.609999656677246,42275000,10.012267112731934,9.885228155245672
2005-11-18,12.800000190734863,12.819999694824219,12.569999694824219,12.619999885559082,33066200,10.020215034484863,10.163134351480904
2005-11-21,12.529999732971191,12.649999618530273,12.34000015258789,12.4399995803833,41774600,9.877289772033691,9.948749387517895
2005-11-22,12.329999923706055,12.489999771118164,12.3100004196167,12.390000343322754,46235900,9.837590217590332,9.78995022366647
2005-11-23,12.350000381469727,12.670000076293945,12.34000015258789,12.640000343322754,34181400,10.036089897155762,9.805831542070653
2005-11-25,12.670000076293945,12.770000457763672,12.600000381469727,12.609999656677246,7851700,10.012267112731934,10.05990710039524
2005-11-28,12.59000015258789,12.600000381469727,12.470000267028809,12.539999961853027,23031900,9.95669174194336,9.99639162134526
2005-11-29,12.579999923706055,12.800000190734863,12.569999694824219,12.729999542236328,28170600,10.107545852661133,9.988447024955278
2005-11-30,12.710000038146973,12.8100004196167,12.5600004196167,12.600000381469727,34494400,10.004329681396484,10.091668792263338
2005-12-01,12.680000305175781,12.920000076293945,12.670000076293945,12.859999656677246,30461000,10.21076488494873,10.067846447414372
2005-12-02,12.9399995803833,12.949999809265137,12.729999542236328,12.760000228881836,28696700,10.13137149810791,10.27429001431233
2005-12-05,12.720000267028809,12.739999771118164,12.420000076293945,12.510000228881836,44188500,9.932868957519531,10.099607792197748
2005-12-06,12.539999961853027,12.630000114440918,12.420000076293945,12.520000457763672,31834600,9.94080924987793,9.95668874252772
2005-12-07,12.520000457763672,12.579999923706055,12.359999656677246,12.510000228881836,40344700,9.932868957519531,9.940809082316584
2005-12-08,12.5,12.520000457763672,12.229999542236328,12.4399995803833,74267000,9.877289772033691,9.924929768093843
2005-12-09,12.430000305175781,12.579999923706055,12.430000305175781,12.5,44904200,9.924927711486816,9.869348358610296
2005-12-12,12.510000228881836,12.859999656677246,12.5,12.84000015258789,47509200,10.194890975952148,9.932872813625439
2005-12-13,12.699999809265137,12.859999656677246,12.600000381469727,12.829999923706055,40282800,10.186948776245117,10.083729406440701
2005-12-14,12.819999694824219,12.899999618530273,12.680000305175781,12.8100004196167,36832500,10.171067237854004,10.179006605311772
2005-12-15,12.710000038146973,12.850000381469727,12.640000343322754,12.829999923706055,39606200,10.186948776245117,10.091669532705376
2005-12-16,12.539999961853027,12.729999542236328,11.989999771118164,12.6899995803833,203707200,10.075788497924805,9.956689642049604
2005-12-19,12.550000190734863,12.619999885559082,12.279999732971191,12.319999694824219,88450900,9.782011032104492,9.964630142828385
2005-12-20,12.390000343322754,12.420000076293945,12.25,12.279999732971191,88569800,9.750249862670898,9.837589720919782
2005-12-21,12.319999694824219,12.319999694824219,12.140000343322754,12.180000305175781,42154200,9.670848846435547,9.782007541177775
2005-12-22,12.15999984741211,12.420000076293945,12.149999618530273,12.319999694824219,64662200,9.782011032104492,9.654972045798525
2005-12-23,12.380000114440918,12.510000228881836,12.3100004196167,12.34000015258789,28028200,9.797886848449707,9.82964658064842
2005-12-27,12.329999923706055,12.40999984741211,12.239999771118164,12.350000381469727,20909100,9.805829048156738,9.789948800087295
2005-12-28,12.350000381469727,12.4399995803833,12.270000457763672,12.279999732971191,21423600,9.750249862670898,9.805829978978
2005-12-29,12.270000457763672,12.359999656677246,12.229999542236328,12.289999961853027,21138100,9.75818920135498,9.742309710269305
2005-12-30,12.210000038146973,12.399999618530273,12.15999984741211,12.210000038146973,22598000,9.694673538208008,9.694673538208008
2006-01-03,12.229999542236328,12.800000190734863,12.220000267028809,12.600000381469727,56073800,10.004329681396484,9.71055108885548
2006-01-04,12.5600004196167,12.779999732971191,12.539999961853027,12.619999885559082,56412300,10.020215034484863,9.972575766961185
2006-01-05,12.619999885559082,12.920000076293945,12.600000381469727,12.789999961853027,52657100,10.15518856048584,10.020209449054171
2006-01-06,12.800000190734863,13.149999618530273,12.75,13.119999885559082,95067600,10.417203903198242,10.16312599930937
2006-01-09,13.010000228881836,13.09000015258789,12.789999961853027,12.880000114440918,48177800,10.226649284362793,10.329868660566348
2006-01-10,12.8100004196167,12.8100004196167,12.609999656677246,12.619999885559082,43903600,10.020215034484863,10.171074481805686
2006-01-11,12.640000343322754,12.680000305175781,12.470000267028809,12.600000381469727,60810100,10.004329681396484,10.0360894269128
2006-01-12,12.729999542236328,12.739999771118164,12.479999542236328,12.520000457763672,43749300,9.94080924987793,10.10754733015469
2006-01-13,12.489999771118164,12.539999961853027,12.369999885559082,12.510000228881836,33247500,9.932868957519531,9.916988707925425
2006-01-17,12.460000038146973,12.539999961853027,12.399999618530273,12.4399995803833,22593700,9.877289772033691,9.893170023124425
2006-01-18,12.369999885559082,12.390000343322754,12.229999542236328,12.34000015258789,44744000,9.797886848449707,9.821706458295806
2006-01-19,12.470000267028809,12.600000381469727,12.449999809265137,12.520000457763672,41646400,9.94080924987793,9.901109382435466
2006-01-20,12.479999542236328,12.529999732971191,12.260000228881836,12.289999961853027,53853200,9.75818920135498,9.909047774122524
2006-01-23,12.3100004196167,12.5,12.210000038146973,12.300000190734863,36996200,9.766131401062012,9.774071526898291
2006-01-24,12.350000381469727,12.390000343322754,12.1899995803833,12.199999809265137,48399500,9.686731338500977,9.805830950491446
2006-01-25,12.399999618530273,12.5600004196167,12.34000015258789,12.510000228881836,92994900,9.932868957519531,9.845529099175907
2006-01-26,12.5600004196167,12.600000381469727,12.40999984741211,12.4399995803833,63482400,9.877289772033691,9.972569764153995
2006-01-27,12.449999809265137,12.529999732971191,12.390000343322754,12.40999984741211,61590500,9.853471755981445,9.885231506118858
2006-01-30,12.420000076293945,12.649999618530273,12.279999732971191,12.609999656677246,62092100,10.012267112731934,9.861408540019976
2006-01-31,12.5600004196167,12.59000015258789,12.40999984741211,12.569999694824219,53373600,9.980510711669922,9.972571342080384
2006-02-01,12.40999984741211,12.649999618530273,12.390000343322754,12.579999923706055,54206000,9.988448143005371,9.853469052650274
2006-02-02,12.539999961853027,12.579999923706055,12.359999656677246,12.390000343322754,41926000,9.837590217590332,9.956689066581967
2006-02-03,12.300000190734863,12.380000114440918,12.180000305175781,12.210000038146973,63619900,9.694673538208008,9.766133169248347
2006-02-06,12.220000267028809,12.289999961853027,12.0600004196167,12.25,61768000,9.726430892944336,9.702611274205472
2006-02-07,12.229999542236328,12.390000343322754,12.210000038146973,12.369999885559082,51162700,9.821709632873535,9.710550155643148
2006-02-08,12.4399995803833,12.630000114440918,12.4399995803833,12.569999694824219,54270900,9.980510711669922,9.877291334884246
2006-02-09,12.5600004196167,12.800000190734863,12.460000038146973,12.6899995803833,107351900,10.075788497924805,9.97256989334606
2006-02-10,12.579999923706055,12.800000190734863,12.5600004196167,12.6899995803833,59674100,10.075788497924805,9.98844938743046
2006-02-13,12.640000343322754,12.720000267028809,12.399999618530273,12.489999771118164,37636000,9.916986465454102,10.036086038842654
2006-02-14,12.479999542236328,12.489999771118164,12.350000381469727,12.399999618530273,47912300,9.845528602600098,9.909048083348852
2006-02-15,12.369999885559082,12.5,12.350000381469727,12.40999984741211,37630400,9.853471755981445,9.821712005844033
2006-02-16,12.420000076293945,12.489999771118164,12.359999656677246,12.4399995803833,29399100,9.877289772033691,9.861410278155006
2006-02-17,12.380000114440918,12.4399995803833,12.319999694824219,12.399999618530273,35536000,9.845528602600098,9.82964911101888
2006-02-21,12.350000381469727,12.380000114440918,12.25,12.34000015258789,41343600,9.797886848449707,9.805826970802322
2006-02-22,12.359999656677246,12.489999771118164,12.279999732971191,12.479999542236328,40641000,9.909049987792969,9.813770748357893
2006-02-23,12.4399995803833,12.539999961853027,12.399999618530273,12.399999618530273,39913300,9.845528602600098,9.877288342974474
2006-02-24,12.390000343322754,12.489999771118164,12.380000114440918,12.460000038146973,31299300,9.893168449401855,9.837589093849486
2006-02-27,12.4399995803833,12.510000228881836,12.359999656677246,12.460000038146973,38585600,9.893168449401855,9.877288200837219
2006-02-28,12.420000076293945,12.579999923706055,12.390000343322754,12.420000076293945,43399200,9.861410140991211,9.861410140991211
2006-03-01,12.489999771118164,12.829999923706055,12.489999771118164,12.8100004196167,72471500,10.171067237854004,9.91698854890632
2006-03-02,12.75,12.920000076293945,12.680000305175781,12.800000190734863,63229200,10.163127899169922,10.123428029962957
2006-03-03,12.630000114440918,12.930000305175781,12.609999656677246,12.789999961853027,52363900,10.15518856048584,10.028149574952995
2006-03-06,12.75,12.960000038146973,12.729999542236328,12.770000457763672,48553100,10.139310836791992,10.123430582220763
2006-03-07,12.739999771118164,12.920000076293945,12.720000267028809,12.880000114440918,36177700,10.226649284362793,10.115489781402314
2006-03-08,12.8100004196167,12.949999809265137,12.75,12.859999656677246,38942500,10.21076488494873,10.171065781707544
2006-03-09,12.899999618530273,13.0,12.819999694824219,12.84000015258789,48773800,10.194890975952148,10.242530228804856
2006-03-10,12.880000114440918,13.0,12.84000015258789,12.899999618530273,38438000,10.242528915405273,10.22664941889469
2006-03-13,12.920000076293945,12.949999809265137,12.850000381469727,12.899999618530273,24297100,10.242528915405273,10.258409169128033
2006-03-14,12.90999984741211,12.979999542236328,12.869999885559082,12.960000038146973,44498300,10.290167808532715,10.250467935723613
2006-03-15,12.9399995803833,13.319999694824219,12.899999618530273,13.239999771118164,76106900,10.512482643127441,10.274284240366532
2006-03-16,13.34000015258789,13.539999961853027,13.270000457763672,13.5,81957200,10.718921661376953,10.591882710988607
2006-03-17,13.539999961853027,13.720000267028809,13.420000076293945,13.600000381469727,70639000,10.79832935333252,10.750689333171781
2006-03-20,13.65999984741211,13.869999885559082,13.569999694824219,13.720000267028809,123796300,10.893604278564453,10.845964277461619
2006-03-21,13.34000015258789,13.899999618530273,13.220000267028809,13.619999885559082,144515800,10.814200401306152,10.591882247847638
2006-03-22,13.569999694824219,14.0,13.550000190734863,13.989999771118164,83106300,11.10798454284668,10.774506742146565
2006-03-23,13.90999984741211,13.989999771118164,13.729999542236328,13.800000190734863,51106100,10.957123756408691,11.044462874866404
2006-03-24,13.779999732971191,13.829999923706055,13.720000267028809,13.789999961853027,35174400,10.94918155670166,10.94124143183301
2006-03-27,13.829999923706055,13.9399995803833,13.770000457763672,13.84000015258789,36646600,10.988880157470703,10.980940033517076
2006-03-28,13.829999923706055,13.850000381469727,13.569999694824219,13.59000015258789,47533800,10.790382385253906,10.980940830703611
2006-03-29,13.59000015258789,13.8100004196167,13.430000305175781,13.720000267028809,55889400,10.893604278564453,10.790384907185087
2006-03-30,13.720000267028809,13.850000381469727,13.640000343322754,13.779999732971191,50501000,10.941238403320312,10.893599181718821
2006-03-31,13.710000038146973,13.850000381469727,13.6899995803833,13.6899995803833,33305800,10.869784355163574,10.885664608601068
2006-04-03,13.75,13.859999656677246,13.75,13.789999961853027,26912300,10.94918155670166,10.917421814439045
2006-04-04,13.819999694824219,13.90999984741211,13.779999732971191,13.84000015258789,30831800,10.988880157470703,10.972999909563448
2006-04-05,13.819999694824219,14.0,13.8100004196167,13.949999809265137,70984700,11.076220512390137,10.973001160858159
2006-04-06,13.960000038146973,13.960000038146973,13.739999771118164,13.800000190734863,32788400,10.957123756408691,11.08416274951523
2006-04-07,13.829999923706055,13.90999984741211,13.720000267028809,13.75,29517200,10.917423248291016,10.980942741158652
2006-04-10,13.729999542236328,13.850000381469727,13.619999885559082,13.829999923706055,28928600,10.980938911437988,10.901539194438907
2006-04-11,13.829999923706055,14.0,13.720000267028809,13.84000015258789,44219500,10.988880157470703,10.980940033517076
2006-04-12,13.84000015258789,13.899999618530273,13.729999542236328,13.779999732971191,29217300,10.941238403320312,10.98887838213358
2006-04-13,13.75,13.770000457763672,13.65999984741211,13.680000305175781,29693900,10.861844062805176,10.917423430689908
2006-04-17,13.65999984741211,13.829999923706055,13.649999618530273,13.739999771118164,28970700,10.909481048583984,10.84596156779084
2006-04-18,13.699999809265137,14.010000228881836,13.6899995803833,14.0,41113900,11.115921974182129,10.877723494721522
2006-04-19,13.84000015258789,14.34000015258789,13.8100004196167,14.3100004196167,58050400,11.362060546875,10.988882955369954
2006-04-20,14.15999984741211,14.3100004196167,14.100000381469727,14.149999618530273,32815300,11.23502254486084,11.242962672067208
2006-04-21,14.15999984741211,14.449999809265137,14.149999618530273,14.279999732971191,56187800,11.338238716125488,11.24295948826702
2006-04-24,14.229999542236328,14.670000076293945,14.1899995803833,14.479999542236328,61354000,11.49703598022461,11.298537424567042
2006-04-25,14.5600004196167,14.829999923706055,14.550000190734863,14.649999618530273,58690000,11.632017135620117,11.560558278881949
2006-04-26,14.699999809265137,14.739999771118164,14.619999885559082,14.720000267028809,47345900,11.68759822845459,11.671717976383498
2006-04-27,14.680000305175781,15.210000038146973,14.550000190734863,14.930000305175781,108692600,11.854337692260742,11.655839074545524
2006-04-28,14.890000343322754,14.949999809265137,14.520000457763672,14.59000015258789,67677500,11.58437728881836,11.82257573705989
2006-05-01,14.609999656677246,14.960000038146973,14.430000305175781,14.579999923706055,41422900,11.576438903808594,11.600258525049258
2006-05-02,14.5600004196167,14.579999923706055,14.380000114440918,14.430000305175781,29045900,11.4573392868042,11.560558648340784
2006-05-03,14.369999885559082,14.489999771118164,14.069999694824219,14.319999694824219,40839600,11.370000839233398,11.409700715122552
2006-05-04,14.380000114440918,14.470000267028809,14.210000038146973,14.289999961853027,21837400,11.34617805480957,11.417637660054371
2006-05-05,14.300000190734863,14.569999694824219,14.279999732971191,14.449999809265137,26398600,11.473221778869629,11.354122892166517
2006-05-08,14.430000305175781,14.550000190734863,14.170000076293945,14.229999542236328,29683000,11.298542022705078,11.457341537626872
2006-05-09,14.220000267028809,14.279999732971191,14.050000190734863,14.109999656677246,21975400,11.20325756072998,11.290597404783263
2006-05-10,14.069999694824219,14.369999885559082,14.0600004196167,14.239999771118164,23581800,11.306478500366211,11.171499410578825
2006-05-11,14.1899995803833,14.279999732971191,13.800000190734863,13.90999984741211,31474100,11.044465065002441,11.266783347024974
2006-05-12,13.739999771118164,14.220000267028809,13.539999961853027,13.979999542236328,39924500,11.100042343139648,10.909483851795859
2006-05-15,13.829999923706055,14.029999732971191,13.800000190734863,13.970000267028809,26079100,11.092103004455566,10.980943505592835
2006-05-16,13.90999984741211,14.220000267028809,13.869999885559082,14.1899995803833,42273300,11.266777038574219,11.044458881031222
2006-05-17,14.079999923706055,14.109999656677246,13.75,13.850000381469727,47984500,10.996826171875,11.179444577356612
2006-05-18,13.930000305175781,13.989999771118164,13.279999732971191,13.770000457763672,46897500,10.933305740356445,11.060344752122106
2006-05-19,13.609999656677246,13.930000305175781,13.5600004196167,13.699999809265137,46390200,10.877724647521973,10.806265020389427
2006-05-22,13.529999732971191,13.720000267028809,13.5,13.550000190734863,29426200,10.758625030517578,10.742744777935355
2006-05-23,13.5600004196167,13.640000343322754,13.4399995803833,13.470000267028809,27182500,10.695101737976074,10.766561334804516
2006-05-24,13.380000114440918,13.869999885559082,13.359999656677246,13.779999732971191,32985200,10.941238403320312,10.623641068604453
2006-05-25,13.760000228881836,14.109999656677246,13.699999809265137,14.069999694824219,37154800,11.171502113342285,10.925364248095262
2006-05-26,14.050000190734863,14.180000305175781,13.920000076293945,14.050000190734863,18672500,11.155616760253906,11.155616760253906
2006-05-30,14.0,14.1899995803833,13.880000114440918,14.020000457763672,26323900,11.131802558898926,11.115922306427928
2006-05-31,14.010000228881836,14.25,13.970000267028809,14.220000267028809,34272800,11.290595054626465,11.123856281936625
2006-06-01,14.140000343322754,14.239999771118164,13.960000038146973,14.220000267028809,37626100,11.290595054626465,11.227075594288591
2006-06-02,14.220000267028809,14.279999732971191,14.039999961853027,14.149999618530273,22929600,11.23502254486084,11.290602678093212
2006-06-05,14.050000190734863,14.109999656677246,13.859999656677246,13.859999656677246,22489500,11.0047607421875,11.155620083456286
2006-06-06,13.979999542236328,14.0,13.600000381469727,13.819999694824219,31295500,10.973003387451172,11.100042382126569
2006-06-07,13.859999656677246,13.880000114440918,13.5,13.539999961853027,30404500,10.750685691833496,11.004763694066149
2006-06-08,13.449999809265137,13.59000015258789,13.199999809265137,13.529999732971191,50882600,10.742741584777832,10.679222107753617
2006-06-09,13.489999771118164,13.539999961853027,13.329999923706055,13.470000267028809,26740100,10.695101737976074,10.710981227709144
2006-06-12,13.460000038146973,13.579999923706055,13.220000267028809,13.25,36625600,10.520424842834473,10.687163681952782
2006-06-13,13.270000457763672,13.539999961853027,13.100000381469727,13.149999618530273,36410300,10.441025733947754,10.536305725345295
2006-06-14,13.149999618530273,13.289999961853027,13.069999694824219,13.1899995803833,27433700,10.472784996032715,10.44102525276788
2006-06-15,13.329999923706055,13.84000015258789,13.300000190734863,13.699999809265137,47881400,10.877724647521973,10.583946769364307
2006-06-16,14.470000267028809,14.920000076293945,14.09000015258789,14.1899995803833,115901400,11.266777038574219,11.489095953329072
2006-06-19,14.350000381469727,14.5600004196167,14.180000305175781,14.289999961853027,35603700,11.34617805480957,11.393818044043417
2006-06-20,14.420000076293945,14.479999542236328,14.229999542236328,14.25,29998100,11.314420700073242,11.449399814615996
2006-06-21,14.289999961853027,14.899999618530273,14.279999732971191,14.529999732971191,58342800,11.536738395690918,11.346179921823019
2006-06-22,14.619999885559082,14.699999809265137,14.25,14.329999923706055,48936300,11.37794017791748,11.608198533474313
2006-06-23,14.680000305175781,15.069999694824219,14.539999961853027,14.899999618530273,72620900,11.830516815185547,11.655838584138296
2006-06-26,14.869999885559082,14.930000305175781,14.520000457763672,14.670000076293945,32602300,11.647897720336914,11.806696446328177
2006-06-27,14.609999656677246,14.670000076293945,14.329999923706055,14.5,41863600,11.512916564941406,11.600255659389498
2006-06-28,14.5,14.630000114440918,14.489999771118164,14.579999923706055,25331900,11.576438903808594,11.512919409025423
2006-06-29,14.609999656677246,14.859999656677246,14.399999618530273,14.739999771118164,52383700,11.703479766845703,11.60026038199686
2006-06-30,14.770000457763672,14.970000267028809,14.489999771118164,14.489999771118164,49491600,11.50497817993164,11.727297147571889
2006-07-03,14.609999656677246,14.8100004196167,14.609999656677246,14.8100004196167,16969500,11.75905704498291,11.600257563969391
2006-07-05,14.630000114440918,14.770000457763672,14.550000190734863,14.569999694824219,29529100,11.568497657775879,11.616137652857548
2006-07-06,14.520000457763672,14.640000343322754,14.430000305175781,14.5,28736300,11.512916564941406,11.52879681332029
2006-07-07,14.5,14.979999542236328,14.420000076293945,14.779999732971191,53231000,11.735237121582031,11.512918899676622
2006-07-10,14.779999732971191,14.979999542236328,14.399999618530273,14.59000015258789,32810500,11.58437728881836,11.735235876951199
2006-07-11,14.470000267028809,14.579999923706055,14.289999961853027,14.539999961853027,35140800,11.544677734375,11.489098372588867
2006-07-12,14.510000228881836,14.59000015258789,14.149999618530273,14.220000267028809,26652400,11.290595054626465,11.520853287654177
2006-07-13,13.880000114440918,14.270000457763672,13.770000457763672,14.100000381469727,52970500,11.195318222045898,11.020639290720517
2006-07-14,14.050000190734863,14.390000343322754,13.930000305175781,14.289999961853027,40051300,11.34617805480957,11.15561961229806
2006-07-17,14.239999771118164,14.470000267028809,14.220000267028809,14.420000076293945,32459300,11.449398040771484,11.306478822289238
2006-07-18,14.390000343322754,14.8100004196167,14.350000381469727,14.720000267028809,52405400,11.68759822845459,11.425580126978323
2006-07-19,14.8100004196167,15.210000038146973,14.729999542236328,15.069999694824219,66918900,11.965495109558105,11.7590571454583
2006-07-20,15.0600004196167,15.239999771118164,14.90999984741211,15.119999885559082,48545800,12.005196571350098,11.957557326094395
2006-07-21,15.029999732971191,15.289999961853027,14.960000038146973,15.119999885559082,57164900,12.005196571350098,11.933736946254394
2006-07-24,15.079999923706055,15.170000076293945,14.920000076293945,14.979999542236328,47729400,11.894033432006836,11.973433159427442
2006-07-25,14.930000305175781,15.0600004196167,14.800000190734863,14.930000305175781,36945500,11.854337692260742,11.854337692260742
2006-07-26,14.9399995803833,15.1899995803833,14.760000228881836,15.020000457763672,35836600,11.925800323486328,11.862280053162443
2006-07-27,15.079999923706055,15.1899995803833,14.789999961853027,14.869999885559082,37199200,11.806695938110352,11.973434782526938
2006-07-28,14.930000305175781,15.119999885559082,14.850000381469727,15.069999694824219,25837300,11.965495109558105,11.854336380553299
2006-07-31,14.930000305175781,15.029999732971191,14.819999694824219,14.970000267028809,35173100,11.886094093322754,11.85433435372131
2006-08-01,14.899999618530273,14.9399995803833,14.550000190734863,14.729999542236328,33903300,11.695536613464355,11.830515715865992
2006-08-02,14.699999809265137,14.9399995803833,14.550000190734863,14.8100004196167,33423700,11.75905704498291,11.671717178983066
2006-08-03,14.800000190734863,15.029999732971191,14.729999542236328,14.770000457763672,31820900,11.727299690246582,11.751119314368232
2006-08-04,14.84000015258789,14.869999885559082,14.489999771118164,14.619999885559082,35927100,11.608197212219238,11.782876179825376
2006-08-07,14.640000343322754,14.6899995803833,14.5,14.619999885559082,31683300,11.608197212219238,11.62407746255253
2006-08-08,14.65999984741211,15.0,14.65999984741211,14.800000190734863,42021300,11.751114845275879,11.639955379629814
2006-08-09,14.949999809265137,15.25,14.850000381469727,14.949999809265137,50604600,11.87021255493164,11.87021255493164
2006-08-10,14.880000114440918,15.270000457763672,14.859999656677246,15.130000114440918,34394400,12.013134002685547,11.814635425160429
2006-08-11,15.100000381469727,15.15999984741211,14.890000343322754,14.989999771118164,19315000,11.901976585388184,11.989316459222287
2006-08-14,15.109999656677246,15.5,15.0600004196167,15.289999961853027,36319700,12.140172004699707,11.99725279795122
2006-08-15,15.470000267028809,15.75,15.430000305175781,15.720000267028809,47767900,12.481590270996094,12.283091701355879
2006-08-16,15.739999771118164,15.75,15.40999984741211,15.539999961853027,49609300,12.338669776916504,12.497468464691698
2006-08-17,15.420000076293945,15.949999809265137,15.40999984741211,15.8100004196167,46413400,12.55305004119873,12.243391995918683
2006-08-18,15.760000228881836,15.8100004196167,15.399999618530273,15.710000038146973,33126400,12.473653793334961,12.513353670312235
2006-08-21,15.59000015258789,15.789999961853027,15.449999809265137,15.640000343322754,28275800,12.418076515197754,12.378376631521913
2006-08-22,15.630000114440918,15.649999618530273,15.369999885559082,15.479999542236328,39584700,12.291032791137695,12.41013240393973
2006-08-23,15.479999542236328,15.489999771118164,15.229999542236328,15.319999694824219,37833800,12.163991928100586,12.291030889666345
2006-08-24,15.390000343322754,15.5,15.229999542236328,15.380000114440918,41883900,12.211631774902344,12.219571899210605
2006-08-25,15.359999656677246,15.630000114440918,15.3100004196167,15.40999984741211,28897000,12.235454559326172,12.195754684715414
2006-08-28,15.420000076293945,15.649999618530273,15.359999656677246,15.539999961853027,28113600,12.338669776916504,12.243390564251388
2006-08-29,15.529999732971191,15.640000343322754,15.399999618530273,15.520000457763672,28281400,12.322794914245605,12.330734283706882
2006-08-30,15.5600004196167,15.829999923706055,15.5,15.760000228881836,27305200,12.513351440429688,12.35455271803074
2006-08-31,15.680000305175781,15.75,15.5,15.65999984741211,27549200,12.433952331542969,12.44983258319467
2006-09-01,15.800000190734863,15.829999923706055,15.449999809265137,15.5,24599100,12.306914329528809,12.545112822833083
2006-09-05,15.600000381469727,15.890000343322754,15.59000015258789,15.84000015258789,40291700,12.576874732971191,12.386316208462482
2006-09-06,15.680000305175781,15.8100004196167,15.569999694824219,15.619999885559082,44824300,12.402192115783691,12.449832111722609
2006-09-07,15.640000343322754,16.200000762939453,15.579999923706055,16.010000228881836,77357700,12.711848258972168,12.418070474223654
2006-09-08,16.049999237060547,16.18000030517578,15.760000228881836,15.90999984741211,46528300,12.63244915008545,12.743607867102318
2006-09-11,15.789999961853027,16.350000381469727,15.75,16.290000915527344,42647900,12.934173583984375,12.537175501509314
2006-09-12,16.299999237060547,16.3799991607666,16.149999618530273,16.299999237060547,44246800,12.942103385925293,12.942103385925293
2006-09-13,16.309999465942383,16.479999542236328,16.18000030517578,16.389999389648438,40822400,13.013568878173828,12.95004938115329
2006-09-14,16.280000686645508,16.489999771118164,16.200000762939453,16.469999313354492,27724100,13.077082633972168,12.926224841294545
2006-09-15,16.520000457763672,16.639999389648438,16.100000381469727,16.329999923706055,81171300,12.965930938720703,13.116790327233916
2006-09-18,16.399999618530273,16.450000762939453,16.100000381469727,16.25,59339400,12.9024076461792,13.021506490797597
2006-09-19,16.309999465942383,16.600000381469727,16.06999969482422,16.1299991607666,91193700,12.807127952575684,12.950047175131882
2006-09-20,18.09000015258789,18.290000915527344,17.84000015258789,17.93000030517578,202996500,14.236319541931152,14.363358522168173
2006-09-21,17.93000030517578,18.149999618530273,17.90999984741211,18.079999923706055,68071400,14.355416297912598,14.236317460655037
2006-09-22,17.829999923706055,17.899999618530273,17.530000686645508,17.540000915527344,49688000,13.92665958404541,14.156917124285355
2006-09-25,17.579999923706055,17.989999771118164,17.389999389648438,17.969999313354492,54215900,14.26807689666748,13.95841960708584
2006-09-26,17.8700008392334,18.239999771118164,17.8700008392334,18.190000534057617,64678900,14.442756652832031,14.1886787206916
2006-09-27,18.079999923706055,18.190000534057617,17.899999618530273,17.93000030517578,34076300,14.236319541931152,14.355418396600347
2006-09-28,17.969999313354492,18.149999618530273,17.809999465942383,17.989999771118164,43520700,14.283960342407227,14.268080089535578
2006-09-29,17.950000762939453,18.030000686645508,17.739999771118164,17.739999771118164,33614900,14.085456848144531,14.252196416720066
2006-10-02,17.90999984741211,17.959999084472656,17.59000015258789,17.65999984741211,41128800,14.021936416625977,14.220434951985261
2006-10-03,17.56999969482422,18.049999237060547,17.520000457763672,17.899999618530273,53435100,14.21250057220459,13.950482460224045
2006-10-04,17.8799991607666,18.200000762939453,17.790000915527344,18.170000076293945,46304700,14.426875114440918,14.196616062497101
2006-10-05,18.18000030517578,18.309999465942383,18.139999389648438,18.260000228881836,43868000,14.498333930969238,14.43481445704788
2006-10-06,18.149999618530273,18.459999084472656,18.1299991607666,18.190000534057617,33143800,14.442756652832031,14.410996154102511
2006-10-09,18.15999984741211,18.59000015258789,18.06999969482422,18.549999237060547,33338100,14.728599548339844,14.418942132141533
2006-10-10,18.559999465942383,18.739999771118164,18.469999313354492,18.739999771118164,50293800,14.879459381103516,14.736540103506883
2006-10-11,18.68000030517578,18.790000915527344,18.479999542236328,18.579999923706055,37734900,14.75241756439209,14.83181731628109
2006-10-12,18.649999618530273,19.0,18.520000457763672,18.989999771118164,44746600,15.077951431274414,14.807993250698605
2006-10-13,18.969999313354492,19.139999389648438,18.780000686645508,19.06999969482422,36476500,15.141477584838867,15.062077817731888
2006-10-16,19.100000381469727,19.1299991607666,18.979999542236328,18.989999771118164,24339400,15.077951431274414,15.165291288055979
2006-10-17,18.84000015258789,18.989999771118164,18.600000381469727,18.6299991607666,27320400,14.7921142578125,14.958853860883242
2006-10-18,18.84000015258789,18.950000762939453,18.690000534057617,18.739999771118164,26886900,14.879459381103516,14.95885914803771
2006-10-19,18.65999984741211,18.959999084472656,18.3700008392334,18.8700008392334,33306700,14.982670783996582,14.815931219352294
2006-10-20,18.950000762939453,19.020000457763672,18.68000030517578,18.979999542236328,23512400,15.070013046264648,15.046194183973851
2006-10-23,18.969999313354492,19.25,18.8700008392334,19.149999618530273,29547100,15.204991340637207,15.062072116823673
2006-10-24,19.059999465942383,19.149999618530273,18.739999771118164,18.889999389648438,28817700,14.998555183410645,15.133534305055086
2006-10-25,18.90999984741211,18.979999542236328,18.549999237060547,18.6200008392334,36102000,14.784170150756836,15.014427642014892
2006-10-26,18.709999084472656,18.8799991607666,18.469999313354492,18.719999313354492,30011200,14.863577842712402,14.855637715261432
2006-10-27,18.59000015258789,18.59000015258789,18.059999465942383,18.100000381469727,42152100,14.371299743652344,14.760356839599675
2006-10-30,17.940000534057617,18.59000015258789,17.770000457763672,18.520000457763672,29734300,14.7047700881958,14.244253602317782
2006-10-31,18.540000915527344,18.68000030517578,18.40999984741211,18.469999313354492,28280800,14.665081977844238,14.720662880530199
2006-11-01,18.559999465942383,18.649999618530273,18.34000015258789,18.469999313354492,31828700,14.665081977844238,14.736541624015725
2006-11-02,18.450000762939453,18.469999313354492,18.049999237060547,18.270000457763672,34605200,14.506275177001953,14.649194382989965
2006-11-03,18.31999969482422,18.34000015258789,17.670000076293945,17.780000686645508,47245500,14.117219924926758,14.545976081467687
2006-11-06,17.899999618530273,18.229999542236328,17.81999969482422,18.100000381469727,38100500,14.371299743652344,14.212500249034397
2006-11-07,18.1200008392334,18.25,17.989999771118164,18.200000762939453,27343800,14.45069694519043,14.387177461418284
2006-11-08,18.15999984741211,18.43000030517578,18.049999237060547,18.360000610351562,24934900,14.577736854553223,14.418937377651385
2006-11-09,18.40999984741211,18.799999237060547,18.290000915527344,18.540000915527344,40625800,14.720657348632812,14.61743722543002
2006-11-10,18.649999618530273,18.8700008392334,18.610000610351562,18.780000686645508,24006700,14.911219596862793,14.807999447575396
2006-11-13,18.790000915527344,19.209999084472656,18.75,19.18000030517578,34351000,15.228811264038086,14.919153964583124
2006-11-14,19.170000076293945,19.219999313354492,18.920000076293945,19.170000076293945,33725800,15.220865249633789,15.22086524963379
2006-11-15,19.1299991607666,19.270000457763672,19.06999969482422,19.1200008392334,19244400,15.181180000305176,15.189118614961773
2006-11-16,19.15999984741211,19.200000762939453,18.889999389648438,19.100000381469727,22138000,15.165292739868164,15.212931977935131
2006-11-17,19.0,19.469999313354492,18.979999542236328,19.459999084472656,34515900,15.451119422912598,15.085882982881692
2006-11-20,19.329999923706055,19.579999923706055,19.31999969482422,19.479999542236328,24461400,15.467013359069824,15.347914480313035
2006-11-21,19.459999084472656,19.489999771118164,19.219999313354492,19.479999542236328,20572900,15.467013359069824,15.45113310472241
2006-11-22,19.489999771118164,19.75,19.479999542236328,19.65999984741211,22510700,15.609931945800781,15.474952818520741
2006-11-24,19.459999084472656,19.729999542236328,19.3799991607666,19.600000381469727,7998500,15.562287330627441,15.45112710776394
2006-11-27,19.479999542236328,19.549999237060547,18.829999923706055,18.920000076293945,36667400,15.022380828857422,15.467017467727409
2006-11-28,18.780000686645508,19.030000686645508,18.719999313354492,18.899999618530273,38242400,15.006498336791992,14.911219828427368
2006-11-29,19.040000915527344,19.34000015258789,18.90999984741211,19.149999618530273,23085400,15.204991340637207,15.11765299285873
2006-11-30,19.1299991607666,19.309999465942383,19.030000686645508,19.049999237060547,32049500,15.125594139099121,15.189113636505851
2006-12-01,19.110000610351562,19.110000610351562,18.6299991607666,18.809999465942383,35175500,14.935030937194824,15.173230113173402
2006-12-04,18.8799991607666,19.34000015258789,18.75,19.280000686645508,47472800,15.308216094970703,14.990617050448174
2006-12-05,19.31999969482422,19.329999923706055,18.780000686645508,18.860000610351562,54935000,14.974738121032715,15.339974897436214
2006-12-06,18.389999389648438,18.420000076293945,17.780000686645508,17.8799991607666,94937400,14.196613311767578,14.601550469384199
2006-12-07,17.6200008392334,17.700000762939453,17.31999969482422,17.5,93141200,13.894902229309082,13.990182225228118
2006-12-08,17.59000015258789,17.8799991607666,17.530000686645508,17.799999237060547,37639100,14.133096694946289,13.966358633490486
2006-12-11,17.770000457763672,18.25,17.709999084472656,18.06999969482422,43930100,14.347477912902832,14.109280209510132
2006-12-12,18.209999084472656,18.219999313354492,17.829999923706055,17.989999771118164,41589600,14.283960342407227,14.458638580722573
2006-12-13,18.219999313354492,18.25,17.8799991607666,18.020000457763672,33991300,14.307779312133789,14.466577281932947
2006-12-14,18.06999969482422,18.25,17.940000534057617,18.020000457763672,26996600,14.307779312133789,14.347478425977549
2006-12-15,18.010000228881836,18.030000686645508,17.59000015258789,17.68000030517578,70448500,14.037820816040039,14.299838899656041
2006-12-18,17.8700008392334,18.170000076293945,17.649999618530273,17.90999984741211,58188500,14.220434188842773,14.188675212389933
2006-12-19,17.149999618530273,17.260000228881836,16.93000030517578,17.100000381469727,102097500,13.57730770111084,13.617006824575624
2006-12-20,17.09000015258789,17.219999313354492,17.030000686645508,17.100000381469727,48725300,13.57730770111084,13.569367573532986
2006-12-21,17.139999389648438,17.200000762939453,17.09000015258789,17.100000381469727,34704400,13.57730770111084,13.60906669699777
2006-12-22,17.110000610351562,17.25,17.049999237060547,17.110000610351562,19736700,13.58524227142334,13.58524227142334
2006-12-26,17.020000457763672,17.25,16.989999771118164,17.1299991607666,15053500,13.601128578186035,13.513790190779506
2006-12-27,17.229999542236328,17.239999771118164,17.06999969482422,17.100000381469727,16546600,13.57730770111084,13.68052633077397
2006-12-28,17.1299991607666,17.25,17.040000915527344,17.200000762939453,20485400,13.656702995300293,13.60112212043605
2006-12-29,17.110000610351562,17.3799991607666,17.079999923706055,17.139999389648438,23592900,13.60905933380127,13.58524047837941
2007-01-03,17.219999313354492,17.780000686645508,17.100000381469727,17.510000228881836,52241700,13.902837753295898,13.672578722788655
2007-01-04,17.549999237060547,17.8700008392334,17.299999237060547,17.68000030517578,33559800,14.037820816040039,13.934600699038048
2007-01-05,17.6200008392334,17.760000228881836,17.440000534057617,17.639999389648438,36154800,14.006061553955078,13.990182815984866
2007-01-08,17.6299991607666,17.93000030517578,17.450000762939453,17.860000610351562,31018100,14.180743217468262,13.998123319106142
2007-01-09,17.93000030517578,17.979999542236328,17.649999618530273,17.81999969482422,31417000,14.148982048034668,14.23632192950443
2007-01-10,17.65999984741211,17.799999237060547,17.549999237060547,17.770000457763672,27822400,14.109284400939941,14.021944510352089
2007-01-11,17.790000915527344,17.809999465942383,17.350000381469727,17.389999389648438,65380200,13.807561874389648,14.125160840017612
2007-01-12,17.350000381469727,17.549999237060547,17.280000686645508,17.5,42526400,13.894902229309082,13.775803370228408
2007-01-16,17.389999389648438,17.479999542236328,17.260000228881836,17.299999237060547,35736000,13.736102104187012,13.807561719207767
2007-01-17,17.290000915527344,17.709999084472656,17.280000686645508,17.520000457763672,31417600,13.910783767700195,13.728165399257072
2007-01-18,17.479999542236328,17.520000457763672,17.100000381469727,17.1200008392334,61438500,13.59318733215332,13.87902433970981
2007-01-19,17.059999465942383,17.450000762939453,17.010000228881836,17.270000457763672,28871700,13.71228313446045,13.545543529246569
2007-01-22,17.25,17.809999465942383,16.770000457763672,17.0,52768300,13.497900009155273,13.696398538701674
2007-01-23,17.010000228881836,17.309999465942383,17.010000228881836,17.1200008392334,33062000,13.59318733215332,13.505847447231508
2007-01-24,17.110000610351562,17.290000915527344,17.09000015258789,17.139999389648438,31268600,13.60905933380127,13.58524047837941
2007-01-25,17.1299991607666,17.219999313354492,16.93000030517578,16.979999542236328,35851900,13.482023239135742,13.601122084683785
2007-01-26,17.040000915527344,17.299999237060547,17.030000686645508,17.149999618530273,36013400,13.617000579833984,13.529662245379827
2007-01-29,17.09000015258789,17.299999237060547,17.030000686645508,17.270000457763672,33492500,13.71228313446045,13.569363905541145
2007-01-30,17.31999969482422,17.5,17.09000015258789,17.15999984741211,42647400,13.624945640563965,13.751984640731397
2007-01-31,17.110000610351562,17.200000762939453,16.799999237060547,17.15999984741211,39756700,13.624945640563965,13.585246520920771
2007-02-01,17.219999313354492,17.34000015258789,17.030000686645508,17.049999237060547,29262300,13.537602424621582,13.672581518346135
2007-02-02,17.139999389648438,17.440000534057617,17.110000610351562,17.420000076293945,41177800,13.83138370513916,13.609064708713507
2007-02-05,17.350000381469727,17.43000030517578,17.079999923706055,17.15999984741211,28521100,13.624945640563965,13.775805021171918
2007-02-06,17.1299991607666,17.190000534057617,16.860000610351562,17.020000457763672,31442200,13.513784408569336,13.601122758605971
2007-02-07,17.1200008392334,17.1200008392334,16.850000381469727,16.90999984741211,45225900,13.426446914672852,13.593186547680517
2007-02-08,16.8700008392334,16.920000076293945,16.65999984741211,16.709999084472656,45789500,13.267648696899414,13.394689222893552
2007-02-09,16.790000915527344,16.940000534057617,16.540000915527344,16.700000762939453,41419200,13.259706497192383,13.331166111174335
2007-02-12,16.649999618530273,16.709999084472656,16.510000228881836,16.649999618530273,31935900,13.220012664794922,13.220012664794922
2007-02-13,16.709999084472656,16.709999084472656,16.530000686645508,16.6200008392334,28212500,13.196187019348145,13.267645118964293
2007-02-14,16.739999771118164,16.940000534057617,16.68000030517578,16.770000457763672,42296700,13.31528377532959,13.291463402924366
2007-02-15,16.84000015258789,16.920000076293945,16.68000030517578,16.90999984741211,33887400,13.426446914672852,13.370867541811739
2007-02-16,16.889999389648438,16.979999542236328,16.700000762939453,16.700000762939453,34121000,13.259706497192383,13.410564336110669
2007-02-20,16.690000534057617,16.979999542236328,16.56999969482422,16.979999542236328,31925200,13.482023239135742,13.251765672999392
2007-02-21,16.969999313354492,17.280000686645508,16.950000762939453,17.200000762939453,50679300,13.656702995300293,13.474083149594335
2007-02-22,17.260000228881836,17.299999237060547,17.010000228881836,17.270000457763672,32971700,13.71228313446045,13.704343009028923
2007-02-23,17.239999771118164,17.260000228881836,16.709999084472656,16.81999969482422,54223900,13.354985237121582,13.688462937494048
2007-02-26,16.90999984741211,17.020000457763672,16.0,16.81999969482422,32784400,13.354985237121582,13.426444852517402
2007-02-27,16.649999618530273,16.799999237060547,16.290000915527344,16.290000915527344,39847100,12.934173583984375,13.220010628364824
2007-02-28,16.3700008392334,16.84000015258789,16.309999465942383,16.43000030517578,47578000,13.04532527923584,12.997686050066
2007-03-01,16.110000610351562,17.040000915527344,15.970000267028809,16.770000457763672,81590400,13.31528377532959,12.791247697805332
2007-03-02,16.6299991607666,16.889999389648438,16.530000686645508,16.709999084472656,37306400,13.267648696899414,13.204129191114582
2007-03-05,16.520000457763672,17.0,16.34000015258789,16.3700008392334,34056700,12.997688293457031,13.116787144149898
2007-03-06,16.520000457763672,16.920000076293945,16.489999771118164,16.8799991607666,38263800,13.402626037597656,13.116789057132467
2007-03-07,16.770000457763672,16.850000381469727,16.459999084472656,16.489999771118164,30652900,13.09296703338623,13.315286003092714
2007-03-08,16.700000762939453,16.920000076293945,16.6299991607666,16.690000534057617,30462200,13.251761436462402,13.25970155888371
2007-03-09,16.809999465942383,16.950000762939453,16.56999969482422,16.6299991607666,24208200,13.204127311706543,13.347046557986138
2007-03-12,16.610000610351562,17.09000015258789,16.600000381469727,17.06999969482422,30612500,13.553484916687012,13.188248199372929
2007-03-13,16.93000030517578,17.209999084472656,16.649999618530273,16.649999618530273,31390600,13.220012664794922,13.442331746381281
2007-03-14,16.739999771118164,16.940000534057617,16.65999984741211,16.8799991607666,33735600,13.402626037597656,13.291467295995876
2007-03-15,16.850000381469727,16.940000534057617,16.649999618530273,16.719999313354492,24015100,13.275583267211914,13.378803367419204
2007-03-16,16.709999084472656,16.850000381469727,16.6200008392334,16.700000762939453,34226000,13.259706497192383,13.267645108146764
2007-03-19,16.829999923706055,17.229999542236328,16.829999923706055,17.18000030517578,29509600,13.640819549560547,13.362921298041451
2007-03-20,17.25,17.700000762939453,17.139999389648438,17.549999237060547,65763900,13.934600830078125,13.696403120705071
2007-03-21,18.309999465942383,18.389999389648438,17.780000686645508,18.170000076293945,95212000,14.426875114440918,14.538033821214459
2007-03-22,18.010000228881836,18.549999237060547,17.950000762939453,18.489999771118164,49522300,14.680949211120605,14.299832445941407
2007-03-23,18.459999084472656,18.59000015258789,18.18000030517578,18.239999771118164,34168200,14.482455253601074,14.657133447211823
2007-03-26,18.219999313354492,18.43000030517578,18.020000457763672,18.389999389648438,50457200,14.601550102233887,14.466571053089009
2007-03-27,18.350000381469727,18.5,18.350000381469727,18.489999771118164,33079800,14.680949211120605,14.569790533215858
2007-03-28,18.34000015258789,18.5,18.149999618530273,18.170000076293945,33674900,14.426875114440918,14.561854193133273
2007-03-29,18.329999923706055,18.329999923706055,17.950000762939453,18.15999984741211,28826400,14.418939590454102,14.55391871220802
2007-03-30,18.18000030517578,18.270000457763672,17.889999389648438,18.1299991607666,20829000,14.395124435424805,14.434825082363686
2007-04-02,18.079999923706055,18.18000030517578,17.989999771118164,18.139999389648438,20713000,14.403058052062988,14.35541881170259
2007-04-03,18.229999542236328,18.469999313354492,18.170000076293945,18.360000610351562,32084400,14.577736854553223,14.474516740239814
2007-04-04,18.350000381469727,18.56999969482422,18.329999923706055,18.559999465942383,23413200,14.736536026000977,14.569797924556672
2007-04-05,18.5,18.670000076293945,18.389999389648438,18.670000076293945,21896000,14.823869705200195,14.688890649465998
2007-04-09,18.65999984741211,18.700000762939453,18.540000915527344,18.56999969482422,19737500,14.744481086730957,14.815940729673489
2007-04-10,18.780000686645508,18.8799991607666,18.68000030517578,18.850000381469727,24388700,14.966797828674316,14.911218451523062
2007-04-11,18.899999618530273,18.90999984741211,18.459999084472656,18.59000015258789,29857300,14.760355949401855,15.006493788233291
2007-04-12,18.56999969482422,18.709999084472656,18.440000534057617,18.700000762939453,22695500,14.847689628601074,14.744469552022949
2007-04-13,18.790000915527344,18.850000381469727,18.459999084472656,18.6299991607666,32228500,14.7921142578125,14.91915474865995
2007-04-16,18.68000030517578,18.950000762939453,18.65999984741211,18.899999618530273,26629500,15.006498336791992,14.831820061840457
2007-04-17,18.799999237060547,19.0,18.799999237060547,18.889999389648438,26270500,14.998555183410645,14.92709555933863
2007-04-18,18.799999237060547,18.8799991607666,18.700000762939453,18.729999542236328,31580800,14.871509552001953,14.927088898273057
2007-04-19,18.549999237060547,18.850000381469727,18.549999237060547,18.760000228881836,31511200,14.895329475402832,14.728589927152521
2007-04-20,18.979999542236328,19.059999465942383,18.81999969482422,19.0,37574200,15.085896492004395,15.070016237498319
2007-04-23,18.969999313354492,19.09000015258789,18.899999618530273,18.940000534057617,24752500,15.03825569152832,15.062074556405802
2007-04-24,19.040000915527344,19.049999237060547,18.75,18.81999969482422,21191800,14.942975044250488,15.117654789414116
2007-04-25,18.889999389648438,18.989999771118164,18.700000762939453,18.899999618530273,24759100,15.006498336791992,14.998558208690843
2007-04-26,18.770000457763672,19.0,18.760000228881836,18.950000762939453,16645600,15.046196937561035,14.903277679964352
2007-04-27,18.959999084472656,19.290000915527344,18.8799991607666,19.100000381469727,25063000,15.165292739868164,15.054132498479811
2007-04-30,19.100000381469727,19.149999618530273,18.799999237060547,18.799999237060547,27161900,14.927092552185059,15.165291755913188
2007-05-01,18.75,18.81999969482422,18.549999237060547,18.59000015258789,33335900,14.760355949401855,14.887394931664797
2007-05-02,18.690000534057617,18.979999542236328,18.610000610351562,18.860000610351562,22342300,14.974738121032715,14.839758983139147
2007-05-03,18.90999984741211,19.040000915527344,18.799999237060547,19.020000457763672,18260900,15.101773262023926,15.014433396817168
2007-05-04,19.040000915527344,19.049999237060547,18.770000457763672,19.030000686645508,24433600,15.109713554382324,15.117653679891035
2007-05-07,19.020000457763672,19.149999618530273,18.989999771118164,19.049999237060547,16307300,15.125594139099121,15.101775274086771
2007-05-08,18.93000030517578,19.040000915527344,18.8799991607666,18.950000762939453,17168600,15.046196937561035,15.030316683511542
2007-05-09,18.90999984741211,18.90999984741211,18.56999969482422,18.829999923706055,22497800,14.950919151306152,15.014438662526866
2007-05-10,18.690000534057617,18.90999984741211,18.479999542236328,18.489999771118164,30821500,14.680949211120605,14.839748620490308
2007-05-11,18.600000381469727,19.040000915527344,18.520000457763672,18.979999542236328,30915000,15.070013046264648,14.768295846663095
2007-05-14,18.940000534057617,19.079999923706055,18.770000457763672,18.940000534057617,17521100,15.03825569152832,15.038255691528322
2007-05-15,18.889999389648438,19.170000076293945,18.829999923706055,18.84000015258789,23631300,14.958850860595703,14.998549964856569
2007-05-16,18.860000610351562,18.989999771118164,18.649999618530273,18.989999771118164,24453400,15.077951431274414,14.97473283960669
2007-05-17,18.860000610351562,19.110000610351562,18.809999465942383,19.049999237060547,21129600,15.125594139099121,14.97473627927331
2007-05-18,19.06999969482422,19.25,19.010000228881836,19.25,25941800,15.284392356872559,15.141473121097835
2007-05-21,19.200000762939453,19.31999969482422,19.110000610351562,19.31999969482422,18449000,15.339974403381348,15.24469590583362
2007-05-22,19.389999389648438,19.459999084472656,19.200000762939453,19.3700008392334,22231100,15.379677772521973,15.395556515318818
2007-05-23,19.3799991607666,19.469999313354492,19.149999618530273,19.15999984741211,23079900,15.212926864624023,15.387605021773458
2007-05-24,19.139999389648438,19.290000915527344,18.670000076293945,18.75,33424600,14.887398719787598,15.197056128543338
2007-05-25,18.889999389648438,19.299999237060547,18.84000015258789,19.239999771118164,24639600,15.276455879211426,14.998557467109796
2007-05-29,19.290000915527344,19.489999771118164,19.190000534057617,19.309999465942383,27015400,15.332037925720215,15.31615918196553
2007-05-30,19.25,19.420000076293945,19.110000610351562,19.420000076293945,28823700,15.419373512268066,15.284394384400285
2007-05-31,19.389999389648438,19.600000381469727,19.260000228881836,19.3799991607666,32588100,15.387611389160156,15.395551515192148
2007-06-01,19.450000762939453,19.700000762939453,19.3799991607666,19.65999984741211,25854400,15.609931945800781,15.443193825620678
2007-06-04,19.549999237060547,19.690000534057617,19.389999389648438,19.670000076293945,21916500,15.617873191833496,15.522593177456702
2007-06-05,19.600000381469727,19.639999389648438,19.329999923706055,19.479999542236328,26304900,15.467013359069824,15.562293370729902
2007-06-06,19.3700008392334,19.399999618530273,19.110000610351562,19.350000381469727,31111800,15.36379337310791,15.379673626048003
2007-06-07,19.149999618530273,19.350000381469727,18.729999542236328,18.729999542236328,39857800,14.871509552001953,15.204987144052186
2007-06-08,18.729999542236328,19.100000381469727,18.729999542236328,19.059999465942383,35495100,15.133533477783203,14.871515375317083
2007-06-11,18.93000030517578,19.31999969482422,18.899999618530273,19.209999084472656,24997700,15.252631187438965,15.030313732098723
2007-06-12,19.209999084472656,19.3700008392334,18.809999465942383,18.84000015258789,33775600,14.958850860595703,15.252627866743108
2007-06-13,18.8700008392334,19.299999237060547,18.719999313354492,19.299999237060547,29790400,15.324097633361816,14.982681172689668
2007-06-14,19.549999237060547,19.690000534057617,19.489999771118164,19.639999389648438,41226700,15.594057083129883,15.522597431370134
2007-06-15,19.90999984741211,19.950000762939453,19.75,19.860000610351562,40671500,15.768729209899902,15.808428323982428
2007-06-18,19.920000076293945,19.940000534057617,19.6200008392334,19.790000915527344,36639100,15.713149070739746,15.816367670926569
2007-06-19,19.790000915527344,19.940000534057617,19.6299991607666,19.8799991607666,24366900,15.784614562988281,15.713156430572939
2007-06-20,19.959999084472656,19.959999084472656,19.520000457763672,19.530000686645508,34945000,15.506707191467285,15.848123423595997
2007-06-21,19.56999969482422,19.729999542236328,19.459999084472656,19.68000030517578,27977300,15.625811576843262,15.538471699605598
2007-06-22,19.600000381469727,19.649999618530273,19.389999389648438,19.389999389648438,39685600,15.395548820495605,15.562288409134435
2007-06-25,19.450000762939453,19.65999984741211,19.209999084472656,19.479999542236328,28377000,15.467013359069824,15.443194491973113
2007-06-26,19.6200008392334,19.68000030517578,19.020000457763672,19.15999984741211,49101000,15.212926864624023,15.578164938839196
2007-06-27,19.31999969482422,19.770000457763672,19.270000457763672,19.690000534057617,76122400,15.63375186920166,15.339973242737639
2007-06-28,19.6200008392334,20.059999465942383,19.610000610351562,19.850000381469727,46529500,15.760796546936035,15.578178112607986
2007-06-29,19.950000762939453,20.020000457763672,19.540000915527344,19.709999084472656,31480800,15.649633407592773,15.840193451208972
2007-07-02,19.8799991607666,19.989999771118164,19.719999313354492,19.920000076293945,23759900,15.81636905670166,15.784608552677398
2007-07-03,19.969999313354492,20.06999969482422,19.899999618530273,20.06999969482422,18749800,15.935474395751953,15.85607461783929
2007-07-05,20.059999465942383,20.5,19.959999084472656,20.489999771118164,36504600,16.268945693969727,15.927527846656913
2007-07-06,20.450000762939453,20.489999771118164,20.25,20.399999618530273,26765700,16.19748878479004,16.23718942160077
2007-07-09,20.239999771118164,20.239999771118164,20.06999969482422,20.15999984741211,27335100,16.006929397583008,16.070448898588324
2007-07-10,20.010000228881836,20.149999618530273,19.700000762939453,19.719999313354492,29259100,15.657570838928223,15.887829968559553
2007-07-11,19.770000457763672,20.0,19.719999313354492,19.979999542236328,29842800,15.864005088806152,15.697267019684757
2007-07-12,20.049999237060547,20.510000228881836,19.969999313354492,20.5,36005900,16.276880264282227,15.91958228685778
2007-07-13,20.5,20.5,20.25,20.399999618530273,23160700,16.19748878479004,16.27688854398706
2007-07-16,20.290000915527344,20.469999313354492,20.170000076293945,20.200000762939453,19827000,16.038686752319336,16.110146366205413
2007-07-17,20.25,20.469999313354492,20.209999084472656,20.3799991607666,21767500,16.181604385375977,16.07838578495495
2007-07-18,20.200000762939453,20.420000076293945,20.15999984741211,20.40999984741211,30676900,16.205427169799805,16.038689056395175
2007-07-19,20.559999465942383,20.719999313354492,20.520000457763672,20.600000381469727,29326400,16.356281280517578,16.324520784705552
2007-07-20,20.889999389648438,20.940000534057617,20.3799991607666,20.610000610351562,43965400,16.364221572875977,16.586538988152885
2007-07-23,20.809999465942383,20.90999984741211,20.639999389648438,20.780000686645508,29403500,16.499202728271484,16.52302158894832
2007-07-24,20.780000686645508,20.979999542236328,20.530000686645508,20.639999389648438,39526500,16.38804817199707,16.499208446569597
2007-07-25,20.700000762939453,20.739999771118164,20.399999618530273,20.579999923706055,31017700,16.340402603149414,16.435682585319423
2007-07-26,20.209999084472656,20.459999084472656,19.739999771118164,20.010000228881836,41746500,15.887828826904297,16.046626805258008
2007-07-27,20.0,20.219999313354492,19.600000381469727,19.6200008392334,32531300,15.578171730041504,15.879888953817376
2007-07-30,19.559999465942383,19.670000076293945,19.34000015258789,19.579999923706055,21879400,15.546402931213379,15.53052268726985
2007-07-31,19.790000915527344,19.81999969482422,19.110000610351562,19.1200008392334,35952300,15.181180000305176,15.713156533358738
2007-08-01,18.93000030517578,19.81999969482422,18.829999923706055,19.790000915527344,54801800,15.713149070739746,15.03031343828767
2007-08-02,19.760000228881836,20.209999084472656,19.670000076293945,20.09000015258789,31437400,15.951343536376953,15.689325511985082
2007-08-03,20.09000015258789,20.190000534057617,19.65999984741211,19.65999984741211,35123900,15.609931945800781,15.951349827416436
2007-08-06,19.81999969482422,20.100000381469727,19.729999542236328,20.079999923706055,29746300,15.943408012390137,15.736969279913644
2007-08-07,19.860000610351562,20.079999923706055,19.5,19.68000030517578,34504100,15.625811576843262,15.768730825259704
2007-08-08,19.959999084472656,20.209999084472656,19.799999237060547,20.200000762939453,26724900,16.038686752319336,15.848126772340422
2007-08-09,19.940000534057617,20.299999237060547,19.8700008392334,20.09000015258789,33581200,15.951343536376953,15.83224470973042
2007-08-10,19.75,20.25,19.670000076293945,19.989999771118164,36769100,15.8719482421875,15.68138976350117
2007-08-13,19.93000030517578,19.959999084472656,19.649999618530273,19.719999313354492,22088400,15.657570838928223,15.824310469768895
2007-08-14,19.799999237060547,19.809999465942383,19.31999969482422,19.350000381469727,22266300,15.36379337310791,15.721089977714348
2007-08-15,19.25,19.709999084472656,19.1299991607666,19.18000030517578,27172500,15.228811264038086,15.28439062399934
2007-08-16,19.110000610351562,19.479999542236328,18.809999465942383,19.139999389648438,42493800,15.19704818725586,15.17322933098254
2007-08-17,19.309999465942383,19.549999237060547,19.010000228881836,19.350000381469727,36236800,15.36379337310791,15.332032867227726
2007-08-20,19.25,19.40999984741211,18.950000762939453,19.110000610351562,23960800,15.173232078552246,15.284390799752952
2007-08-21,18.959999084472656,19.34000015258789,18.959999084472656,19.270000457763672,23766700,15.30026912689209,15.054129825989907
2007-08-22,19.389999389648438,19.420000076293945,19.06999969482422,19.31999969482422,23664200,15.339974403381348,15.395553779354923
2007-08-23,19.3799991607666,19.690000534057617,19.219999313354492,19.3700008392334,31203800,15.379677772521973,15.387616386708054
2007-08-24,19.299999237060547,19.969999313354492,19.299999237060547,19.940000534057617,26753000,15.832240104675293,15.324082936672484
2007-08-27,19.950000762939453,20.020000457763672,19.75,19.860000610351562,18113200,15.768729209899902,15.840188826787749
2007-08-28,19.799999237060547,19.860000610351562,19.329999923706055,19.360000610351562,21875400,15.371733665466309,15.721090147372877
2007-08-29,19.40999984741211,20.149999618530273,19.3700008392334,20.1299991607666,30989600,15.983100891113281,15.411425672700659
2007-08-30,19.959999084472656,20.420000076293945,19.809999465942383,20.209999084472656,30459800,16.046630859375,15.848132200464821
2007-08-31,20.43000030517578,20.479999542236328,20.149999618530273,20.280000686645508,24050700,16.10219955444336,16.221298356656682
2007-09-04,20.239999771118164,20.8799991607666,20.200000762939453,20.719999313354492,36903900,16.451560974121094,16.070444082309155
2007-09-05,20.489999771118164,20.850000381469727,20.459999084472656,20.729999542236328,30545000,16.459505081176758,16.268946589163665
2007-09-06,20.719999313354492,20.739999771118164,20.329999923706055,20.540000915527344,26360100,16.30864715576172,16.451564888377117
2007-09-07,20.219999313354492,20.399999618530273,19.969999313354492,20.15999984741211,29191800,16.006929397583008,16.054568644730903
2007-09-10,20.34000015258789,20.459999084472656,19.979999542236328,20.170000076293945,25314200,16.014854431152344,16.149833432879376
2007-09-11,20.229999542236328,20.520000457763672,20.149999618530273,20.459999084472656,20869100,16.245121002197266,16.062502695194762
2007-09-12,20.350000381469727,20.6200008392334,20.299999237060547,20.540000915527344,30815500,16.30864715576172,16.15778778228382
2007-09-13,20.700000762939453,20.700000762939453,20.34000015258789,20.450000762939453,24506800,16.23719024658203,16.435688897447704
2007-09-14,20.389999389648438,20.420000076293945,20.010000228881836,20.06999969482422,35461300,15.935474395751953,16.189552473532633
2007-09-17,19.959999084472656,20.229999542236328,19.8799991607666,20.020000457763672,23329200,15.895764350891113,15.848123608196028
2007-09-18,20.079999923706055,20.729999542236328,20.049999237060547,20.729999542236328,28759700,16.459505081176758,15.943408976004928
2007-09-19,20.940000534057617,21.1299991607666,20.610000610351562,20.84000015258789,46209900,16.546844482421875,16.626244230418372
2007-09-20,20.81999969482422,21.309999465942383,20.6299991607666,21.040000915527344,56499400,16.705642700195312,16.53096296508366
2007-09-21,21.56999969482422,22.170000076293945,21.040000915527344,21.979999542236328,95941900,17.45199203491211,17.126454536260127
2007-09-24,22.0,22.1200008392334,21.549999237060547,21.790000915527344,37448700,17.3011417388916,17.467879865226873
2007-09-25,21.6200008392334,21.979999542236328,21.5,21.940000534057617,30826800,17.420236587524414,17.166158636016608
2007-09-26,22.010000228881836,22.020000457763672,21.5,21.770000457763672,32477400,17.285255432128906,17.47581387311187
2007-09-27,21.84000015258789,21.8799991607666,21.530000686645508,21.6299991607666,21078400,17.17409324645996,17.34083280981277
2007-09-28,21.65999984741211,21.829999923706055,21.559999465942383,21.649999618530273,20381400,17.189983367919922,17.197923495919138
2007-10-01,21.639999389648438,21.989999771118164,21.610000610351562,21.969999313354492,23641200,17.444063186645508,17.18204499362638
2007-10-02,21.979999542236328,21.979999542236328,21.709999084472656,21.850000381469727,24202300,17.34877586364746,17.451994456930173
2007-10-03,21.790000915527344,21.8799991607666,21.450000762939453,21.56999969482422,25149500,17.1264591217041,17.301138860526777
2007-10-04,21.649999618530273,21.790000915527344,21.510000228881836,21.760000228881836,18636800,17.277315139770508,17.189975287260374
2007-10-05,21.860000610351562,22.31999969482422,21.809999465942383,22.18000030517578,31341400,17.61079216003418,17.35671425023773
2007-10-08,22.049999237060547,22.549999237060547,22.030000686645508,22.510000228881836,23281300,17.87281608581543,17.507577834259756
2007-10-09,22.540000915527344,22.68000030517578,22.360000610351562,22.579999923706055,24543300,17.928396224975586,17.896637231633825
2007-10-10,22.59000015258789,22.950000762939453,22.530000686645508,22.920000076293945,32204900,18.198352813720703,17.936334706385917
2007-10-11,22.950000762939453,23.0,22.389999389648438,22.459999084472656,35055400,17.833105087280273,18.22216349250003
2007-10-12,22.399999618530273,22.649999618530273,22.110000610351562,22.440000534057617,39710600,17.81723403930664,17.785473537667816
2007-10-15,22.549999237060547,22.579999923706055,21.81999969482422,22.06999969482422,34244900,17.523454666137695,17.904571582062154
2007-10-16,22.0,22.059999465942383,21.709999084472656,21.75,31324300,17.26937484741211,17.467873408876617
2007-10-17,21.950000762939453,21.950000762939453,21.139999389648438,21.489999771118164,42188200,17.06293487548828,17.428172988550312
2007-10-18,21.489999771118164,21.579999923706055,21.110000610351562,21.43000030517578,32349900,17.01529884338379,17.06293807945074
2007-10-19,21.43000030517578,21.469999313354492,20.670000076293945,20.75,40513300,16.475378036499023,17.015294281930625
2007-10-22,20.600000381469727,21.34000015258789,20.510000228881836,21.200000762939453,31102900,16.832679748535156,16.356282866138134
2007-10-23,21.399999618530273,21.489999771118164,21.1200008392334,21.450000762939453,30083700,17.031179428100586,16.99147880191159
2007-10-24,21.260000228881836,21.350000381469727,20.850000381469727,21.18000030517578,31753500,16.816802978515625,16.880322475015927
2007-10-25,21.329999923706055,21.450000762939453,20.780000686645508,21.0,40656800,16.67388343811035,16.935901545846544
2007-10-26,21.31999969482422,21.350000381469727,20.989999771118164,21.350000381469727,31368700,16.9517822265625,16.927961847284973
2007-10-29,21.489999771118164,21.81999969482422,21.299999237060547,21.770000457763672,29398500,17.285255432128906,17.062936493770174
2007-10-30,21.649999618530273,21.739999771118164,21.479999542236328,21.6299991607666,25714700,17.17409324645996,17.18997349333617
2007-10-31,21.639999389648438,22.239999771118164,21.6299991607666,22.170000076293945,31540300,17.602861404418945,17.1820436958415
2007-11-01,22.0,22.190000534057617,21.75,21.760000228881836,34306900,17.277315139770508,17.467873578900377
2007-11-02,21.809999465942383,22.100000381469727,21.68000030517578,22.030000686645508,30857000,17.491697311401367,17.317017572829656
2007-11-05,21.829999923706055,22.209999084472656,21.760000228881836,22.06999969482422,26496300,17.523454666137695,17.332896208175466
2007-11-06,22.530000686645508,22.889999389648438,22.34000015258789,22.829999923706055,34111500,18.12689781188965,17.888700022489104
2007-11-07,22.5,22.690000534057617,22.06999969482422,22.100000381469727,38119400,17.547277450561523,17.864874924105216
2007-11-08,21.899999618530273,22.049999237060547,19.81999969482422,20.350000381469727,94813800,16.157787322998047,17.388478111880715
2007-11-09,19.93000030517578,20.06999969482422,19.31999969482422,19.360000610351562,77224300,15.371733665466309,15.824310278173133
2007-11-12,19.25,19.920000076293945,19.059999465942383,19.440000534057617,55312900,15.435251235961914,15.284391879090585
2007-11-13,19.799999237060547,20.530000686645508,19.440000534057617,20.520000457763672,48238200,16.292770385742188,15.721093275377807
2007-11-14,20.829999923706055,20.93000030517578,19.989999771118164,20.18000030517578,47248500,16.02280044555664,16.538896284005528
2007-11-15,19.920000076293945,20.6200008392334,19.719999313354492,20.420000076293945,54927000,16.213363647460938,15.816366497929009
2007-11-16,20.420000076293945,21.059999465942383,20.190000534057617,20.799999237060547,44728400,16.51508903503418,16.213371717558662
2007-11-19,20.649999618530273,20.8799991607666,20.31999969482422,20.530000686645508,29048500,16.300708770751953,16.39598726934096
2007-11-20,20.440000534057617,20.940000534057617,20.229999542236328,20.690000534057617,34611400,16.427743911743164,16.229245319576606
2007-11-21,20.25,20.6299991607666,20.020000457763672,20.209999084472656,29401200,16.046630859375,16.07839137172443
2007-11-23,20.239999771118164,20.43000030517578,20.059999465942383,20.309999465942383,11207000,16.126020431518555,16.070441084466953
2007-11-26,20.3799991607666,20.5,19.690000534057617,19.700000762939453,26680800,15.641692161560059,16.181607146191727
2007-11-27,19.75,20.18000030517578,19.5,19.889999389648438,33108300,15.792550086975098,15.681391341826037
2007-11-28,20.079999923706055,20.6200008392334,20.010000228881836,20.510000228881836,28537700,16.284820556640625,15.943402822318637
2007-11-29,20.479999542236328,20.690000534057617,20.309999465942383,20.479999542236328,25080700,16.26100730895996,16.26100730895996
2007-11-30,20.780000686645508,20.780000686645508,19.780000686645508,20.18000030517578,47957900,16.02280044555664,16.49919718659542
2007-12-03,20.229999542236328,20.459999084472656,20.100000381469727,20.239999771118164,36709300,16.070444107055664,16.062503982494366
2007-12-04,19.75,20.190000534057617,19.68000030517578,20.030000686645508,33425000,15.903701782226562,15.681382897225337
2007-12-05,20.219999313354492,21.459999084472656,20.190000534057617,21.219999313354492,56410100,16.848556518554688,16.05456231196905
2007-12-06,21.100000381469727,21.450000762939453,20.940000534057617,21.420000076293945,29484300,17.007349014282227,16.753271214331026
2007-12-07,21.5,21.540000915527344,21.059999465942383,21.139999389648438,24556300,16.785043716430664,17.070882229068065
2007-12-10,21.290000915527344,21.690000534057617,21.229999542236328,21.639999389648438,25332600,17.182035446166992,16.904138664370887
2007-12-11,21.700000762939453,21.700000762939453,21.010000228881836,21.06999969482422,30365600,16.72945785522461,17.229675058377644
2007-12-12,21.40999984741211,21.809999465942383,21.059999465942383,21.3700008392334,39807900,16.967666625976562,16.99942562501694
2007-12-13,21.34000015258789,21.770000457763672,21.260000228881836,21.610000610351562,30334600,17.15821075439453,16.94383201181028
2007-12-14,21.360000610351562,21.440000534057617,21.1200008392334,21.200000762939453,26260100,16.832679748535156,16.95971871525117
2007-12-17,21.149999618530273,21.15999984741211,20.81999969482422,20.940000534057617,36971900,16.62624168395996,16.79297976623336
2007-12-18,21.09000015258789,21.260000228881836,20.6200008392334,21.25,38884600,16.872379302978516,16.745340332910008
2007-12-19,21.329999923706055,21.399999618530273,20.559999465942383,20.760000228881836,68576400,16.483322143554688,16.93589866031427
2007-12-20,22.43000030517578,22.5,22.040000915527344,22.100000381469727,78506700,17.547277450561523,17.809295555538096
2007-12-21,22.299999237060547,22.760000228881836,22.25,22.709999084472656,58166900,18.031606674194336,17.706069189251433
2007-12-24,22.639999389648438,22.799999237060547,22.420000076293945,22.760000228881836,15394700,18.071317672729492,17.976037652300096
2007-12-26,22.559999465942383,23.0,22.549999237060547,23.0,24286900,18.261871337890625,17.912513375213955
2007-12-27,23.049999237060547,23.309999465942383,22.90999984741211,23.040000915527344,34093100,18.29362678527832,18.301565394451046
2007-12-28,23.110000610351562,23.290000915527344,22.899999618530273,22.969999313354492,21955900,18.238052368164062,18.349212623391367
2007-12-31,22.690000534057617,22.959999084472656,22.5,22.579999923706055,20004400,17.928396224975586,18.01573610690807
2008-01-02,22.549999237060547,22.81999969482422,22.3799991607666,22.489999771118164,42775700,17.856929779052734,17.90456900808864
2008-01-03,22.43000030517578,23.110000610351562,22.43000030517578,23.110000610351562,42045400,18.349212646484375,17.809296165748513
2008-01-04,22.770000457763672,22.8799991607666,21.790000915527344,22.030000686645508,44738600,17.491697311401367,18.079252990178613
2008-01-07,21.959999084472656,22.479999542236328,21.790000915527344,22.25,40045600,17.666370391845703,17.436111354197145
2008-01-08,22.239999771118164,22.31999969482422,21.139999389648438,21.149999618530273,43551600,16.792978286743164,17.65843215081407
2008-01-09,21.34000015258789,21.690000534057617,21.149999618530273,21.610000610351562,47973000,17.15821075439453,16.94383201181028
2008-01-10,21.459999084472656,21.799999237060547,21.06999969482422,21.68000030517578,42107400,17.21379852294922,17.039118788877335
2008-01-11,21.530000686645508,21.690000534057617,21.059999465942383,21.100000381469727,46251400,16.753278732299805,17.094696497102802
2008-01-14,21.440000534057617,22.1200008392334,21.100000381469727,22.059999465942383,48826100,17.51551628112793,17.023240594427428
2008-01-15,21.760000228881836,22.049999237060547,21.299999237060547,21.309999465942383,39579500,16.92002296447754,17.277321107780484
2008-01-16,21.030000686645508,22.329999923706055,20.850000381469727,21.920000076293945,76869400,17.404356002807617,16.697701524440397
2008-01-17,21.899999618530273,21.950000762939453,21.299999237060547,21.40999984741211,52783800,16.99941635131836,17.388473342474537
2008-01-18,21.350000381469727,21.829999923706055,21.170000076293945,21.579999923706055,51486500,17.134401321411133,16.95178294910572
2008-01-22,20.280000686645508,20.790000915527344,19.68000030517578,20.219999313354492,66962800,16.0545654296875,16.10220618171935
2008-01-23,19.579999923706055,20.68000030517578,19.520000457763672,20.610000610351562,56349500,16.364221572875977,15.546406970385581
2008-01-24,20.600000381469727,20.969999313354492,20.149999618530273,20.610000610351562,43764900,16.364221572875977,16.35628144884126
2008-01-25,21.0,21.079999923706055,20.219999313354492,20.280000686645508,42303500,16.10219955444336,16.673874713721368
2008-01-28,20.1299991607666,20.399999618530273,20.010000228881836,20.260000228881836,29189600,16.08633041381836,15.983110270075725
2008-01-29,20.229999542236328,20.280000686645508,19.690000534057617,20.06999969482422,35571800,15.935474395751953,16.062513434642295
2008-01-30,20.020000457763672,20.600000381469727,19.809999465942383,20.270000457763672,42369000,16.09426498413086,15.895766407161581
2008-01-31,19.950000762939453,20.729999542236328,19.8799991607666,20.549999237060547,52510400,16.316587448120117,15.840191928159221
2008-02-01,20.780000686645508,20.780000686645508,20.219999313354492,20.68000030517578,41937100,16.4197998046875,16.499199525185297
2008-02-04,20.68000030517578,20.68000030517578,20.149999618530273,20.200000762939453,26668700,16.038686752319336,16.419803683429038
2008-02-05,19.780000686645508,19.8799991607666,19.209999084472656,19.260000228881836,55269500,15.292339324951172,15.705216965384809
2008-02-06,19.540000915527344,20.09000015258789,19.399999618530273,19.68000030517578,50356200,15.625811576843262,15.514652834485712
2008-02-07,19.260000228881836,19.600000381469727,19.030000686645508,19.200000762939453,59196500,15.244691848754883,15.292331084850488
2008-02-08,19.15999984741211,19.389999389648438,18.940000534057617,19.190000534057617,38131800,15.236751556396484,15.212931181398181
2008-02-11,19.209999084472656,19.56999969482422,19.170000076293945,19.440000534057617,44115100,15.435251235961914,15.25263137683384
2008-02-12,19.549999237060547,19.889999389648438,19.299999237060547,19.40999984741211,36472700,15.411426544189453,15.52258524211628
2008-02-13,19.700000762939453,19.93000030517578,19.459999084472656,19.65999984741211,33598000,15.609931945800781,15.641692453125188
2008-02-14,19.649999618530273,19.719999313354492,19.0,19.09000015258789,36483300,15.157355308532715,15.60199180984393
2008-02-15,19.020000457763672,19.219999313354492,18.940000534057617,19.09000015258789,25070700,15.157355308532715,15.101775935171856
2008-02-19,19.309999465942383,19.399999618530273,18.989999771118164,19.020000457763672,34260000,15.101773262023926,15.332030841536184
2008-02-20,19.020000457763672,19.5,18.979999542236328,19.43000030517578,36662000,15.4273042678833,15.101766836258689
2008-02-21,19.489999771118164,19.600000381469727,18.809999465942383,18.889999389648438,55583400,14.998555183410645,15.47495217241598
2008-02-22,18.93000030517578,19.020000457763672,18.18000030517578,18.899999618530273,61623500,15.006498336791992,15.030318721095442
2008-02-25,18.850000381469727,19.1200008392334,18.610000610351562,18.969999313354492,56319700,15.062077522277832,14.966799015158095
2008-02-26,18.899999618530273,19.350000381469727,18.8700008392334,19.209999084472656,48428800,15.252631187438965,15.006493355701947
2008-02-27,19.1200008392334,19.450000762939453,18.809999465942383,19.190000534057617,37850700,15.236751556396484,15.181172195824436
2008-02-28,19.100000381469727,19.600000381469727,18.920000076293945,19.40999984741211,42274100,15.411426544189453,15.165288778312759
2008-02-29,19.18000030517578,19.190000534057617,18.729999542236328,18.799999237060547,43803100,14.927092552185059,15.228811240689229
2008-03-03,18.760000228881836,19.18000030517578,18.65999984741211,18.950000762939453,41836600,15.046196937561035,14.895337552939605
2008-03-04,18.81999969482422,18.979999542236328,18.200000762939453,18.440000534057617,71509100,14.64126205444336,14.942979360957347
2008-03-05,18.709999084472656,18.979999542236328,18.6200008392334,18.799999237060547,58178200,14.927092552185059,14.855632942509018
2008-03-06,19.09000015258789,19.600000381469727,19.06999969482422,19.229999542236328,69112300,15.268508911132812,15.157350201861634
2008-03-07,19.1299991607666,19.549999237060547,18.8700008392334,19.0,46510200,15.085896492004395,15.189115117445047
2008-03-10,19.170000076293945,19.5,19.079999923706055,19.280000686645508,36576100,15.308216094970703,15.22087620628456
2008-03-11,19.649999618530273,19.950000762939453,19.100000381469727,19.510000228881836,48217800,15.490837097167969,15.601995872837096
2008-03-12,19.579999923706055,20.170000076293945,19.43000030517578,19.68000030517578,48200300,15.625811576843262,15.54641182612032
2008-03-13,19.56999969482422,19.989999771118164,19.360000610351562,19.84000015258789,43684900,15.752849578857422,15.538470719751466
2008-03-14,20.010000228881836,20.049999237060547,19.270000457763672,19.520000457763672,43595500,15.498764038085938,15.887820936302147
2008-03-17,18.93000030517578,19.489999771118164,18.93000030517578,19.280000686645508,41039200,15.308216094970703,15.03031768822573
2008-03-18,19.639999389648438,20.049999237060547,19.389999389648438,20.020000457763672,38445300,15.895764350891113,15.594045704850611
2008-03-19,20.260000228881836,20.489999771118164,19.549999237060547,19.559999465942383,43142100,15.530525207519531,16.08632172034885
2008-03-20,19.860000610351562,20.170000076293945,19.559999465942383,20.079999923706055,45441300,15.943408012390137,15.768729783875036
2008-03-24,20.420000076293945,20.90999984741211,20.3700008392334,20.770000457763672,34487700,16.49126434326172,16.2133659954597
2008-03-25,21.030000686645508,21.15999984741211,20.719999313354492,21.079999923706055,43212600,16.737398147583008,16.697699042232603
2008-03-26,21.290000915527344,21.299999237060547,20.6299991607666,20.940000534057617,85438700,16.62624168395996,16.90414000217296
2008-03-27,19.450000762939453,19.700000762939453,19.25,19.43000030517578,117082800,15.4273042678833,15.443184511968264
2008-03-28,19.549999237060547,19.860000610351562,19.31999969482422,19.3700008392334,38130200,15.379677772521973,15.522595544241664
2008-03-31,19.479999542236328,19.6299991607666,19.389999389648438,19.559999465942383,32073900,15.530525207519531,15.467005735861067
2008-04-01,19.90999984741211,20.420000076293945,19.719999313354492,20.40999984741211,44724400,16.205427169799805,15.808429930922937
2008-04-02,20.40999984741211,20.760000228881836,20.260000228881836,20.489999771118164,32243000,16.268945693969727,16.205426200127167
2008-04-03,20.399999618530273,20.700000762939453,20.270000457763672,20.68000030517578,36848900,16.4197998046875,16.19748089017841
2008-04-04,20.610000610351562,20.690000534057617,20.309999465942383,20.350000381469727,53991200,16.157787322998047,16.364226061251287
2008-04-07,20.450000762939453,20.559999465942383,20.200000762939453,20.229999542236328,24030900,16.062501907348633,16.237181596282145
2008-04-08,20.030000686645508,20.149999618530273,19.84000015258789,19.920000076293945,35278100,15.81636905670166,15.90370892834419
2008-04-09,19.920000076293945,20.260000228881836,19.8700008392334,20.219999313354492,31565400,16.0545654296875,15.81636772722448
2008-04-10,20.190000534057617,20.799999237060547,20.15999984741211,20.450000762939453,49075300,16.23719024658203,16.030751467950786
2008-04-11,20.09000015258789,20.139999389648438,19.809999465942383,19.84000015258789,28955200,15.752849578857422,15.951348185935338
2008-04-14,19.829999923706055,20.149999618530273,19.799999237060547,19.860000610351562,21577300,15.768729209899902,15.744908832795911
2008-04-15,19.950000762939453,20.239999771118164,19.93000030517578,20.18000030517578,24994100,16.02280044555664,15.840182174392549
2008-04-16,20.299999237060547,20.940000534057617,20.290000915527344,20.770000457763672,47112400,16.49126434326172,16.118085999427176
2008-04-17,20.829999923706055,21.219999313354492,20.690000534057617,21.200000762939453,37481600,16.832679748535156,16.538901191489412
2008-04-18,21.540000915527344,21.93000030517578,21.229999542236328,21.799999237060547,47169800,17.3090763092041,17.102639109883814
2008-04-21,21.639999389648438,21.90999984741211,21.40999984741211,21.760000228881836,26095700,17.277315139770508,17.182035162993646
2008-04-22,21.540000915527344,21.8799991607666,21.5,21.780000686645508,29861500,17.293197631835938,17.102639167983977
2008-04-23,21.790000915527344,21.959999084472656,21.690000534057617,21.90999984741211,25501200,17.396421432495117,17.30114292929772
2008-04-24,21.920000076293945,22.280000686645508,21.540000915527344,22.010000228881836,35155700,17.475818634033203,17.404359009893927
2008-04-25,21.959999084472656,21.979999542236328,21.25,21.59000015258789,28692400,17.14234733581543,17.43612455487159
2008-04-28,21.579999923706055,21.799999237060547,21.3799991607666,21.510000228881836,24818500,17.078815460205078,17.134394812015977
2008-04-29,21.40999984741211,21.8799991607666,21.329999923706055,21.760000228881836,25801300,17.277315139770508,16.999416848130505
2008-04-30,21.489999771118164,21.579999923706055,20.799999237060547,20.850000381469727,41907200,16.554784774780273,17.06294074397809
2008-05-01,21.010000228881836,21.850000381469727,20.959999084472656,21.81999969482422,35781100,17.324962615966797,16.68182738852985
2008-05-02,22.059999465942383,22.06999969482422,21.290000915527344,21.510000228881836,36754700,17.078815460205078,17.515511665368205
2008-05-05,21.5,21.68000030517578,21.34000015258789,21.549999237060547,30525500,17.110576629638672,17.070877520244892
2008-05-06,21.40999984741211,21.770000457763672,21.25,21.5,32882300,17.070871353149414,16.99941177051724
2008-05-07,21.43000030517578,21.5,20.90999984741211,20.989999771118164,37811800,16.665939331054688,17.01529722939664
2008-05-08,21.149999618530273,21.280000686645508,21.0,21.100000381469727,26097900,16.753278732299805,16.79297783844832
2008-05-09,20.84000015258789,21.100000381469727,20.700000762939453,21.0,21073100,16.67388343811035,16.54684444735488
2008-05-12,21.1299991607666,21.6299991607666,21.079999923706055,21.510000228881836,24786200,17.078815460205078,16.777096815483414
2008-05-13,21.549999237060547,21.719999313354492,21.309999465942383,21.670000076293945,20443900,17.205856323242188,17.110576342104714
2008-05-14,21.729999542236328,22.139999389648438,21.600000381469727,21.780000686645508,26521200,17.293197631835938,17.253497005351747
2008-05-15,21.6200008392334,21.90999984741211,21.540000915527344,21.8700008392334,21660300,17.36465072631836,17.16615221168676
2008-05-16,21.899999618530273,21.969999313354492,21.40999984741211,21.68000030517578,33779900,17.21379852294922,17.388476742596996
2008-05-19,22.040000915527344,22.75,21.8700008392334,22.43000030517578,41541600,17.80929183959961,17.499634556808044
2008-05-20,22.239999771118164,22.440000534057617,22.049999237060547,22.15999984741211,25913800,17.594913482666016,17.65843296578516
2008-05-21,22.239999771118164,22.709999084472656,21.940000534057617,22.010000228881836,30644300,17.475818634033203,17.658437000422783
2008-05-22,22.06999969482422,22.469999313354492,22.059999465942383,22.309999465942383,24186400,17.714017868041992,17.523459359046818
2008-05-23,22.290000915527344,22.299999237060547,21.889999389648438,21.979999542236328,19994200,17.45199203491211,17.698131325638236
2008-05-27,22.049999237060547,22.75,22.020000457763672,22.65999984741211,29198000,17.991905212402344,17.507568352964707
2008-05-28,22.790000915527344,22.950000762939453,22.639999389648438,22.790000915527344,26752100,18.095129013061523,18.095129013061523
2008-05-29,22.84000015258789,23.0,22.479999542236328,22.790000915527344,32460500,18.095129013061523,18.134828118319078
2008-05-30,22.809999465942383,22.940000534057617,22.68000030517578,22.84000015258789,25258000,18.134830474853516,18.111010099949365
2008-06-02,22.770000457763672,22.770000457763672,22.350000381469727,22.68000030517578,31834700,18.00779151916504,18.079251129512837
2008-06-03,22.739999771118164,23.56999969482422,22.700000762939453,22.90999984741211,50881500,18.19040870666504,18.055429619430324
2008-06-04,22.709999084472656,23.149999618530273,22.709999084472656,22.90999984741211,35156400,18.19040870666504,18.031609246004003
2008-06-05,22.850000381469727,23.209999084472656,22.709999084472656,23.18000030517578,31050400,18.40478515625,18.142767139967546
2008-06-06,23.0,23.059999465942383,22.459999084472656,22.459999084472656,41297500,17.833105087280273,18.261862588008942
2008-06-09,22.639999389648438,22.670000076293945,22.25,22.549999237060547,26286600,17.90457534790039,17.976034973969206
2008-06-10,22.309999465942383,22.670000076293945,22.1200008392334,22.5,28076900,17.864877700805664,17.71401830951557
2008-06-11,22.559999465942383,22.780000686645508,22.049999237060547,22.06999969482422,28994300,17.523454666137695,17.91251170711358
2008-06-12,22.1299991607666,22.260000228881836,21.729999542236328,21.860000610351562,35103700,17.356719970703125,17.57109733123396
2008-06-13,22.09000015258789,22.65999984741211,21.950000762939453,22.6299991607666,31789500,17.96808624267578,17.539330206010256
2008-06-16,22.489999771118164,23.0,22.329999923706055,22.940000534057617,32562000,18.214237213134766,17.856939024318155
2008-06-17,23.020000457763672,23.020000457763672,22.5,22.530000686645508,27281700,17.888690948486328,18.27774794818529
2008-06-18,22.350000381469727,22.670000076293945,22.219999313354492,22.440000534057617,23148400,17.81723403930664,17.74577442504335
2008-06-19,22.329999923706055,23.0,22.270000457763672,22.700000762939453,41127200,18.023683547973633,17.729904789617155
2008-06-20,22.639999389648438,22.68000030517578,21.90999984741211,22.100000381469727,52614700,17.547277450561523,17.97603366123946
2008-06-23,22.309999465942383,22.40999984741211,21.829999923706055,22.079999923706055,32593700,17.531396865844727,17.714015220366484
2008-06-24,21.940000534057617,22.440000534057617,21.81999969482422,22.229999542236328,28450200,17.65049934387207,17.420241700642855
2008-06-25,22.40999984741211,22.850000381469727,22.190000534057617,22.549999237060547,61229800,17.90457534790039,17.7934166026486
2008-06-26,21.68000030517578,22.219999313354492,21.420000076293945,21.420000076293945,70022700,17.007349014282227,17.21378760534836
2008-06-27,21.389999389648438,21.709999084472656,20.969999313354492,21.290000915527344,40295600,16.904142379760742,16.98354061233991
2008-06-30,21.079999923706055,21.350000381469727,21.0,21.0,36317800,16.67388343811035,16.737402933488088
2008-07-01,20.790000915527344,21.34000015258789,20.649999618530273,21.309999465942383,47419800,16.92002296447754,16.507146960957265
2008-07-02,21.270000457763672,21.399999618530273,20.799999237060547,20.81999969482422,32334200,16.530963897705078,16.888261999296365
2008-07-03,21.040000915527344,21.190000534057617,20.690000534057617,20.729999542236328,21598100,16.459505081176758,16.70564445848158
2008-07-07,20.780000686645508,21.329999923706055,20.610000610351562,21.09000015258789,34574700,16.745336532592773,16.49919877324846
2008-07-08,21.09000015258789,21.600000381469727,20.969999313354492,21.579999923706055,38512800,17.134401321411133,16.745344196507475
2008-07-09,21.479999542236328,21.610000610351562,21.06999969482422,21.110000610351562,41640900,16.761220932006836,17.054997988502326
2008-07-10,21.170000076293945,21.420000076293945,20.93000030517578,21.290000915527344,31664300,16.904142379760742,16.80886238047184
2008-07-11,21.06999969482422,21.25,20.700000762939453,20.959999084472656,36881300,16.642122268676758,16.729462139242685
2008-07-14,21.100000381469727,21.190000534057617,20.260000228881836,20.450000762939453,38892700,16.23719024658203,16.75328643594788
2008-07-15,20.25,20.450000762939453,19.979999542236328,20.25,51034800,16.078378677368164,16.078378677368164
2008-07-16,20.219999313354492,20.549999237060547,20.09000015258789,20.440000534057617,37598100,16.229238510131836,16.05455885308574
2008-07-17,20.5,21.040000915527344,20.3700008392334,20.860000610351562,37414500,16.562725067138672,16.276886574387326
2008-07-18,20.889999389648438,21.25,20.649999618530273,21.18000030517578,35894400,16.816802978515625,16.58654385718687
2008-07-21,21.200000762939453,21.420000076293945,21.020000457763672,21.09000015258789,21452900,16.745336532592773,16.83267637260228
2008-07-22,21.15999984741211,21.6200008392334,21.149999618530273,21.59000015258789,32973700,17.14234733581543,16.800929339811095
2008-07-23,21.540000915527344,21.59000015258789,21.139999389648438,21.5,32196800,17.070871353149414,17.102631840729668
2008-07-24,21.190000534057617,21.389999389648438,20.850000381469727,20.950000762939453,30294300,16.63418197631836,16.824740435586605
2008-07-25,20.969999313354492,20.979999542236328,20.639999389648438,20.950000762939453,22856500,16.63418197631836,16.650060712106036
2008-07-28,20.729999542236328,21.100000381469727,20.690000534057617,20.719999313354492,20871700,16.451560974121094,16.459501098670163
2008-07-29,20.860000610351562,21.56999969482422,20.84000015258789,21.43000030517578,31769100,17.01529884338379,16.562722314687743
2008-07-30,21.40999984741211,21.450000762939453,20.969999313354492,21.309999465942383,31664400,16.92002296447754,16.999422720147567
2008-07-31,21.059999465942383,21.899999618530273,20.979999542236328,21.530000686645508,37252500,17.09469985961914,16.721521524954333
2008-08-01,21.579999923706055,21.690000534057617,21.270000457763672,21.5,25008100,17.070871353149414,17.134390813886522
2008-08-04,21.489999771118164,21.59000015258789,21.139999389648438,21.25,26000600,16.872379302978516,17.06293775808128
2008-08-05,21.420000076293945,22.219999313354492,21.309999465942383,22.209999084472656,42677200,17.634613037109375,17.00735831476806
2008-08-06,22.079999923706055,22.90999984741211,22.030000686645508,22.860000610351562,42928500,18.150712966918945,17.53139677272377
2008-08-07,22.6299991607666,23.020000457763672,22.459999084472656,22.75,38857800,18.06337547302246,17.96809546352133
2008-08-08,22.75,23.6200008392334,22.639999389648438,23.520000457763672,47770000,18.674747467041016,18.063371454354925
2008-08-11,23.40999984741211,23.520000457763672,22.920000076293945,23.079999923706055,33999200,18.325393676757812,18.587411810865433
2008-08-12,22.979999542236328,23.010000228881836,22.68000030517578,22.899999618530273,29979400,18.182477951049805,18.245997465159054
2008-08-13,22.790000915527344,23.149999618530273,22.56999969482422,23.010000228881836,26117000,18.269807815551758,18.095129626305376
2008-08-14,22.780000686645508,23.399999618530273,22.75,23.190000534057617,32146100,18.41272735595703,18.087189829759215
2008-08-15,23.329999923706055,23.450000762939453,22.920000076293945,23.059999465942383,26526700,18.30950927734375,18.523888115192914
2008-08-18,23.049999237060547,23.229999542236328,22.549999237060547,22.770000457763672,23069400,18.07925033569336,18.301567767525942
2008-08-19,22.68000030517578,22.770000457763672,22.450000762939453,22.559999465942383,22491600,17.912513732910156,18.007793729878863
2008-08-20,22.68000030517578,22.950000762939453,22.5,22.65999984741211,21921000,17.991905212402344,18.00778545700569
2008-08-21,22.389999389648438,22.450000762939453,22.15999984741211,22.299999237060547,22441800,17.706069946289062,17.777529545007326
2008-08-22,22.520000457763672,22.81999969482422,22.389999389648438,22.700000762939453,18335600,18.023683547973633,17.880764233877237
2008-08-25,22.540000915527344,22.709999084472656,22.190000534057617,22.209999084472656,20109600,17.634613037109375,17.896632615320677
2008-08-26,22.15999984741211,22.3799991607666,22.010000228881836,22.149999618530273,16293400,17.58698081970215,17.594920947763836
2008-08-27,22.200000762939453,22.56999969482422,22.1299991607666,22.34000015258789,21416200,17.73783302307129,17.626674304183446
2008-08-28,22.290000915527344,22.729999542236328,22.270000457763672,22.639999389648438,18706100,17.976030349731445,17.69813355808943
2008-08-29,22.399999618530273,22.43000030517578,21.700000762939453,21.93000030517578,35278800,17.412294387817383,17.78547114533293
2008-09-02,22.299999237060547,22.3700008392334,21.5,21.549999237060547,43670400,17.110576629638672,17.706072357089074
2008-09-03,21.520000457763672,21.56999969482422,21.010000228881836,21.190000534057617,40639000,16.824737548828125,17.086755574668377
2008-09-04,20.84000015258789,20.889999389648438,19.920000076293945,19.93000030517578,80189500,15.824305534362793,16.546840175665988
2008-09-05,19.719999313354492,20.31999969482422,19.700000762939453,20.06999969482422,47196900,15.935474395751953,15.657575930270033
2008-09-08,20.3700008392334,20.649999618530273,18.940000534057617,19.260000228881836,93829900,15.292339324951172,16.173673996948967
2008-09-09,19.399999618530273,19.850000381469727,19.020000457763672,19.170000076293945,62465800,15.220865249633789,15.403483508680422
2008-09-10,19.350000381469727,19.399999618530273,19.030000686645508,19.15999984741211,52165600,15.212926864624023,15.363786167957914
2008-09-11,19.030000686645508,19.399999618530273,18.889999389648438,19.350000381469727,49981500,15.36379337310791,15.109715383763527
2008-09-12,19.219999313354492,19.670000076293945,19.040000915527344,19.610000610351562,39169200,15.57022762298584,15.260568837748545
2008-09-15,19.049999237060547,19.489999771118164,18.920000076293945,19.010000228881836,41749400,15.09383487701416,15.12559386793603
2008-09-16,18.600000381469727,19.049999237060547,18.399999618530273,18.959999084472656,61197300,15.054134368896484,14.7682973905565
2008-09-17,18.690000534057617,18.81999969482422,18.06999969482422,18.100000381469727,50033700,14.371299743652344,14.839756586908647
2008-09-18,18.3700008392334,18.950000762939453,17.84000015258789,18.75,76944900,14.887398719787598,14.585681438746688
2008-09-19,20.989999771118164,21.0,15.0,20.06999969482422,76248200,15.935474395751953,16.66594962658381
2008-09-22,19.979999542236328,20.760000228881836,19.600000381469727,19.75,39592900,15.681382179260254,15.864000443709003
2008-09-23,19.81999969482422,20.549999237060547,19.639999389648438,19.690000534057617,42062600,15.63375186920166,15.736970486139437
2008-09-24,19.899999618530273,20.5,19.770000457763672,19.950000762939453,32234300,15.84018611907959,15.800485497359329
2008-09-25,20.34000015258789,20.81999969482422,20.209999084472656,20.469999313354492,40432400,16.253063201904297,16.14984460654481
2008-09-26,19.989999771118164,20.850000381469727,19.979999542236328,20.6200008392334,39221800,16.372163772583008,15.87194649594451
2008-09-29,20.34000015258789,20.530000686645508,18.0,18.770000457763672,59105400,14.90327262878418,16.149843375104822
2008-09-30,19.110000610351562,20.40999984741211,19.100000381469727,20.309999465942383,51036400,16.126020431518555,15.17322837972622
2008-10-01,20.190000534057617,20.190000534057617,19.549999237060547,19.860000610351562,35077900,15.768729209899902,16.030747300347297
2008-10-02,19.84000015258789,19.989999771118164,19.360000610351562,19.489999771118164,43966500,15.474945068359375,15.75284331057357
2008-10-03,19.670000076293945,20.540000915527344,19.479999542236328,19.479999542236328,53659800,15.467013359069824,15.617872746521442
2008-10-06,18.889999389648438,19.299999237060547,17.25,18.299999237060547,79751400,14.530097961425781,14.99855481234176
2008-10-07,18.290000915527344,18.5,16.780000686645508,16.780000686645508,64087300,13.323227882385254,14.522159725567937
2008-10-08,16.309999465942383,17.6299991607666,16.010000228881836,16.8799991607666,75915900,13.402626037597656,12.950049430305524
2008-10-09,17.219999313354492,17.559999465942383,16.0,16.209999084472656,58118900,12.870646476745605,13.672580876595275
2008-10-10,15.699999809265137,17.030000686645508,15.279999732971191,16.68000030517578,96946200,13.243826866149902,12.465711958528813
2008-10-13,17.520000457763672,18.8700008392334,17.040000915527344,18.860000610351562,54677400,14.974738121032715,13.910785272795055
2008-10-14,19.34000015258789,19.440000534057617,17.3700008392334,17.690000534057617,59134200,14.045754432678223,15.35584424365762
2008-10-15,17.399999618530273,17.729999542236328,15.9399995803833,15.949999809265137,55101100,12.66421127319336,13.815503069445098
2008-10-16,16.15999984741211,16.989999771118164,15.3100004196167,16.989999771118164,70756900,13.489959716796875,12.830944667557574
2008-10-17,16.40999984741211,17.989999771118164,16.209999084472656,17.020000457763672,52293900,13.513784408569336,13.029447362995022
2008-10-20,17.360000610351562,18.15999984741211,17.100000381469727,18.15999984741211,42566000,14.418939590454102,13.783744614214648
2008-10-21,17.899999618530273,18.40999984741211,17.59000015258789,17.690000534057617,46932000,14.045754432678223,14.212492447519516
2008-10-22,17.25,17.5,16.610000610351562,17.170000076293945,46864400,13.632883071899414,13.696402559424131
2008-10-23,16.979999542236328,17.469999313354492,16.010000228881836,16.950000762939453,62156400,13.458207130432129,13.482025995757505
2008-10-24,15.710000038146973,16.709999084472656,15.479999542236328,16.200000762939453,54151300,12.862709045410156,12.473651239347303
2008-10-27,15.989999771118164,16.770000457763672,15.3100004196167,15.770000457763672,62876600,12.521292686462402,12.695970918128287
2008-10-28,16.399999618530273,17.68000030517578,15.569999694824219,17.6200008392334,47608000,13.990185737609863,13.021511341196494
2008-10-29,17.360000610351562,18.3700008392334,16.770000457763672,17.290000915527344,58715900,13.72816276550293,13.783742126590147
2008-10-30,18.1299991607666,18.610000610351562,17.790000915527344,18.31999969482422,71484400,14.545977592468262,14.395118228003321
2008-10-31,17.860000610351562,18.6200008392334,17.809999465942383,18.290000915527344,55114800,14.522157669067383,14.180739849661563
2008-11-03,18.110000610351562,18.40999984741211,18.040000915527344,18.329999923706055,28389100,14.553918838500977,14.379240597125412
2008-11-04,18.5,19.0,18.31999969482422,18.899999618530273,38671300,15.006498336791992,14.688900784868933
2008-11-05,18.649999618530273,18.760000228881836,17.709999084472656,17.81999969482422,37384600,14.148982048034668,14.807997436446714
2008-11-06,17.43000030517578,17.579999923706055,16.649999618530273,16.850000381469727,54420800,13.378803253173828,13.839319852013352
2008-11-07,17.079999923706055,17.65999984741211,16.969999313354492,17.530000686645508,35136500,13.918718338012695,13.561420355930093
2008-11-10,17.829999923706055,17.84000015258789,17.360000610351562,17.559999465942383,24816800,13.94253921508789,14.15691803541547
2008-11-11,17.3799991607666,17.520000457763672,16.790000915527344,17.290000915527344,35681000,13.72816276550293,13.799620862312203
2008-11-12,16.81999969482422,17.040000915527344,16.399999618530273,16.469999313354492,44447600,13.077082633972168,13.354980879340655
2008-11-13,16.329999923706055,17.75,15.630000114440918,17.719999313354492,62134400,14.06957721710205,12.965925721492528
2008-11-14,17.260000228881836,17.790000915527344,16.65999984741211,16.899999618530273,51944100,13.41850471496582,13.704343176293143
2008-11-17,16.610000610351562,16.989999771118164,16.299999237060547,16.40999984741211,41318500,13.029447555541992,13.188247036103775
2008-11-18,16.520000457763672,17.030000686645508,15.920000076293945,17.020000457763672,55664200,13.513784408569336,13.116787227455719
2008-11-19,16.899999618530273,17.299999237060547,15.970000267028809,16.0,65869100,12.70390796661377,13.418502486851025
2008-11-20,16.020000457763672,16.760000228881836,15.319999694824219,15.399999618530273,67199300,12.22751522064209,12.719792485987941
2008-11-21,15.4399995803833,16.489999771118164,15.100000381469727,16.3799991607666,73239000,13.00562572479248,12.25927142990282
2008-11-24,16.56999969482422,16.989999771118164,16.31999969482422,16.639999389648438,75407900,13.212067604064941,13.156488233019001
2008-11-25,16.84000015258789,16.850000381469727,15.720000267028809,15.979999542236328,73396600,12.688032150268555,13.370867926612021
2008-11-26,15.649999618530273,16.25,15.640000343322754,16.139999389648438,52962900,12.815070152282715,12.426013047019806
2008-11-28,16.100000381469727,16.149999618530273,15.75,16.09000015258789,19899100,12.775371551513672,12.783311678198201
2008-12-01,15.710000038146973,16.040000915527344,15.380000114440918,15.470000267028809,51362300,12.283093452453613,12.473651924743677
2008-12-02,15.609999656677246,16.020000457763672,15.260000228881836,15.789999961853027,41701000,12.53717041015625,12.39425118879331
2008-12-03,15.920000076293945,16.149999618530273,15.619999885559082,16.1299991607666,72210200,12.807127952575684,12.640389869209457
2008-12-04,15.819999694824219,15.989999771118164,15.199999809265137,15.4399995803833,48105900,12.259273529052734,12.560991499947065
2008-12-05,15.229999542236328,16.399999618530273,15.170000076293945,16.31999969482422,57184100,12.957988739013672,12.092534696925885
2008-12-08,16.510000228881836,17.31999969482422,16.350000381469727,17.040000915527344,49736700,13.5296630859375,13.10884557770045
2008-12-09,16.739999771118164,17.670000076293945,16.600000381469727,16.940000534057617,44413400,13.450264930725098,13.291465452385385
2008-12-10,17.139999389648438,17.59000015258789,16.889999389648438,17.389999389648438,36795000,13.807561874389648,13.609063278084223
2008-12-11,17.290000915527344,17.290000915527344,16.399999618530273,16.459999084472656,36833500,13.069144248962402,13.728160911192319
2008-12-12,16.110000610351562,16.940000534057617,16.06999969482422,16.84000015258789,33021700,13.370864868164062,12.791249360763752
2008-12-15,16.399999618530273,16.639999389648438,16.1299991607666,16.450000762939453,37179300,13.061209678649902,13.021509046369562
2008-12-16,16.610000610351562,17.399999618530273,16.510000228881836,17.270000457763672,57317700,13.71228313446045,13.188246971372388
2008-12-17,16.969999313354492,17.040000915527344,16.68000030517578,16.739999771118164,38961500,13.291463851928711,13.47408216993303
2008-12-18,16.829999923706055,16.969999313354492,16.34000015258789,16.610000610351562,45269900,13.188244819641113,13.36292300736278
2008-12-19,17.440000534057617,18.15999984741211,16.610000610351562,17.780000686645508,90125800,14.117219924926758,13.847261727894907
2008-12-22,17.790000915527344,17.790000915527344,17.170000076293945,17.520000457763672,32738500,13.910783767700195,14.125162642528714
2008-12-23,17.530000686645508,17.760000228881836,17.079999923706055,17.299999237060547,26611800,13.736102104187012,13.918721961697877
2008-12-24,17.350000381469727,17.450000762939453,17.18000030517578,17.31999969482422,8337100,13.751980781555176,13.77580115531106
2008-12-26,17.399999618530273,17.459999084472656,17.260000228881836,17.43000030517578,9496000,13.839323997497559,13.815503617958534
2008-12-29,17.31999969482422,17.399999618530273,17.020000457763672,17.219999313354492,21226900,13.67258358001709,13.751983326137758
2008-12-30,17.350000381469727,17.860000610351562,17.25,17.829999923706055,24498300,14.156923294067383,13.775806259311125
2008-12-31,17.809999465942383,17.989999771118164,17.68000030517578,17.729999542236328,23404500,14.0775146484375,14.141034114140984
2009-01-02,17.639999389648438,18.479999542236328,17.6200008392334,18.40999984741211,27833600,14.617438316345215,14.006062200744637
2009-01-05,18.190000534057617,18.25,17.860000610351562,18.09000015258789,28309400,14.363365173339844,14.442764951361267
2009-01-06,18.170000076293945,18.700000762939453,18.030000686645508,18.389999389648438,29856600,14.601550102233887,14.426871956338413
2009-01-07,18.059999465942383,18.25,17.479999542236328,17.649999618530273,38635700,14.014007568359375,14.339545307103979
2009-01-08,17.5,17.670000076293945,17.309999465942383,17.6200008392334,35148700,13.990185737609863,13.894905717769786
2009-01-09,17.709999084472656,17.709999084472656,17.25,17.360000610351562,32028400,13.783742904663086,14.061639725786058
2009-01-12,17.40999984741211,17.469999313354492,16.84000015258789,17.049999237060547,34575200,13.537602424621582,13.8234408617851
2009-01-13,17.0,17.31999969482422,16.90999984741211,17.139999389648438,32780400,13.60905933380127,13.497900636702818
2009-01-14,16.8700008392334,16.920000076293945,16.18000030517578,16.360000610351562,39968400,12.989753723144531,13.394691200208602
2009-01-15,16.329999923706055,16.68000030517578,15.869999885559082,16.530000686645508,45102600,13.124724388122559,12.965924945777994
2009-01-16,16.739999771118164,17.059999465942383,16.40999984741211,16.90999984741211,38250300,13.426446914672852,13.291467788685438
2009-01-20,16.899999618530273,16.979999542236328,16.049999237060547,16.100000381469727,34055200,12.783312797546387,13.418507843685255
2009-01-21,16.399999618530273,16.920000076293945,16.25,16.889999389648438,56144800,13.410562515258789,13.021505511084474
2009-01-22,16.43000030517578,16.93000030517578,16.40999984741211,16.649999618530273,36650800,13.220012664794922,13.045334359964468
2009-01-23,16.43000030517578,17.020000457763672,16.389999389648438,16.780000686645508,34362500,13.323227882385254,13.045329512276478
2009-01-26,16.81999969482422,17.360000610351562,16.780000686645508,16.959999084472656,27890000,13.466140747070312,13.354982044990205
2009-01-27,17.020000457763672,17.43000030517578,16.979999542236328,17.280000686645508,27379200,13.720224380493164,13.513785645684823
2009-01-28,17.709999084472656,18.010000228881836,17.440000534057617,17.84000015258789,32607600,14.164860725402832,14.06164060162168
2009-01-29,17.670000076293945,17.8700008392334,17.260000228881836,17.59000015258789,27538600,13.966367721557617,14.02988724074369
2009-01-30,17.6200008392334,17.760000228881836,16.790000915527344,16.829999923706055,33537000,13.362931251525879,13.990187815440928
2009-02-02,16.600000381469727,17.100000381469727,16.510000228881836,16.899999618530273,25466300,13.41850471496582,13.180307006809116
2009-02-03,16.850000381469727,17.059999465942383,16.5,17.049999237060547,31190700,13.537602424621582,13.37880447074938
2009-02-04,17.149999618530273,17.6299991607666,17.049999237060547,17.209999084472656,26574100,13.664644241333008,13.617004996685264
2009-02-05,16.860000610351562,17.700000762939453,16.739999771118164,17.6200008392334,35402800,13.990185737609863,13.386749650421487
2009-02-06,17.690000534057617,18.06999969482422,17.479999542236328,17.969999313354492,29569000,14.26807689666748,14.045759463910992
2009-02-09,17.950000762939453,18.09000015258789,17.81999969482422,18.049999237060547,23314600,14.331599235534668,14.252201001969873
2009-02-10,17.81999969482422,18.09000015258789,17.239999771118164,17.579999923706055,44734500,13.95842170715332,14.148980184367545
2009-02-11,17.649999618530273,18.010000228881836,17.56999969482422,17.799999237060547,28637900,14.133096694946289,14.013997863274458
2009-02-12,17.549999237060547,17.610000610351562,16.940000534057617,17.549999237060547,42572500,13.934600830078125,13.934600830078127
2009-02-13,17.510000228881836,17.959999084472656,17.43000030517578,17.719999313354492,27489800,14.06957721710205,13.902839155646141
2009-02-17,17.149999618530273,17.34000015258789,16.809999465942383,16.959999084472656,41029500,13.466140747070312,13.617000067338841
2009-02-18,17.06999969482422,17.510000228881836,17.0,17.239999771118164,41327900,13.688462257385254,13.55348315883557
2009-02-19,17.34000015258789,17.3700008392334,16.799999237060547,16.829999923706055,32818200,13.362931251525879,13.767868745744817
2009-02-20,16.639999389648438,16.75,16.34000015258789,16.559999465942383,46460000,13.148547172546387,13.212066665576112
2009-02-23,16.520000457763672,16.68000030517578,15.819999694824219,15.859999656677246,32342400,12.592755317687988,13.116792441110013
2009-02-24,15.770000457763672,16.5,15.75,16.440000534057617,37697900,13.053266525268555,12.521290291466293
2009-02-25,16.3799991607666,16.56999969482422,16.010000228881836,16.239999771118164,33469700,12.894468307495117,13.005627033993433
2009-02-26,16.3700008392334,16.3700008392334,15.779999732971191,15.779999732971191,36230900,12.529232025146484,12.997689622139132
2009-02-27,15.5,15.829999923706055,15.40999984741211,15.539999961853027,52301300,12.338669776916504,12.306910039361465
2009-03-02,15.210000038146973,15.6899995803833,15.140000343322754,15.199999809265137,47340600,12.068714141845703,12.076654267190595
2009-03-03,15.399999618530273,15.449999809265137,14.970000267028809,15.010000228881836,39128500,11.917856216430664,12.227513550171562
2009-03-04,15.399999618530273,15.479999542236328,14.850000381469727,14.960000038146973,71256500,11.878155708312988,12.227512895081592
2009-03-05,14.9399995803833,15.279999732971191,14.520000457763672,14.529999732971191,67101400,11.536738395690918,11.862275977851592
2009-03-06,14.600000381469727,14.859999656677246,14.140000343322754,14.470000267028809,52932400,11.489100456237793,11.592319830568933
2009-03-09,14.3100004196167,14.699999809265137,13.800000190734863,13.850000381469727,60034700,10.996826171875,11.362063740050527
2009-03-10,14.170000076293945,15.1899995803833,14.0,15.09000015258789,58945900,11.981378555297852,11.2509034675895
2009-03-11,15.279999732971191,15.460000038146973,14.729999542236328,15.34000015258789,46562000,12.1798734664917,12.132233472254509
2009-03-12,15.350000381469727,15.680000305175781,15.079999923706055,15.630000114440918,27419900,12.41013240814209,12.187814190933222
2009-03-13,15.649999618530273,15.699999809265137,15.279999732971191,15.5600004196167,30867300,12.35455322265625,12.426012082745507
2009-03-16,15.539999961853027,15.800000190734863,14.829999923706055,14.899999618530273,39883700,11.830516815185547,12.338673527752713
2009-03-17,14.930000305175781,15.600000381469727,14.649999618530273,15.399999618530273,52106400,12.22751522064209,11.85433834401293
2009-03-18,15.149999618530273,16.09000015258789,15.069999694824219,15.829999923706055,58521300,12.568931579589844,12.029015132903364
2009-03-19,17.559999465942383,18.09000015258789,17.350000381469727,17.3700008392334,112624400,13.791685104370117,13.942542968689525
2009-03-20,17.5,17.709999084472656,17.0,17.100000381469727,75071700,13.57730770111084,13.894905232102573
2009-03-23,17.34000015258789,18.25,17.260000228881836,18.25,46048300,14.490396499633789,13.767861781627886
2009-03-24,17.899999618530273,18.219999313354492,17.700000762939453,17.90999984741211,32228100,14.220434188842773,14.212494066123673
2009-03-25,18.030000686645508,18.34000015258789,17.700000762939453,18.09000015258789,34714200,14.363365173339844,14.315725912296912
2009-03-26,18.25,18.68000030517578,18.18000030517578,18.68000030517578,34216000,14.83182144165039,14.490403473661639
2009-03-27,18.450000762939453,18.450000762939453,17.93000030517578,18.010000228881836,34232800,14.299838066101074,14.64919599536594
2009-03-30,17.65999984741211,17.700000762939453,17.25,17.65999984741211,33143900,14.021936416625977,14.021936416625977
2009-03-31,17.93000030517578,18.389999389648438,17.81999969482422,18.06999969482422,34583400,14.347477912902832,14.236319186576115
2009-04-01,17.860000610351562,18.68000030517578,17.729999542236328,18.579999923706055,37135900,14.75241756439209,14.180742076755037
2009-04-02,18.93000030517578,19.299999237060547,18.649999618530273,18.81999969482422,46061500,14.942975044250488,15.030314916832303
2009-04-03,18.8799991607666,19.450000762939453,18.8700008392334,19.290000915527344,40966900,15.316152572631836,14.990613478130937
2009-04-06,19.0,19.110000610351562,18.690000534057617,19.110000610351562,29302100,15.212660789489746,15.125093970103634
2009-04-07,18.790000915527344,18.860000610351562,18.360000610351562,18.540000915527344,29049200,14.758912086486816,14.957926533057396
2009-04-08,18.690000534057617,18.760000228881836,18.329999923706055,18.56999969482422,25522400,14.782796859741211,14.878324488095465
2009-04-09,18.829999923706055,19.200000762939453,18.790000915527344,19.110000610351562,25806100,15.212660789489746,14.989764121215702
2009-04-13,18.8700008392334,19.229999542236328,18.860000610351562,19.059999465942383,21743200,15.172863006591797,15.021613100229144
2009-04-14,18.770000457763672,19.010000228881836,18.610000610351562,18.8700008392334,30604400,15.0216064453125,14.942000387654243
2009-04-15,18.690000534057617,18.739999771118164,18.110000610351562,18.59000015258789,28350500,14.798715591430664,14.87832168030953
2009-04-16,18.809999465942383,19.290000915527344,18.579999923706055,19.18000030517578,30286800,15.268389701843262,14.973847631273008
2009-04-17,19.239999771118164,19.450000762939453,18.729999542236328,19.059999465942383,32850100,15.172863006591797,15.316153670185832
2009-04-20,17.760000228881836,19.079999923706055,17.729999542236328,18.81999969482422,84059500,14.981809616088867,14.137988657033693
2009-04-21,18.780000686645508,19.850000381469727,18.639999389648438,19.530000686645508,66973800,15.547005653381348,14.949962446516064
2009-04-22,19.520000457763672,19.75,19.09000015258789,19.350000381469727,40035100,15.403718948364258,15.539048836984835
2009-04-23,19.399999618530273,19.709999084472656,19.139999389648438,19.68000030517578,36144600,15.666420936584473,15.443524160593693
2009-04-24,19.75,20.18000030517578,19.649999618530273,19.790000915527344,42970200,15.753985404968262,15.72214236250995
2009-04-27,19.59000015258789,20.280000686645508,19.520000457763672,19.770000457763672,29389700,15.738059043884277,15.594768433607069
2009-04-28,19.56999969482422,19.93000030517578,19.510000228881836,19.739999771118164,25051800,15.714180946350098,15.578851058267476
2009-04-29,19.450000762939453,19.799999237060547,19.40999984741211,19.600000381469727,28310800,15.602729797363281,15.483321456950794
2009-04-30,19.75,19.940000534057617,19.040000915527344,19.34000015258789,49416900,15.395758628845215,15.722142219270138
2009-05-01,19.350000381469727,19.440000534057617,19.1200008392334,19.34000015258789,20402200,15.395758628845215,15.403719389387264
2009-05-04,19.399999618530273,19.440000534057617,18.959999084472656,18.969999313354492,38586500,15.10122013092041,15.443525323322348
2009-05-05,19.170000076293945,19.190000534057617,18.670000076293945,19.010000228881836,29366500,15.133060455322266,15.260429594437326
2009-05-06,19.149999618530273,19.190000534057617,18.690000534057617,19.059999465942383,27110300,15.172863006591797,15.244508338388814
2009-05-07,18.989999771118164,19.149999618530273,18.190000534057617,18.420000076293945,54151100,14.663384437561035,15.117137131365672
2009-05-08,18.600000381469727,18.780000686645508,18.1200008392334,18.31999969482422,41125900,14.583780288696289,14.806677044304633
2009-05-11,18.149999618530273,18.829999923706055,18.040000915527344,18.559999465942383,32102300,14.77483081817627,14.448447275326075
2009-05-12,18.639999389648438,18.670000076293945,18.079999923706055,18.3799991607666,33700100,14.63154125213623,14.83851645606169
2009-05-13,18.149999618530273,18.34000015258789,17.969999313354492,18.06999969482422,29146000,14.38476276397705,14.448447320871507
2009-05-14,18.239999771118164,18.579999923706055,18.100000381469727,18.459999084472656,26242700,14.695228576660156,14.5200963796509
2009-05-15,18.59000015258789,18.739999771118164,18.350000381469727,18.420000076293945,22884500,14.663384437561035,14.798714321534323
2009-05-18,18.690000534057617,18.940000534057617,18.469999313354492,18.920000076293945,22953400,15.061419486999512,14.87832648628755
2009-05-19,18.790000915527344,19.209999084472656,18.770000457763672,18.969999313354492,23414200,15.10122013092041,14.957930962381157
2009-05-20,19.079999923706055,19.399999618530273,18.8799991607666,18.940000534057617,29082600,15.0773344039917,15.188782004549502
2009-05-21,18.760000228881836,18.829999923706055,18.350000381469727,18.56999969482422,26281200,14.782796859741211,14.934048305318722
2009-05-22,18.579999923706055,19.09000015258789,18.440000534057617,18.649999618530273,24378600,14.846482276916504,14.790758456548982
2009-05-26,18.459999084472656,19.200000762939453,18.280000686645508,19.06999969482422,28315900,15.180825233459473,14.695229386252196
2009-05-27,18.979999542236328,19.450000762939453,18.90999984741211,18.989999771118164,27633200,15.117136001586914,15.109175242141111
2009-05-28,19.010000228881836,19.3700008392334,18.829999923706055,19.209999084472656,25588900,15.292267799377441,15.133057169235562
2009-05-29,19.280000686645508,19.600000381469727,19.15999984741211,19.59000015258789,42625200,15.594769477844238,15.34799203159763
2009-06-01,19.75,20.020000457763672,19.600000381469727,19.920000076293945,31616300,15.857473373413086,15.722143470150808
2009-06-02,19.770000457763672,20.440000534057617,19.770000457763672,20.350000381469727,31008500,16.199779510498047,15.738065962389248
2009-06-03,20.239999771118164,20.510000228881836,20.09000015258789,20.34000015258789,27013500,16.191818237304688,16.112212141519436
2009-06-04,20.34000015258789,20.670000076293945,20.260000228881836,20.610000610351562,30251800,16.406749725341797,16.191813781379167
2009-06-05,20.81999969482422,20.899999618530273,20.510000228881836,20.709999084472656,26652000,16.486352920532227,16.5739197464086
2009-06-08,20.600000381469727,21.06999969482422,20.530000686645508,20.8700008392334,34885600,16.613733291625977,16.398797239229186
2009-06-09,20.950000762939453,21.200000762939453,20.829999923706055,20.989999771118164,23790000,16.70924949645996,16.677407980759295
2009-06-10,21.059999465942383,21.190000534057617,20.43000030517578,20.739999771118164,33270900,16.510229110717773,16.76496721752648
2009-06-11,20.65999984741211,21.200000762939453,20.65999984741211,20.940000534057617,26073600,16.669448852539062,16.446552147397064
2009-06-12,20.850000381469727,21.0,19.469999313354492,20.850000381469727,23154700,16.597806930541992,16.597806930541992
2009-06-15,20.639999389648438,20.649999618530273,20.0,20.219999313354492,40579100,16.09628677368164,16.43063108142504
2009-06-16,20.18000030517578,20.270000457763672,19.68000030517578,19.690000534057617,41410900,15.6743803024292,16.064448486903068
2009-06-17,19.719999313354492,20.170000076293945,19.700000762939453,19.940000534057617,33324200,15.87338638305664,15.698252767839321
2009-06-18,20.170000076293945,20.459999084472656,19.979999542236328,20.25,34591500,16.12016487121582,16.05648032998983
2009-06-19,20.420000076293945,20.920000076293945,20.3700008392334,20.65999984741211,51092900,16.446552276611328,16.255498607142687
2009-06-22,20.420000076293945,20.75,19.93000030517578,19.969999313354492,38852500,15.897268295288086,16.255494790406136
2009-06-23,20.209999084472656,20.209999084472656,19.729999542236328,19.8700008392334,39341200,15.817667961120605,16.088326195816773
2009-06-24,20.860000610351562,21.75,20.780000686645508,21.260000228881836,99417800,16.924184799194336,16.605762062094975
2009-06-25,21.25,21.709999084472656,21.1299991607666,21.6299991607666,49521000,17.21872329711914,16.91622211097736
2009-06-26,21.540000915527344,21.540000915527344,21.149999618530273,21.239999771118164,37033500,16.908266067504883,17.14708429843179
2009-06-29,21.34000015258789,21.709999084472656,21.219999313354492,21.5,28022200,17.115238189697266,16.987869096731057
2009-06-30,21.5,21.75,21.280000686645508,21.420000076293945,32109600,17.051546096801758,17.115230615100344
2009-07-01,21.6299991607666,22.0,21.6200008392334,21.739999771118164,28169700,17.30629539489746,17.218728556056355
2009-07-02,21.329999923706055,21.34000015258789,20.860000610351562,21.040000915527344,27417800,16.749053955078125,16.97990988775633
2009-07-06,20.920000076293945,21.040000915527344,20.5,20.670000076293945,37209100,16.45452117919922,16.65353570651495
2009-07-07,20.670000076293945,20.780000686645508,20.1200008392334,20.18000030517578,35542700,16.064441680908203,16.454509700122614
2009-07-08,20.209999084472656,20.790000915527344,19.790000915527344,20.56999969482422,55776800,16.374902725219727,16.088321535964294
2009-07-09,20.540000915527344,20.770000457763672,20.18000030517578,20.31999969482422,31907000,16.175893783569336,16.351027466236456
2009-07-10,20.200000762939453,20.6299991607666,20.190000534057617,20.489999771118164,22410400,16.31122398376465,16.080368013520076
2009-07-13,20.520000457763672,20.729999542236328,20.1200008392334,20.719999313354492,26523000,16.534666061401367,16.37506594559802
2009-07-14,20.639999389648438,20.719999313354492,20.280000686645508,20.6299991607666,22065800,16.462844848632812,16.4708250824297
2009-07-15,20.81999969482422,21.530000686645508,20.770000457763672,21.510000228881836,32308800,17.165082931518555,16.614459209349178
2009-07-16,21.56999969482422,21.770000457763672,21.34000015258789,21.639999389648438,24399500,17.268829345703125,17.212969233953356
2009-07-17,21.690000534057617,21.739999771118164,21.399999618530273,21.739999771118164,21094800,17.3486270904541,17.308727452565282
2009-07-20,21.700000762939453,21.829999923706055,21.34000015258789,21.510000228881836,28079300,17.165082931518555,17.316704265290216
2009-07-21,21.969999313354492,22.0,21.43000030517578,21.93000030517578,36397100,17.500247955322266,17.53216736030874
2009-07-22,21.84000015258789,21.979999542236328,21.6299991607666,21.75,26150500,17.35660171508789,17.42842225774376
2009-07-23,21.649999618530273,22.399999618530273,21.59000015258789,22.200000762939453,33195600,17.715709686279297,17.276806070665895
2009-07-24,21.940000534057617,22.479999542236328,21.90999984741211,22.329999923706055,24623700,17.819456100463867,17.508234558735595
2009-07-27,22.290000915527344,22.309999465942383,21.75,21.979999542236328,23778600,17.540145874023438,17.787528468287075
2009-07-28,21.860000610351562,22.31999969482422,21.719999313354492,22.239999771118164,26375300,17.747634887695312,17.444393591277922
2009-07-29,22.1299991607666,22.280000686645508,21.829999923706055,22.010000228881836,21026500,17.5640926361084,17.65985239685081
2009-07-30,22.239999771118164,22.469999313354492,21.90999984741211,22.139999389648438,28861800,17.66783332824707,17.747634146732832
2009-07-31,22.15999984741211,22.420000076293945,22.06999969482422,22.1299991607666,24391100,17.659854888916016,17.68379559351698
2009-08-03,22.31999969482422,22.3799991607666,22.0,22.299999237060547,24046200,17.79551124572754,17.811471711343234
2009-08-04,22.239999771118164,22.280000686645508,21.68000030517578,21.889999389648438,28735000,17.46832275390625,17.74762470904448
2009-08-05,21.829999923706055,21.850000381469727,21.18000030517578,21.440000534057617,36001800,17.109230041503906,17.420451548375688
2009-08-06,21.420000076293945,21.940000534057617,21.09000015258789,21.209999084472656,28036000,16.925682067871094,17.093263877155888
2009-08-07,21.43000030517578,21.84000015258789,21.3700008392334,21.43000030517578,25561400,17.101253509521484,17.101253509521484
2009-08-10,21.209999084472656,21.40999984741211,21.030000686645508,21.25,19521600,16.957605361938477,16.925684433014762
2009-08-11,21.079999923706055,21.40999984741211,21.030000686645508,21.280000686645508,25855600,16.981544494628906,16.82194290885699
2009-08-12,21.299999237060547,22.100000381469727,21.25,21.8799991607666,34000100,17.460351943969727,16.997509019663667
2009-08-13,21.940000534057617,22.030000686645508,21.770000457763672,21.989999771118164,25740300,17.548131942749023,17.508232296632265
2009-08-14,21.889999389648438,22.079999923706055,21.65999984741211,21.959999084472656,24254700,17.52419090270996,17.468330790397914
2009-08-17,21.649999618530273,21.75,21.3700008392334,21.399999618530273,19838400,17.077306747436523,17.276807998042262
2009-08-18,21.450000762939453,21.959999084472656,21.309999465942383,21.579999923706055,16120100,17.220956802368164,17.117216768085473
2009-08-19,21.31999969482422,21.84000015258789,21.200000762939453,21.780000686645508,22257400,17.380544662475586,17.013461672068008
2009-08-20,21.719999313354492,22.049999237060547,21.610000610351562,21.940000534057617,21178600,17.50823211669922,17.33267002261229
2009-08-21,22.139999389648438,22.139999389648438,21.739999771118164,22.110000610351562,29644200,17.643888473510742,17.667827645905323
2009-08-24,22.1299991607666,22.489999771118164,22.040000915527344,22.31999969482422,22218700,17.811471939086914,17.659850557946683
2009-08-25,22.489999771118164,22.549999237060547,22.200000762939453,22.229999542236328,30600400,17.73965835571289,17.94713992691165
2009-08-26,22.170000076293945,22.260000228881836,22.0,22.200000762939453,18779300,17.715709686279297,17.69176899093085
2009-08-27,22.15999984741211,22.209999084472656,21.780000686645508,22.15999984741211,20012300,17.68379020690918,17.68379020690918
2009-08-28,22.299999237060547,22.610000610351562,22.100000381469727,22.15999984741211,23965200,17.68379020690918,17.79551041686791
2009-08-31,22.0,22.190000534057617,21.729999542236328,21.8799991607666,26421900,17.460351943969727,17.556113231307613
2009-09-01,21.770000457763672,22.309999465942383,21.670000076293945,21.940000534057617,34860200,17.50823211669922,17.372571190392918
2009-09-02,21.829999923706055,22.030000686645508,21.68000030517578,21.770000457763672,21034500,17.372568130493164,17.420448001322725
2009-09-03,21.56999969482422,21.600000381469727,21.219999313354492,21.559999465942383,28597100,17.20499610900879,17.212976345709304
2009-09-04,21.56999969482422,22.100000381469727,21.540000915527344,21.969999313354492,17831800,17.532175064086914,17.21297326359446
2009-09-08,22.1200008392334,22.1200008392334,21.770000457763672,21.8799991607666,24532500,17.460351943969727,17.651874518645496
2009-09-09,21.969999313354492,22.579999923706055,21.8799991607666,22.520000457763672,31035100,17.9710750579834,17.532171343629937
2009-09-10,22.56999969482422,22.799999237060547,22.459999084472656,22.760000228881836,23557100,18.162595748901367,18.01097435797604
2009-09-11,22.81999969482422,22.950000762939453,22.670000076293945,22.860000610351562,22601200,18.24239730834961,18.210476373342413
2009-09-14,22.780000686645508,22.93000030517578,22.600000381469727,22.719999313354492,24067800,18.13067626953125,18.178557673921404
2009-09-15,22.729999542236328,22.8799991607666,22.600000381469727,22.65999984741211,24791100,18.082788467407227,18.13864855932307
2009-09-16,22.600000381469727,22.610000610351562,21.979999542236328,22.1299991607666,86377100,17.659854888916016,18.034918317293616
2009-09-17,21.420000076293945,21.760000228881836,21.31999969482422,21.520000457763672,92155400,17.173072814941406,17.093271987991052
2009-09-18,21.719999313354492,21.8700008392334,21.56999969482422,21.6200008392334,70094400,17.252872467041016,17.332671766483184
2009-09-21,21.559999465942383,21.81999969482422,21.5,21.56999969482422,25487400,17.212966918945312,17.20498668661521
2009-09-22,21.59000015258789,21.709999084472656,21.350000381469727,21.40999984741211,34159300,17.08528709411621,17.22892823904263
2009-09-23,21.469999313354492,21.469999313354492,21.049999237060547,21.1299991607666,40677800,16.86184310913086,17.133164900788213
2009-09-24,21.15999984741211,21.350000381469727,21.059999465942383,21.170000076293945,28392800,16.893766403198242,16.885786170316834
2009-09-25,21.100000381469727,21.200000762939453,20.829999923706055,20.860000610351562,35144400,16.646385192871094,16.837906214891166
2009-09-28,20.8700008392334,21.34000015258789,20.829999923706055,21.170000076293945,28379500,16.893766403198242,16.65436550505116
2009-09-29,21.1200008392334,21.3799991607666,21.100000381469727,21.1200008392334,23280900,16.853864669799805,16.853864669799805
2009-09-30,21.170000076293945,21.200000762939453,20.649999618530273,20.84000015258789,44303900,16.63042640686035,16.893768028994725
2009-10-01,20.729999542236328,20.75,20.100000381469727,20.360000610351562,45924800,16.247377395629883,16.542638304377366
2009-10-02,20.25,20.639999389648438,20.239999771118164,20.34000015258789,41680500,16.231426239013672,16.159605647702396
2009-10-05,20.459999084472656,20.68000030517578,20.15999984741211,20.389999389648438,34471700,16.271324157714844,16.327184273434327
2009-10-06,20.469999313354492,20.600000381469727,20.299999237060547,20.540000915527344,37202700,16.391023635864258,16.335162006622742
2009-10-07,20.520000457763672,20.950000762939453,20.469999313354492,20.56999969482422,41754000,16.414960861206055,16.37506122427774
2009-10-08,20.649999618530273,21.059999465942383,20.59000015258789,20.799999237060547,46644500,16.5985107421875,16.47881024359024
2009-10-09,20.739999771118164,21.030000686645508,20.65999984741211,20.739999771118164,39813300,16.59050178527832,16.59050178527832
2009-10-12,20.729999542236328,20.920000076293945,20.600000381469727,20.719999313354492,32400900,16.57451057434082,16.582510038860157
2009-10-13,20.75,20.979999542236328,20.649999618530273,20.90999984741211,27852300,16.72649383544922,16.598505481506564
2009-10-14,21.170000076293945,21.5,21.1200008392334,21.190000534057617,41225400,16.950464248657227,16.93446533238844
2009-10-15,21.049999237060547,21.31999969482422,20.989999771118164,21.31999969482422,30361300,17.054471969604492,16.838490951564008
2009-10-16,21.200000762939453,22.030000686645508,21.18000030517578,21.809999465942383,65051600,17.446426391601562,16.9584714291298
2009-10-19,22.020000457763672,22.489999771118164,21.8700008392334,22.420000076293945,51697400,17.93438720703125,17.61441628745164
2009-10-20,22.229999542236328,22.34000015258789,21.899999618530273,22.190000534057617,35900300,17.750410079956055,17.78240641978822
2009-10-21,22.100000381469727,22.399999618530273,22.0,22.030000686645508,31267500,17.622421264648438,17.67841600237611
2009-10-22,21.950000762939453,22.260000228881836,21.829999923706055,22.190000534057617,27044900,17.750410079956055,17.558427463736443
2009-10-23,22.260000228881836,22.469999313354492,21.950000762939453,22.049999237060547,31577900,17.638412475585938,17.806398155503803
2009-10-26,22.1299991607666,22.3799991607666,21.850000381469727,21.989999771118164,28175900,17.590412139892578,17.702401543661644
2009-10-27,21.8700008392334,22.229999542236328,21.799999237060547,21.8700008392334,28669700,17.494426727294922,17.494426727294922
2009-10-28,21.290000915527344,21.5,20.8700008392334,21.299999237060547,30525600,17.03847312927246,17.03047518847982
2009-10-29,21.420000076293945,21.469999313354492,21.200000762939453,21.450000762939453,32212000,17.158456802368164,17.134458412273105
2009-10-30,21.31999969482422,21.610000610351562,21.049999237060547,21.100000381469727,37101800,16.87847900390625,17.054462592730665
2009-11-02,21.059999465942383,21.219999313354492,20.799999237060547,21.09000015258789,27906900,16.870479583740234,16.846481197401243
2009-11-03,21.0,21.059999465942383,20.649999618530273,20.889999389648438,20646000,16.710498809814453,16.798491395839587
2009-11-04,20.81999969482422,21.200000762939453,20.649999618530273,20.899999618530273,32398300,16.718486785888672,16.6544926379574
2009-11-05,21.18000030517578,21.520000457763672,21.110000610351562,21.31999969482422,22058800,17.054471969604492,16.942482490209677
2009-11-06,21.170000076293945,21.579999923706055,21.110000610351562,21.420000076293945,22995100,17.134450912475586,16.934468993107636
2009-11-09,21.610000610351562,21.8700008392334,21.5,21.829999923706055,22678100,17.462425231933594,17.286441650900333
2009-11-10,21.639999389648438,21.8799991607666,21.600000381469727,21.799999237060547,22687100,17.438426971435547,17.31043863417939
2009-11-11,21.829999923706055,22.049999237060547,21.75,21.899999618530273,19488200,17.518423080444336,17.462428363969774
2009-11-12,22.010000228881836,22.1299991607666,21.940000534057617,22.040000915527344,24305100,17.630409240722656,17.60641085773301
2009-11-13,22.049999237060547,22.360000610351562,21.950000762939453,22.34000015258789,24660700,17.870386123657227,17.638406342936975
2009-11-16,22.360000610351562,22.889999389648438,22.299999237060547,22.829999923706055,33383000,18.262359619140625,17.88639393758509
2009-11-17,22.709999084472656,22.799999237060547,22.600000381469727,22.799999237060547,26126600,18.238353729248047,18.166360103216864
2009-11-18,22.65999984741211,22.81999969482422,22.540000915527344,22.799999237060547,14827600,18.238353729248047,18.126364322417864
2009-11-19,22.690000534057617,22.709999084472656,22.229999542236328,22.389999389648438,17651800,17.910385131835938,18.150364416464416
2009-11-20,22.270000457763672,22.389999389648438,22.18000030517578,22.34000015258789,24493900,17.870386123657227,17.814391425067125
2009-11-23,22.579999923706055,22.719999313354492,22.450000762939453,22.600000381469727,22713600,18.07837677001953,18.06237784059823
2009-11-24,22.700000762939453,22.700000762939453,22.09000015258789,22.139999389648438,24232600,17.710403442382812,18.158364170598073
2009-11-25,22.34000015258789,22.719999313354492,22.200000762939453,22.600000381469727,24123500,18.07837677001953,17.87039526476827
2009-11-27,22.15999984741211,22.299999237060547,22.0,22.09000015258789,12569100,17.670413970947266,17.72640870054617
2009-11-30,22.010000228881836,22.149999618530273,21.799999237060547,22.079999923706055,26291700,17.66241455078125,17.606419821040053
2009-12-01,22.15999984741211,22.56999969482422,22.079999923706055,22.440000534057617,28447900,17.950382232666016,17.726401874774865
2009-12-02,22.530000686645508,22.75,22.40999984741211,22.65999984741211,21160800,18.126361846923828,18.022371915603465
2009-12-03,22.65999984741211,22.90999984741211,22.600000381469727,22.639999389648438,22492500,18.110368728637695,18.126367654194524
2009-12-04,22.809999465942383,23.0,22.549999237060547,22.829999923706055,27814200,18.262359619140625,18.246360689948848
2009-12-07,22.719999313354492,22.889999389648438,22.350000381469727,22.479999542236328,24138100,17.98238182067871,18.17436436556327
2009-12-08,22.309999465942383,22.360000610351562,21.889999389648438,21.90999984741211,27902700,17.52642822265625,17.846399224577034
2009-12-09,21.989999771118164,22.020000457763672,21.6200008392334,21.950000762939453,28550400,17.55841827392578,17.590414597011556
2009-12-10,22.329999923706055,22.670000076293945,22.229999542236328,22.59000015258789,34877300,18.07037925720215,17.86239772948552
2009-12-11,22.700000762939453,22.860000610351562,22.489999771118164,22.780000686645508,26741900,18.222352981567383,18.158358828611767
2009-12-14,22.959999084472656,23.440000534057617,22.90999984741211,23.309999465942383,32293900,18.646326065063477,18.366350887658758
2009-12-15,23.110000610351562,23.459999084472656,23.059999465942383,23.15999984741211,24653700,18.526336669921875,18.486340870909533
2009-12-16,23.350000381469727,23.459999084472656,23.079999923706055,23.1200008392334,30037100,18.494335174560547,18.678318239859397
2009-12-17,23.06999969482422,23.190000534057617,22.770000457763672,22.8799991607666,35972600,18.302356719970703,18.454343506634157
2009-12-18,24.010000228881836,24.739999771118164,23.979999542236328,24.34000015258789,88246400,19.47024154663086,19.20626545030189
2009-12-21,24.389999389648438,24.56999969482422,24.219999313354492,24.43000030517578,26935500,19.5422420501709,19.51024419656063
2009-12-22,24.510000228881836,24.6299991607666,24.239999771118164,24.459999084472656,23847200,19.566234588623047,19.60623189679264
2009-12-23,24.459999084472656,24.75,24.360000610351562,24.729999542236328,19257800,19.782215118408203,19.566234235415163
2009-12-24,24.719999313354492,24.959999084472656,24.670000076293945,24.950000762939453,7782700,19.95820426940918,19.774219669300653
2009-12-28,24.829999923706055,24.989999771118164,24.719999313354492,24.969999313354492,15927500,19.97420310974121,19.86221366957402
2009-12-29,25.010000228881836,25.110000610351562,24.90999984741211,25.010000228881836,16214100,20.006193161010742,20.006193161010742
2009-12-30,24.920000076293945,25.049999237060547,24.700000762939453,24.93000030517578,18697400,19.942209243774414,19.93420977909708
2009-12-31,24.940000534057617,24.950000762939453,24.479999542236328,24.530000686645508,17714100,19.622234344482422,19.950204701674558
2010-01-04,24.65999984741211,25.190000534057617,24.65999984741211,24.850000381469727,26795000,19.878206253051758,19.726219542942744
2010-01-05,24.719999313354492,24.850000381469727,24.350000381469727,24.81999969482422,28669900,19.85421371459961,19.774220605427434
2010-01-06,24.770000457763672,24.920000076293945,24.3799991607666,24.459999084472656,24560700,19.566234588623047,19.814213322050627
2010-01-07,24.459999084472656,24.610000610351562,24.079999923706055,24.3799991607666,30469700,19.502248764038086,19.566242958743814
2010-01-08,24.280000686645508,24.75,24.25,24.68000030517578,23542400,19.742218017578125,19.42224720808358
2010-01-11,24.690000534057617,24.799999237060547,24.3700008392334,24.690000534057617,19002400,19.750225067138672,19.750225067138672
2010-01-12,24.559999465942383,24.610000610351562,24.309999465942383,24.559999465942383,26204600,19.64623260498047,19.64623260498047
2010-01-13,24.6299991607666,24.989999771118164,24.549999237060547,24.799999237060547,24912300,19.838214874267578,19.702227045803397
2010-01-14,25.1299991607666,25.579999923706055,25.049999237060547,25.34000015258789,44685200,20.31112289428711,20.142797877431544
2010-01-15,25.469999313354492,25.639999389648438,24.989999771118164,25.239999771118164,42296200,20.230968475341797,20.415323211099388
2010-01-19,25.31999969482422,25.5,25.1200008392334,25.329999923706055,22732200,20.30310821533203,20.295092592364103
2010-01-20,25.049999237060547,25.1299991607666,24.510000228881836,25.059999465942383,39971500,20.086692810058594,20.07867718636105
2010-01-21,25.190000534057617,25.540000915527344,24.59000015258789,24.829999923706055,41756100,19.902334213256836,20.190890495423904
2010-01-22,24.940000534057617,25.049999237060547,24.110000610351562,24.149999618530273,33681500,19.357280731201172,19.990501010344985
2010-01-25,24.239999771118164,24.270000457763672,23.81999969482422,24.030000686645508,26366600,19.261106491088867,19.42943002889496
2010-01-26,23.93000030517578,24.1299991607666,23.700000762939453,23.8799991607666,28746000,19.140869140625,19.180947256020833
2010-01-27,23.899999618530273,24.049999237060547,23.540000915527344,23.860000610351562,28819300,19.12484359741211,19.15690456790251
2010-01-28,24.079999923706055,24.18000030517578,23.290000915527344,23.469999313354492,41245700,18.812232971191406,19.301175192334675
2010-01-29,23.649999618530273,23.829999923706055,22.979999542236328,23.059999465942383,49957800,18.483610153198242,18.95652138751411
2010-02-01,23.360000610351562,23.3799991607666,22.860000610351562,23.219999313354492,29572800,18.611858367919922,18.724075611162302
2010-02-02,23.329999923706055,23.850000381469727,23.239999771118164,23.760000228881836,32150600,19.044687271118164,18.70002307668758
2010-02-03,23.75,23.84000015258789,23.520000457763672,23.75,23101100,19.036672592163086,19.036672592163086
2010-02-04,23.610000610351562,23.780000686645508,23.100000381469727,23.110000610351562,33254900,18.523685455322266,18.924457522957457
2010-02-05,23.350000381469727,23.670000076293945,23.06999969482422,23.549999237060547,45919600,18.876352310180664,18.716044497778523
2010-02-08,23.540000915527344,23.649999618530273,23.100000381469727,23.1200008392334,32929200,18.531700134277344,18.86834871506135
2010-02-09,23.469999313354492,23.719999313354492,23.25,23.510000228881836,34084100,18.844301223754883,18.812238727196622
2010-02-10,23.510000228881836,23.610000610351562,22.920000076293945,23.110000610351562,40139200,18.523685455322266,18.844302803665595
2010-02-11,23.059999465942383,23.510000228881836,22.829999923706055,23.350000381469727,28159000,18.716049194335938,18.483600744111516
2010-02-12,23.110000610351562,23.5,22.969999313354492,23.40999984741211,33657700,18.764141082763672,18.52367854343786
2010-02-16,23.690000534057617,23.850000381469727,23.440000534057617,23.809999465942383,21582200,19.08475685119629,18.988572454354962
2010-02-17,23.950000762939453,24.280000686645508,23.940000534057617,24.18000030517578,26147200,19.381328582763672,19.196973882775794
2010-02-18,24.110000610351562,24.56999969482422,24.059999465942383,24.520000457763672,31679100,19.65385627746582,19.325223409424044
2010-02-19,24.40999984741211,24.540000915527344,24.18000030517578,24.31999969482422,25941000,19.49355697631836,19.56569608505045
2010-02-22,24.59000015258789,24.979999542236328,24.440000534057617,24.809999465942383,37081800,19.886302947998047,19.709963847317102
2010-02-23,24.809999465942383,24.889999389648438,24.3799991607666,24.479999542236328,25098300,19.62179183959961,19.886301232210997
2010-02-24,24.6299991607666,24.829999923706055,24.459999084472656,24.770000457763672,24530400,19.854248046875,19.74203083144928
2010-02-25,24.450000762939453,24.899999618530273,24.209999084472656,24.8700008392334,29145200,19.934406280517578,19.59775763250129
2010-02-26,24.959999084472656,24.959999084472656,24.540000915527344,24.649999618530273,21048700,19.75806427001953,20.00654254452453
2010-03-01,24.600000381469727,24.90999984741211,24.540000915527344,24.739999771118164,19744300,19.83020782470703,19.717992100465125
2010-03-02,24.790000915527344,24.950000762939453,24.520000457763672,24.579999923706055,23535000,19.70195198059082,19.87027702003678
2010-03-03,24.510000228881836,24.690000534057617,24.399999618530273,24.5,20726400,19.63782501220703,19.64584063444636
2010-03-04,24.469999313354492,24.860000610351562,24.280000686645508,24.760000228881836,20925500,19.846227645874023,19.61377917520099
2010-03-05,24.860000610351562,25.0,24.84000015258789,24.950000762939453,19312900,19.9985294342041,19.926390330173078
2010-03-08,24.969999313354492,24.969999313354492,24.68000030517578,24.700000762939453,16843600,19.798139572143555,20.014555313855347
2010-03-09,24.600000381469727,25.100000381469727,24.559999465942383,24.8799991607666,21835800,19.942411422729492,19.717980110713793
2010-03-10,24.790000915527344,25.020000457763672,24.68000030517578,24.8700008392334,23095900,19.934406280517578,19.870282801315636
2010-03-11,24.799999237060547,25.25,24.799999237060547,25.139999389648438,24214600,20.15081787109375,19.878292759030153
2010-03-12,25.1200008392334,25.190000534057617,24.729999542236328,25.049999237060547,35344700,20.078670501708984,20.134779848911716
2010-03-15,24.920000076293945,25.3799991607666,24.8799991607666,25.280000686645508,22025300,20.263036727905273,19.97448034374839
2010-03-16,25.3799991607666,25.40999984741211,24.899999618530273,25.209999084472656,25478300,20.206920623779297,20.343183145495292
2010-03-17,25.229999542236328,25.700000762939453,25.139999389648438,25.469999313354492,30309400,20.41532325744629,20.222952898546378
2010-03-18,25.43000030517578,25.600000381469727,25.270000457763672,25.3799991607666,29185800,20.343191146850586,20.383269274191488
2010-03-19,25.549999237060547,25.729999542236328,24.950000762939453,25.190000534057617,45881000,20.190887451171875,20.479442161008922
2010-03-22,25.190000534057617,25.700000762939453,25.15999984741211,25.559999465942383,24945500,20.48746681213379,20.19089635063536
2010-03-23,25.670000076293945,26.0,25.540000915527344,25.989999771118164,25834200,20.83213233947754,20.575638455296033
2010-03-24,25.979999542236328,26.0,25.700000762939453,25.760000228881836,28837000,20.64776611328125,20.824105178765148
2010-03-25,25.950000762939453,26.25,25.719999313354492,26.040000915527344,54350900,20.872207641601562,20.800068555328714
2010-03-26,25.700000762939453,26.0,25.3700008392334,25.690000534057617,58562200,20.591665267944336,20.59968089120073
2010-03-29,25.649999618530273,25.850000381469727,25.40999984741211,25.56999969482422,28975300,20.495481491088867,20.559604955116043
2010-03-30,25.479999542236328,25.579999923706055,25.219999313354492,25.540000915527344,29819400,20.471437454223633,20.42334370651559
2010-03-31,25.329999923706055,25.790000915527344,25.299999237060547,25.709999084472656,27196400,20.607694625854492,20.303108591548156
2010-04-01,25.780000686645508,25.950000762939453,25.190000534057617,25.459999084472656,26562700,20.407304763793945,20.663800068400082
2010-04-05,25.510000228881836,25.739999771118164,25.350000381469727,25.579999923706055,19390200,20.503494262695312,20.447386430580398
2010-04-06,25.3700008392334,25.940000534057617,25.299999237060547,25.829999923706055,26937600,20.703880310058594,20.33517082435249
2010-04-07,25.760000228881836,25.989999771118164,25.75,25.90999984741211,29833200,20.76800537109375,20.647774074233674
2010-04-08,25.8799991607666,26.079999923706055,25.719999313354492,25.829999923706055,28266100,20.703880310058594,20.74395689630534
2010-04-09,25.799999237060547,26.139999389648438,25.649999618530273,26.1299991607666,19663700,20.944345474243164,20.679835997375246
2010-04-12,26.059999465942383,26.280000686645508,25.850000381469727,26.200000762939453,24773300,21.040712356567383,20.928280030846672
2010-04-13,26.010000228881836,26.6299991607666,26.0,26.350000381469727,33933000,21.16118049621582,20.888132887354573
2010-04-14,26.34000015258789,26.5,26.200000762939453,26.3799991607666,27920000,21.185266494750977,21.15314406583703
2010-04-15,26.290000915527344,26.399999618530273,26.139999389648438,26.200000762939453,23828200,21.040712356567383,21.11298973318974
2010-04-16,26.09000015258789,26.3700008392334,25.90999984741211,25.950000762939453,42289300,20.83994483947754,20.95237564764926
2010-04-19,25.979999542236328,26.299999237060547,25.8700008392334,26.190000534057617,27078800,21.032684326171875,20.864036579738407
2010-04-20,26.3799991607666,26.40999984741211,26.020000457763672,26.149999618530273,23703400,21.00055503845215,21.185263188204093
2010-04-21,26.1200008392334,26.329999923706055,25.979999542236328,26.290000915527344,24276800,21.11298370361328,20.97645997917753
2010-04-22,26.139999389648438,26.309999465942383,25.860000610351562,26.239999771118164,27275800,21.072839736938477,20.9925313516212
2010-04-23,26.170000076293945,26.520000457763672,26.15999984741211,26.479999542236328,27478900,21.265586853027344,21.01663214451706
2010-04-26,26.5,26.610000610351562,26.25,26.469999313354492,20080500,21.25754737854004,21.281640353012985
2010-04-27,26.34000015258789,26.520000457763672,25.899999618530273,25.979999542236328,26235700,20.86403465270996,21.153144173176305
2010-04-28,26.020000457763672,26.110000610351562,25.780000686645508,25.860000610351562,31820300,20.767662048339844,20.896154804736398
2010-04-29,25.989999771118164,26.139999389648438,25.709999084472656,25.969999313354492,18620100,20.856006622314453,20.87206860500977
2010-04-30,26.06999969482422,26.100000381469727,25.690000534057617,25.8700008392334,25567400,20.775699615478516,20.936314845953998
2010-05-03,26.049999237060547,26.149999618530273,25.709999084472656,26.010000228881836,19357000,20.888126373291016,20.92024880044561
2010-05-04,25.579999923706055,25.670000076293945,24.709999084472656,24.969999313354492,48382700,20.05292510986328,20.542804841249925
2010-05-05,24.850000381469727,25.1200008392334,24.6299991607666,24.940000534057617,33663600,20.028833389282227,19.956556002650608
2010-05-06,24.860000610351562,24.969999313354492,22.200000762939453,23.90999984741211,56242000,19.201656341552734,19.964583497160838
2010-05-07,23.920000076293945,24.25,23.110000610351562,23.40999984741211,63592900,18.800113677978516,19.20968490144153
2010-05-10,24.030000686645508,25.1299991607666,23.989999771118164,24.389999389648438,38947200,19.587135314941406,19.298027340961116
2010-05-11,24.25,24.610000610351562,24.110000610351562,24.190000534057617,29469800,19.42652702331543,19.47471144748992
2010-05-12,24.209999084472656,24.700000762939453,24.190000534057617,24.600000381469727,27116300,19.755786895751953,19.44258435944855
2010-05-13,24.420000076293945,24.549999237060547,24.200000762939453,24.239999771118164,22780300,19.466678619384766,19.61123341003386
2010-05-14,24.100000381469727,24.1200008392334,23.540000915527344,23.780000686645508,28736600,19.097257614135742,19.354243166366395
2010-05-17,23.889999389648438,23.889999389648438,23.329999923706055,23.739999771118164,22401200,19.065134048461914,19.185595837091626
2010-05-18,23.799999237060547,23.950000762939453,23.309999465942383,23.43000030517578,29926200,18.816177368164062,19.11331631130087
2010-05-19,23.219999313354492,23.5,23.020000457763672,23.190000534057617,29806500,18.623441696166992,18.64753313662949
2010-05-20,22.950000762939453,23.030000686645508,22.34000015258789,22.350000381469727,40313300,17.948848724365234,18.430697310394358
2010-05-21,21.6200008392334,22.360000610351562,21.549999237060547,22.15999984741211,63119700,17.796266555786133,17.362603814108326
2010-05-24,22.040000915527344,22.670000076293945,21.850000381469727,22.280000686645508,32817400,17.892635345458984,17.699896195761163
2010-05-25,21.770000457763672,22.200000762939453,21.6299991607666,22.200000762939453,41173900,17.82839012145996,17.483065214723084
2010-05-26,22.31999969482422,22.6200008392334,21.75,21.90999984741211,43317600,17.595497131347656,17.924760079281672
2010-05-27,22.350000381469727,22.610000610351562,22.270000457763672,22.579999923706055,29881400,18.133562088012695,17.948853895211585
2010-05-28,22.479999542236328,22.850000381469727,22.280000686645508,22.56999969482422,35878200,18.125530242919922,18.053252861012233
2010-06-01,22.420000076293945,22.84000015258789,22.149999618530273,22.200000762939453,32336200,17.82839012145996,18.005067303898844
2010-06-02,22.299999237060547,22.670000076293945,21.899999618530273,22.639999389648438,28371600,18.18174934387207,17.90870174149193
2010-06-03,22.709999084472656,22.950000762939453,22.540000915527344,22.84000015258789,28583600,18.342363357543945,18.23796200849368
2010-06-04,22.540000915527344,22.959999084472656,22.040000915527344,22.1299991607666,35094700,17.77217674255371,18.101441267031564
2010-06-07,22.1299991607666,22.290000915527344,21.690000534057617,21.700000762939453,25656900,17.426851272583008,17.77217467640429
2010-06-08,21.649999618530273,21.780000686645508,21.299999237060547,21.760000228881836,29552600,17.475034713745117,17.386695354176762
2010-06-09,21.770000457763672,22.09000015258789,21.479999542236328,21.540000915527344,22198300,17.29835319519043,17.48306132644534
2010-06-10,21.8799991607666,22.239999771118164,21.729999542236328,22.200000762939453,25018200,17.82839012145996,17.571403040065174
2010-06-11,22.030000686645508,22.75,21.989999771118164,22.690000534057617,30179600,18.221900939941406,17.691867817118503
2010-06-14,23.020000457763672,23.079999923706055,22.65999984741211,22.690000534057617,22318600,18.221900939941406,18.48691750135286
2010-06-15,22.790000915527344,23.239999771118164,22.65999984741211,23.200000762939453,24304500,18.631467819213867,18.302204943708105
2010-06-16,23.059999465942383,23.219999313354492,22.8799991607666,23.18000030517578,20702000,18.615413665771484,18.519043293331467
2010-06-17,23.110000610351562,23.18000030517578,22.920000076293945,23.06999969482422,22376600,18.527070999145508,18.559194961512624
2010-06-18,23.260000228881836,23.260000228881836,22.969999313354492,23.200000762939453,29538900,18.631467819213867,18.679652219304977
2010-06-21,23.3700008392334,23.65999984741211,22.979999542236328,23.09000015258789,19526100,18.543140411376953,18.768003642794806
2010-06-22,23.239999771118164,23.489999771118164,22.8799991607666,22.889999389648438,19107800,18.38251495361328,18.663593477758948
2010-06-23,22.969999313354492,23.010000228881836,22.6299991607666,22.68000030517578,23533600,18.213869094848633,18.446761683099506
2010-06-24,22.489999771118164,22.700000762939453,22.139999389648438,22.219999313354492,30313500,17.844446182250977,18.061278260857357
2010-06-25,23.139999389648438,23.25,22.559999465942383,22.65999984741211,62583800,18.197805404663086,18.58328370663852
2010-06-28,22.84000015258789,22.850000381469727,22.389999389648438,22.450000762939453,24643100,18.029159545898438,18.342360480411635
2010-06-29,22.020000457763672,22.100000381469727,21.579999923706055,21.75,34229000,17.467008590698242,17.683840789100564
2010-06-30,21.639999389648438,21.959999084472656,21.389999389648438,21.459999084472656,35301600,17.234106063842773,17.378660792792786
2010-07-01,21.459999084472656,21.68000030517578,21.239999771118164,21.549999237060547,38318200,17.306392669677734,17.234115266607652
2010-07-02,21.709999084472656,22.030000686645508,21.489999771118164,21.829999923706055,31784000,17.5312557220459,17.43488534152307
2010-07-06,22.0,22.709999084472656,22.0,22.31999969482422,39642400,17.924755096435547,17.66776960185293
2010-07-07,22.700000762939453,23.1200008392334,22.600000381469727,23.09000015258789,36663500,18.543140411376953,18.22993931155835
2010-07-08,23.139999389648438,23.34000015258789,22.959999084472656,23.219999313354492,27335600,18.647541046142578,18.583294624733817
2010-07-09,23.25,23.389999389648438,23.139999389648438,23.3700008392334,16258800,18.76799964904785,18.67162927558869
2010-07-12,23.209999084472656,23.479999542236328,23.110000610351562,23.3799991607666,19312200,18.816282272338867,18.67946578231804
2010-07-13,23.5,23.860000610351562,23.459999084472656,23.709999084472656,22207700,19.081865310668945,18.9128575333597
2010-07-14,23.850000381469727,24.190000534057617,23.719999313354492,23.940000534057617,34781800,19.266971588134766,19.194539242931942
2010-07-15,23.829999923706055,23.899999618530273,23.5,23.829999923706055,26060700,19.178447723388672,19.178447723388672
2010-07-16,23.799999237060547,23.950000762939453,23.25,23.270000457763672,30343000,18.727754592895508,19.15429893659768
2010-07-19,23.479999542236328,23.670000076293945,23.399999618530273,23.59000015258789,19688200,18.985292434692383,18.89676366224598
2010-07-20,23.270000457763672,23.969999313354492,23.040000915527344,23.920000076293945,38192700,19.25087547302246,18.727754165584024
2010-07-21,23.860000610351562,23.969999313354492,23.459999084472656,23.559999465942383,38740000,18.961153030395508,19.202594784953234
2010-07-22,23.719999313354492,24.40999984741211,23.700000762939453,24.309999465942383,32726500,19.56475830078125,19.08992446135736
2010-07-23,24.200000762939453,24.579999923706055,24.149999618530273,24.5,29755500,19.71765899658203,19.476218888190413
2010-07-26,24.450000762939453,24.670000076293945,24.350000381469727,24.639999389648438,27093000,19.83033561706543,19.677424227952184
2010-07-27,24.600000381469727,24.68000030517578,24.31999969482422,24.56999969482422,23800600,19.773998260498047,19.79814288943213
2010-07-28,24.549999237060547,24.59000015258789,24.170000076293945,24.280000686645508,21200100,19.54060935974121,19.7579049137837
2010-07-29,24.25,24.389999389648438,23.6299991607666,23.700000762939453,39976700,19.07381820678711,19.516458929312698
2010-07-30,23.56999969482422,23.829999923706055,23.399999618530273,23.639999389648438,48321700,19.025535583496094,18.969199639371865
2010-08-02,23.8700008392334,24.389999389648438,23.719999313354492,24.290000915527344,26652000,19.548654556274414,19.210637425948548
2010-08-03,24.309999465942383,24.34000015258789,24.059999465942383,24.209999084472656,16366100,19.48426628112793,19.564746831910774
2010-08-04,24.290000915527344,24.59000015258789,24.170000076293945,24.489999771118164,19989600,19.70962142944336,19.548661781960398
2010-08-05,24.280000686645508,24.440000534057617,24.139999389648438,24.290000915527344,18723600,19.548654556274414,19.54060634661915
2010-08-06,24.010000228881836,24.399999618530273,23.899999618530273,24.3799991607666,33734300,19.62109375,19.323317540819744
2010-08-09,24.399999618530273,24.59000015258789,24.239999771118164,24.260000228881836,20551400,19.524511337280273,19.637183210512536
2010-08-10,24.100000381469727,24.43000030517578,23.920000076293945,24.290000915527344,28063400,19.548654556274414,19.39574164290249
2010-08-11,23.90999984741211,23.940000534057617,23.559999465942383,23.65999984741211,25666300,19.0416316986084,19.2428323729682
2010-08-12,23.239999771118164,23.389999389648438,22.729999542236328,22.940000534057617,33737300,18.462169647216797,18.70360978146721
2010-08-13,22.760000228881836,22.940000534057617,22.510000228881836,22.65999984741211,29793400,18.236827850341797,18.31730842201489
2010-08-16,22.510000228881836,23.0,22.350000381469727,22.719999313354492,19511700,18.28511619567871,18.11610837100366
2010-08-17,22.860000610351562,23.239999771118164,22.719999313354492,23.049999237060547,22483000,18.55069923400879,18.397787845912685
2010-08-18,22.90999984741211,23.25,22.799999237060547,23.09000015258789,18984200,18.58289909362793,18.438034325944987
2010-08-19,22.860000610351562,23.15999984741211,22.81999969482422,23.0,26754800,18.510452270507812,18.397780443551827
2010-08-20,22.950000762939453,23.079999923706055,22.770000457763672,23.020000457763672,21985400,18.526552200317383,18.470216276148022
2010-08-23,23.059999465942383,23.299999237060547,22.829999923706055,22.84000015258789,18250200,18.38168716430664,18.558743141864785
2010-08-24,22.610000610351562,22.790000915527344,22.3799991607666,22.40999984741211,23293400,18.035629272460938,18.19659043440409
2010-08-25,22.219999313354492,22.549999237060547,22.030000686645508,22.420000076293945,18685900,18.043676376342773,17.882715224281185
2010-08-26,22.540000915527344,22.729999542236328,22.190000534057617,22.25,18884700,17.906856536865234,18.140250010568952
2010-08-27,22.3799991607666,22.549999237060547,21.950000762939453,22.510000228881836,21375200,18.116100311279297,18.011475150612828
2010-08-30,22.34000015258789,22.6200008392334,22.0,22.020000457763672,23318300,17.721752166748047,17.979288732016844
2010-08-31,21.920000076293945,21.93000030517578,21.65999984741211,21.84000015258789,41712400,17.57688331604004,17.641267442159506
2010-09-01,22.149999618530273,22.649999618530273,22.100000381469727,22.6200008392334,29085400,18.204631805419922,17.826373677499877
2010-09-02,22.610000610351562,22.719999313354492,22.350000381469727,22.479999542236328,18057800,18.091968536376953,18.196593771338243
2010-09-03,22.790000915527344,22.940000534057617,22.56999969482422,22.920000076293945,21256900,18.446075439453125,18.341451778083833
2010-09-07,24.559999465942383,24.690000534057617,24.010000228881836,24.260000228881836,113824400,19.524511337280273,19.765951504217732
2010-09-08,24.06999969482422,24.229999542236328,23.8799991607666,24.139999389648438,54705500,19.42793083190918,19.37159490549309
2010-09-09,24.31999969482422,24.5,24.209999084472656,24.329999923706055,25963700,19.580852508544922,19.572804296156885
2010-09-10,24.420000076293945,25.149999618530273,24.3799991607666,25.049999237060547,44266700,20.16029930114746,19.6532744697161
2010-09-13,25.139999389648438,25.420000076293945,25.110000610351562,25.110000610351562,46816700,20.208595275878906,20.232738373244306
2010-09-14,25.040000915527344,25.579999923706055,25.040000915527344,25.3799991607666,31261800,20.425888061523438,20.15225660651902
2010-09-15,25.270000457763672,25.790000915527344,25.170000076293945,25.739999771118164,37563600,20.715612411499023,20.337355857664587
2010-09-16,25.68000030517578,25.709999084472656,25.209999084472656,25.360000610351562,52951000,20.409786224365234,20.667322707253113
2010-09-17,26.440000534057617,27.6299991607666,26.399999618530273,27.479999542236328,150976500,22.115976333618164,21.278982380379002
2010-09-20,27.350000381469727,27.56999969482422,27.030000686645508,27.489999771118164,49729800,22.124019622802734,22.011347768690293
2010-09-21,27.329999923706055,27.360000610351562,26.700000762939453,26.81999969482422,82733900,21.584802627563477,21.995252083405603
2010-09-22,26.65999984741211,27.329999923706055,26.639999389648438,27.200000762939453,51969100,21.890628814697266,21.456034723894444
2010-09-23,26.959999084472656,27.489999771118164,26.959999084472656,27.1200008392334,33123300,21.826250076293945,21.697480231014232
2010-09-24,27.440000534057617,27.5,26.739999771118164,26.959999084472656,58136200,21.697467803955078,22.083774048461585
2010-09-27,26.860000610351562,27.1200008392334,26.780000686645508,26.950000762939453,34142900,21.68943214416504,21.616999782485703
2010-09-28,27.059999465942383,27.399999618530273,26.790000915527344,27.190000534057617,43256700,21.882587432861328,21.77796221463694
2010-09-29,27.06999969482422,27.299999237060547,26.93000030517578,27.170000076293945,36626800,21.86648178100586,21.786001232115126
2010-09-30,27.280000686645508,27.40999984741211,26.809999465942383,26.850000381469727,42880900,21.608949661254883,21.955015017562303
2010-10-01,27.18000030517578,27.610000610351562,27.139999389648438,27.239999771118164,33690400,21.922813415527344,21.874525709655895
2010-10-04,27.020000457763672,27.360000610351562,26.889999389648438,26.899999618530273,36791900,21.68899917602539,21.785753753726674
2010-10-05,27.209999084472656,27.350000381469727,27.059999465942383,27.299999237060547,42520100,22.011510848999023,21.938945303560818
2010-10-06,27.299999237060547,27.860000610351562,27.239999771118164,27.579999923706055,50631600,22.237268447875977,22.011508823084466
2010-10-07,27.6299991607666,27.889999389648438,27.540000915527344,27.690000534057617,40611400,22.32596206665039,22.27758401109945
2010-10-08,27.59000015258789,28.079999923706055,27.309999465942383,28.0,33162900,22.575910568237305,22.245334857945636
2010-10-11,27.899999618530273,28.100000381469727,27.729999542236328,27.850000381469727,22649500,22.454965591430664,22.49527909708287
2010-10-12,27.75,28.0,27.40999984741211,27.950000762939453,27552500,22.535594940185547,22.374337836131804
2010-10-13,28.0,28.90999984741211,26.979999542236328,28.600000381469727,49145300,23.059675216674805,22.575905505415037
2010-10-14,28.65999984741211,28.700000762939453,28.110000610351562,28.329999923706055,38136000,22.84198760986328,23.108060825142115
2010-10-15,28.469999313354492,28.90999984741211,28.15999984741211,28.899999618530273,54775500,23.301563262939453,22.9548615519916
2010-10-18,28.729999542236328,29.229999542236328,28.579999923706055,29.229999542236328,35810300,23.567630767822266,23.164489626239835
2010-10-19,28.940000534057617,29.239999771118164,28.450000762939453,29.1299991607666,44673600,23.487010955810547,23.333818372368487
2010-10-20,29.010000228881836,29.18000030517578,28.600000381469727,28.639999389648438,39081700,23.091930389404297,23.39025559211666
2010-10-21,28.799999237060547,29.139999389648438,28.56999969482422,28.81999969482422,30191100,23.237062454223633,23.22093643440792
2010-10-22,28.84000015258789,29.030000686645508,28.729999542236328,28.989999771118164,16499800,23.374128341674805,23.253186280191176
2010-10-25,29.149999618530273,29.290000915527344,28.809999465942383,28.84000015258789,30650400,23.25318717956543,23.503134321347144
2010-10-26,28.709999084472656,28.84000015258789,28.540000915527344,28.6299991607666,28045400,23.0838623046875,23.148364829219418
2010-10-27,28.549999237060547,28.81999969482422,28.360000610351562,28.700000762939453,33890100,23.14031982421875,23.019376159038053
2010-10-28,28.81999969482422,29.479999542236328,28.5,29.360000610351562,35130600,23.672456741333008,23.237063415469304
2010-10-29,29.360000610351562,29.709999084472656,29.299999237060547,29.3799991607666,35074300,23.688583374023438,23.672458889939076
2010-11-01,29.520000457763672,29.549999237060547,28.93000030517578,29.1299991607666,21100000,23.487010955810547,23.801462208788525
2010-11-02,29.489999771118164,29.56999969482422,29.260000228881836,29.530000686645508,24201900,23.809520721435547,23.777268686048515
2010-11-03,29.549999237060547,29.56999969482422,28.989999771118164,29.200000762939453,30003800,23.543458938598633,23.825656695062413
2010-11-04,29.610000610351562,29.81999969482422,29.100000381469727,29.469999313354492,35709700,23.761146545410156,23.87402714982155
2010-11-05,29.299999237060547,29.5,28.979999542236328,29.25,28312700,23.583763122558594,23.62407663240969
2010-11-08,29.079999923706055,29.190000534057617,28.84000015258789,29.040000915527344,27179000,23.41444206237793,23.44669255927968
2010-11-09,29.059999465942383,29.25,28.610000610351562,28.739999771118164,34625800,23.172561645507812,23.430571830403835
2010-11-10,28.639999389648438,28.84000015258789,28.360000610351562,28.690000534057617,27841000,23.132246017456055,23.091930968585473
2010-11-11,28.190000534057617,28.579999923706055,27.68000030517578,28.56999969482422,37211000,23.035490036010742,22.729103372551407
2010-11-12,28.5,28.610000610351562,28.09000015258789,28.31999969482422,25818800,22.83392333984375,22.97905445615105
2010-11-15,28.350000381469727,28.770000457763672,28.280000686645508,28.399999618530273,21636700,22.89842414855957,22.858110636140726
2010-11-16,28.010000228881836,28.100000381469727,27.5,27.579999923706055,31206600,22.237268447875977,22.58397012464587
2010-11-17,27.510000228881836,28.110000610351562,27.489999771118164,27.90999984741211,24642700,22.503339767456055,22.180827142165796
2010-11-18,28.3700008392334,28.59000015258789,28.15999984741211,28.309999465942383,32649200,22.825851440429688,22.874229485600974
2010-11-19,28.31999969482422,28.3700008392334,28.030000686645508,28.149999618530273,25890900,22.696853637695312,22.833921733692755
2010-11-22,27.889999389648438,28.09000015258789,27.790000915527344,28.049999237060547,27618000,22.616228103637695,22.487223000463274
2010-11-23,27.75,27.81999969482422,27.079999923706055,27.190000534057617,31294200,21.922815322875977,22.37433296287699
2010-11-24,27.670000076293945,27.8799991607666,27.6200008392334,27.739999771118164,34983800,22.36627769470215,22.309838162405796
2010-11-26,27.579999923706055,27.6200008392334,27.34000015258789,27.489999771118164,12887500,22.164701461791992,22.23726699581292
2010-11-29,27.170000076293945,27.34000015258789,26.90999984741211,27.219999313354492,32610700,21.94700813293457,21.906694624848992
2010-11-30,26.920000076293945,27.1299991607666,26.809999465942383,27.049999237060547,38931000,21.80994415283203,21.705128089386452
2010-12-01,27.540000915527344,27.690000534057617,27.40999984741211,27.649999618530273,34781300,22.293710708618164,22.205020679797077
2010-12-02,27.809999465942383,28.18000030517578,27.690000534057617,28.100000381469727,32129900,22.656536102294922,22.422713464460486
2010-12-03,28.079999923706055,28.899999618530273,28.059999465942383,28.809999465942383,34454600,23.228994369506836,22.64040861557803
2010-12-06,28.850000381469727,28.959999084472656,28.639999389648438,28.729999542236328,21150300,23.164499282836914,23.261253873809856
2010-12-07,29.059999465942383,29.3700008392334,28.940000534057617,29.049999237060547,32190500,23.42250633239746,23.43056934205191
2010-12-08,29.260000228881836,29.280000686645508,29.0,29.229999542236328,14874800,23.567630767822266,23.59181978994732
2010-12-09,29.350000381469727,29.489999771118164,29.040000915527344,29.260000228881836,18260200,23.591825485229492,23.66439103126123
2010-12-10,29.440000534057617,29.979999542236328,29.420000076293945,29.940000534057617,28562000,24.140100479125977,23.736959195750483
2010-12-13,29.989999771118164,30.719999313354492,29.56999969482422,30.420000076293945,45575200,24.527116775512695,24.18041501114382
2010-12-14,30.360000610351562,30.75,30.360000610351562,30.510000228881836,25351800,24.59968376159668,24.47874167203511
2010-12-15,30.59000015258789,30.700000762939453,30.260000228881836,30.489999771118164,30537600,24.583545684814453,24.664174217606003
2010-12-16,30.700000762939453,30.770000457763672,30.25,30.270000457763672,47435600,24.40617561340332,24.752877390847313
2010-12-17,31.920000076293945,32.27000045776367,31.3700008392334,31.459999084472656,92487100,25.365650177001953,25.73654097735712
2010-12-20,31.540000915527344,31.940000534057617,31.110000610351562,31.670000076293945,33568100,25.53497314453125,25.430157070297277
2010-12-21,31.649999618530273,32.0,31.59000015258789,31.760000228881836,20002800,25.607528686523438,25.51883713221573
2010-12-22,31.68000030517578,31.8799991607666,31.559999465942383,31.65999984741211,14019200,25.526905059814453,25.543031079680112
2010-12-23,31.530000686645508,31.700000762939453,31.40999984741211,31.540000915527344,13049400,25.43014907836914,25.422086069367843
2010-12-27,31.399999618530273,31.799999237060547,31.239999771118164,31.65999984741211,13822100,25.526905059814453,25.317271415146603
2010-12-28,31.65999984741211,31.760000228881836,31.40999984741211,31.56999969482422,9736000,25.454336166381836,25.52690170838827
2010-12-29,31.530000686645508,31.690000534057617,31.420000076293945,31.5,9769000,25.39790153503418,25.42209056631691
2010-12-30,31.450000762939453,31.579999923706055,31.209999084472656,31.290000915527344,12989400,25.22858238220215,25.35758747052009
2010-12-31,31.219999313354492,31.329999923706055,30.93000030517578,31.299999237060547,11716300,25.236644744873047,25.1721421984386
2011-01-03,31.59000015258789,31.940000534057617,31.520000457763672,31.6200008392334,20970400,25.494657516479492,25.470468483873983
2011-01-04,31.600000381469727,31.75,31.139999389648438,31.479999542236328,22870800,25.38176155090332,25.47851608494465
2011-01-05,31.31999969482422,31.440000534057617,30.979999542236328,31.040000915527344,36339600,25.02700424194336,25.252762309936728
2011-01-06,31.190000534057617,31.200000762939453,31.020000457763672,31.170000076293945,21859400,25.131824493408203,25.147950511793642
2011-01-07,31.239999771118164,31.34000015258789,30.93000030517578,31.030000686645508,27697900,25.018949508666992,25.188268115661057
2011-01-10,30.850000381469727,31.219999313354492,30.799999237060547,31.040000915527344,29719600,25.02700424194336,24.873810168761075
2011-01-11,31.079999923706055,31.100000381469727,30.860000610351562,30.989999771118164,26395300,24.986698150634766,25.059263709293482
2011-01-12,31.219999313354492,31.229999542236328,30.940000534057617,30.940000534057617,33963700,24.94638442993164,25.172142576915597
2011-01-13,30.969999313354492,31.389999389648438,30.899999618530273,31.18000030517578,43412400,25.139890670776367,24.970570532114746
2011-01-14,31.020000457763672,31.34000015258789,30.940000534057617,31.25,37934100,25.236793518066406,25.05105108745303
2011-01-18,31.260000228881836,31.549999237060547,31.229999542236328,31.530000686645508,26975900,25.46292495727539,25.244878612691
2011-01-19,31.360000610351562,31.610000610351562,31.270000457763672,31.600000381469727,26939000,25.519447326660156,25.325628926548617
2011-01-20,31.469999313354492,32.349998474121094,31.469999313354492,32.310001373291016,47750700,26.092830657958984,25.414463880779614
2011-01-21,32.470001220703125,32.66999816894531,32.34000015258789,32.5099983215332,34482100,26.254335403442383,26.222034654301382
2011-01-24,32.58000183105469,32.650001525878906,32.06999969482422,32.400001525878906,20170200,26.16551399230957,26.310878198540703
2011-01-25,32.38999938964844,32.439998626708984,31.940000534057617,32.290000915527344,25926600,26.076683044433594,26.15743957712631
2011-01-26,32.310001373291016,32.72999954223633,32.15999984741211,32.560001373291016,21485600,26.294729232788086,26.092834821518515
2011-01-27,32.619998931884766,33.09000015258789,32.15999984741211,32.91999816894531,25635600,26.58545684814453,26.343184150241612
2011-01-28,33.20000076293945,33.29999923706055,31.829999923706055,32.0,30820300,25.842483520507812,26.811577268659676
2011-01-31,31.950000762939453,32.20000076293945,31.84000015258789,32.029998779296875,20820100,25.86671257019043,25.80210795657301
2011-02-01,32.16999816894531,33.43000030517578,32.11000061035156,33.2400016784668,32573400,26.843883514404297,25.979772560155894
2011-02-02,33.09000015258789,33.560001373291016,33.0,33.13999938964844,19358200,26.76311492919922,26.72273667474935
2011-02-03,32.97999954223633,33.15999984741211,32.720001220703125,32.9900016784668,17600900,26.641977310180664,26.633899811758486
2011-02-04,32.91999816894531,32.97999954223633,32.529998779296875,32.619998931884766,38691800,26.343177795410156,26.58545043486903
2011-02-07,32.70000076293945,33.290000915527344,32.54999923706055,32.97999954223633,22785100,26.633907318115234,26.407786589173806
2011-02-08,33.02000045776367,33.15999984741211,32.720001220703125,33.029998779296875,15418400,26.67428970336914,26.66621528208605
2011-02-09,33.040000915527344,33.099998474121094,32.61000061035156,32.88999938964844,17112700,26.561222076416016,26.68235992727061
2011-02-10,32.779998779296875,33.2599983215332,32.65999984741211,33.2599983215332,17237600,26.860031127929688,26.47239422785466
2011-02-11,33.06999969482422,33.59000015258789,33.029998779296875,33.470001220703125,17402300,27.029621124267578,26.706588877500046
2011-02-14,33.290000915527344,33.540000915527344,33.2400016784668,33.290000915527344,16438000,26.88425064086914,26.88425064086914
2011-02-15,33.119998931884766,33.150001525878906,32.61000061035156,32.7599983215332,19332100,26.456239700317383,26.746968116913823
2011-02-16,32.849998474121094,33.13999938964844,32.61000061035156,33.11000061035156,15829000,26.73889923095703,26.528927295217272
2011-02-17,32.970001220703125,33.20000076293945,32.7599983215332,33.0099983215332,14568900,26.658140182495117,26.62583941378753
2011-02-18,33.02000045776367,33.709999084472656,32.90999984741211,33.68000030517578,25539900,27.1992130279541,26.666211950593052
2011-02-22,33.290000915527344,33.65999984741211,32.52000045776367,32.529998779296875,24887800,26.27049446105957,26.884255071556204
2011-02-23,32.54999923706055,32.650001525878906,32.02000045776367,32.18000030517578,22154100,25.98785400390625,26.28665692908447
2011-02-24,32.099998474121094,32.40999984741211,31.639999389648438,32.25,23416200,26.04437255859375,25.923234709776764
2011-02-25,32.290000915527344,33.08000183105469,32.27000045776367,32.95000076293945,20850400,26.60968017578125,26.076679130286468
2011-02-28,33.060001373291016,33.22999954223633,32.68000030517578,32.900001525878906,19406700,26.56930160522461,26.698513885027648
2011-03-01,33.02000045776367,33.08000183105469,31.610000610351562,31.670000076293945,30423200,25.57598114013672,26.666211143688002
2011-03-02,31.579999923706055,32.36000061035156,31.549999237060547,32.119998931884766,23091500,25.93938636779785,25.503295353564642
2011-03-03,32.470001220703125,33.189998626708984,32.43000030517578,33.029998779296875,24169800,26.67428970336914,26.22204817557133
2011-03-04,32.9900016784668,33.099998474121094,32.220001220703125,32.7599983215332,19148900,26.456239700317383,26.641985251437056
2011-03-07,32.970001220703125,33.060001373291016,31.889999389648438,32.099998474121094,20474300,25.923242568969727,26.625837376053543
2011-03-08,32.34000015258789,33.0099983215332,32.189998626708984,32.7400016784668,21891800,26.44008445739746,26.117052277033153
2011-03-09,32.630001068115234,33.13999938964844,32.41999816894531,32.790000915527344,17217800,26.48046875,26.351256464513458
2011-03-10,32.369998931884766,32.459999084472656,31.510000228881836,31.799999237060547,29054200,25.680971145629883,26.141290204340393
2011-03-11,31.729999542236328,32.400001525878906,31.34000015258789,31.90999984741211,23705900,25.769805908203125,25.624441666586765
2011-03-14,31.520000457763672,31.860000610351562,31.270000457763672,31.59000015258789,18656500,25.51137351989746,25.454843340970154
2011-03-15,30.239999771118164,31.299999237060547,29.81999969482422,31.170000076293945,34600300,25.17219352722168,24.4211461225069
2011-03-16,30.920000076293945,31.059999465942383,29.6200008392334,30.200000762939453,45026200,24.388845443725586,24.97030079238042
2011-03-17,30.690000534057617,31.049999237060547,30.34000015258789,30.549999237060547,31529500,24.67148780822754,24.784549686402947
2011-03-18,30.979999542236328,31.190000534057617,30.610000610351562,30.760000228881836,34862100,24.841087341308594,25.018753860079798
2011-03-21,31.450000762939453,31.850000381469727,31.299999237060547,31.420000076293945,23199400,25.374095916748047,25.39832380658455
2011-03-22,31.389999389648438,31.540000915527344,31.059999465942383,31.1299991607666,20051900,25.139894485473633,25.34986488369087
2011-03-23,31.219999313354492,31.709999084472656,30.829999923706055,31.40999984741211,23159700,25.366003036499023,25.212562917197687
2011-03-24,31.780000686645508,32.33000183105469,31.5,32.13999938964844,38277500,25.95554542541504,25.66481851607065
2011-03-25,33.7400016784668,34.099998474121094,32.58000183105469,32.63999938964844,64967600,26.359329223632812,27.247666325958505
2011-03-28,32.83000183105469,32.88999938964844,32.400001525878906,32.560001373291016,31399500,26.294729232788086,26.512775566638933
2011-03-29,32.400001525878906,33.15999984741211,32.36000061035156,33.15999984741211,29950300,26.779273986816406,26.165516345817906
2011-03-30,33.27000045776367,33.43000030517578,33.0,33.04999923706055,25718200,26.690441131591797,26.86810920316835
2011-03-31,33.0,33.630001068115234,32.95000076293945,33.43000030517578,38234200,26.997318267822266,26.65005966811792
2011-04-01,33.70000076293945,34.099998474121094,33.61000061035156,34.02000045776367,43176800,27.473793029785156,27.215368418765237
2011-04-04,34.09000015258789,34.43000030517578,34.0099983215332,34.13999938964844,26743000,27.570695877075195,27.5303176174464
2011-04-05,34.290000915527344,34.400001525878906,33.90999984741211,33.91999816894531,30286100,27.393033981323242,27.6918399470495
2011-04-06,34.20000076293945,34.20000076293945,33.4900016784668,33.58000183105469,24782200,27.11845588684082,27.619153110408465
2011-04-07,33.599998474121094,34.06999969482422,33.29999923706055,33.720001220703125,22723600,27.231517791748047,27.134606261193273
2011-04-08,33.880001068115234,33.93000030517578,33.310001373291016,33.540000915527344,16136500,27.086153030395508,27.36072953343579
2011-04-11,33.540000915527344,33.849998474121094,33.540000915527344,33.779998779296875,15960300,27.3288631439209,27.134698874802844
2011-04-12,33.56999969482422,33.630001068115234,33.08000183105469,33.400001525878906,16948600,27.02143096923828,27.15896371107045
2011-04-13,33.56999969482422,33.970001220703125,33.4900016784668,33.70000076293945,24345500,27.264142990112305,27.158968876470773
2011-04-14,33.33000183105469,33.880001068115234,33.20000076293945,33.79999923706055,17962100,27.345046997070312,26.964807309323827
2011-04-15,33.97999954223633,34.29999923706055,33.68000030517578,34.18000030517578,25468400,27.652469635009766,27.490664047684344
2011-04-18,33.66999816894531,33.779998779296875,33.279998779296875,33.630001068115234,20226500,27.20750617980957,27.239864827845434
2011-04-19,33.540000915527344,33.84000015258789,33.47999954223633,33.66999816894531,20452400,27.2398681640625,27.134697144241603
2011-04-20,34.18000030517578,34.369998931884766,33.83000183105469,34.11000061035156,24798400,27.59585189819336,27.652483419058875
2011-04-21,34.11000061035156,34.790000915527344,34.099998474121094,34.75,21125800,28.113616943359375,27.5958414704224
2011-04-25,34.70000076293945,34.86000061035156,34.560001373291016,34.83000183105469,12163000,28.178340911865234,28.07316680265828
2011-04-26,34.810001373291016,35.279998779296875,34.720001220703125,34.970001220703125,30391000,28.291595458984375,28.162151627172246
2011-04-27,35.04999923706055,35.290000915527344,34.83000183105469,35.25,21990200,28.518129348754883,28.35632374230504
2011-04-28,35.029998779296875,35.349998474121094,34.709999084472656,35.290000915527344,22995700,28.550491333007812,28.340143116957034
2011-04-29,35.290000915527344,36.04999923706055,35.209999084472656,35.959999084472656,94242100,29.09253692626953,28.550491682475545
2011-05-02,35.84000015258789,36.439998626708984,35.83000183105469,36.369998931884766,30058600,29.424232482910156,28.995450306509866
2011-05-03,36.45000076293945,36.5,35.869998931884766,36.13999938964844,24946200,29.2381534576416,29.488952236762735
2011-05-04,36.119998931884766,36.16999816894531,34.95000076293945,35.25,38886400,28.518129348754883,29.221980187698666
2011-05-05,35.04999923706055,35.369998931884766,34.56999969482422,34.66999816894531,23245400,28.048892974853516,28.35632331384446
2011-05-06,35.119998931884766,35.560001373291016,34.83000183105469,34.869998931884766,23885400,28.2106990814209,28.412955318483938
2011-05-09,34.88999938964844,35.45000076293945,34.810001373291016,35.20000076293945,16272500,28.477670669555664,28.226871896136707
2011-05-10,35.4900016784668,35.65999984741211,35.22999954223633,35.619998931884766,17015600,28.817461013793945,28.712290017314235
2011-05-11,35.529998779296875,35.70000076293945,34.720001220703125,34.97999954223633,20854300,28.2996883392334,28.744651380952025
2011-05-12,34.900001525878906,35.75,34.810001373291016,35.72999954223633,23096900,28.906450271606445,28.23496141930443
2011-05-13,35.77000045776367,35.91999816894531,35.13999938964844,35.189998626708984,20438800,28.469585418701172,28.938821346993638
2011-05-16,35.08000183105469,35.09000015258789,34.02000045776367,34.18000030517578,31350300,27.652469635009766,28.380593234881715
2011-05-17,34.029998779296875,34.290000915527344,33.709999084472656,33.939998626708984,27856100,27.458309173583984,27.531121551763732
2011-05-18,34.0,34.22999954223633,33.54999923706055,33.90999984741211,30005900,27.43402099609375,27.506833325402454
2011-05-19,34.04999923706055,34.56999969482422,33.9900016784668,34.5,22741400,27.911361694335938,27.547299837607525
2011-05-20,34.459999084472656,34.599998474121094,34.040000915527344,34.27000045776367,16484100,27.72527313232422,27.87898669374554
2011-05-23,33.68000030517578,33.7400016784668,32.959999084472656,33.15999984741211,29985800,26.8272647857666,27.24795809195896
2011-05-24,33.27000045776367,33.41999816894531,32.91999816894531,33.040000915527344,21893400,26.73018455505371,26.916259919496742
2011-05-25,33.0,33.380001068115234,32.93000030517578,32.9900016784668,23042300,26.68972396850586,26.697812856905152
2011-05-26,33.13999938964844,33.59000015258789,33.0099983215332,33.400001525878906,20948100,27.02143096923828,26.81108278196163
2011-05-27,33.41999816894531,33.849998474121094,33.400001525878906,33.70000076293945,16918600,27.264142990112305,27.037613892562437
2011-05-31,33.90999984741211,34.22999954223633,33.31999969482422,34.220001220703125,30783300,27.68483543395996,27.434036582478008
2011-06-01,34.22999954223633,34.29999923706055,32.83000183105469,32.880001068115234,31762600,26.600740432739258,27.692922848436112
2011-06-02,32.869998931884766,32.880001068115234,32.08000183105469,32.720001220703125,38255500,26.471296310424805,26.592648196440702
2011-06-03,32.2400016784668,32.7599983215332,32.209999084472656,32.33000183105469,23808200,26.15577507019043,26.082962709718785
2011-06-06,32.150001525878906,32.58000183105469,32.06999969482422,32.189998626708984,21677600,26.04250144958496,26.01014281023161
2011-06-07,32.2400016784668,32.29999923706055,31.829999923706055,31.84000015258789,28218700,25.759353637695312,26.082964840941333
2011-06-08,31.75,31.850000381469727,31.139999389648438,31.25,36607500,25.28202247619629,25.68653483581543
2011-06-09,31.360000610351562,31.93000030517578,31.280000686645508,31.6299991607666,21647100,25.58945655822754,25.371021010963915
2011-06-10,31.420000076293945,31.649999618530273,31.1200008392334,31.18000030517578,23747000,25.22539520263672,25.419560982487372
2011-06-13,31.25,31.850000381469727,31.1200008392334,31.6299991607666,26716600,25.58945655822754,25.28202777939085
2011-06-14,31.989999771118164,32.20000076293945,31.829999923706055,32.08000183105469,23067400,25.953516006469727,25.880702110900785
2011-06-15,31.729999542236328,31.989999771118164,31.059999465942383,31.15999984741211,34512600,25.209218978881836,25.670362983858876
2011-06-16,31.15999984741211,31.270000457763672,30.649999618530273,30.799999237060547,29868500,24.917966842651367,25.209216306751372
2011-06-17,31.350000381469727,31.809999465942383,31.18000030517578,31.18000030517578,42812400,25.22539520263672,25.362929489584154
2011-06-20,31.350000381469727,31.989999771118164,31.25,31.90999984741211,23408300,25.81598472595215,25.36293120892174
2011-06-21,32.09000015258789,32.709999084472656,31.75,32.650001525878906,26941600,26.41466522216797,25.961610149943485
2011-06-22,32.58000183105469,32.58000183105469,32.13999938964844,32.20000076293945,25940800,26.050600051879883,26.3580303503335
2011-06-23,31.899999618530273,32.54999923706055,31.329999923706055,32.459999084472656,54354600,26.260942459106445,25.807889034367502
2011-06-24,31.489999771118164,31.709999084472656,30.950000762939453,31.139999389648438,75120900,25.193037033081055,25.47619608076204
2011-06-27,30.979999542236328,31.829999923706055,30.860000610351562,31.579999923706055,29585600,25.549007415771484,25.063592145579275
2011-06-28,31.690000534057617,32.369998931884766,31.3700008392334,32.34000015258789,32746800,26.16386604309082,25.638000153571788
2011-06-29,32.400001525878906,32.68000030517578,32.209999084472656,32.43000030517578,27305700,26.23668098449707,26.212411222087887
2011-06-30,32.630001068115234,32.939998626708984,32.5099983215332,32.90999984741211,22182400,26.625003814697266,26.39847787724801
2011-07-01,32.88999938964844,33.20000076293945,32.47999954223633,33.04999923706055,25382300,26.738271713256836,26.608827855679152
2011-07-05,33.0099983215332,33.13999938964844,32.790000915527344,33.060001373291016,21406400,26.74636459350586,26.70591087912148
2011-07-06,33.0,33.25,32.869998931884766,33.209999084472656,22363900,26.867713928222656,26.697819454198473
2011-07-07,33.470001220703125,34.130001068115234,33.400001525878906,34.09000015258789,29886000,27.57966423034668,27.078069560706957
2011-07-08,33.7400016784668,33.939998626708984,33.41999816894531,33.939998626708984,23909600,27.458309173583984,27.29650663201624
2011-07-11,33.61000061035156,33.65999984741211,32.900001525878906,33.13999938964844,21943300,26.85856056213379,27.239476569467055
2011-07-12,33.31999969482422,33.470001220703125,32.52000045776367,32.599998474121094,35092400,26.420915603637695,27.004446044653346
2011-07-13,32.86000061035156,33.290000915527344,32.59000015258789,32.689998626708984,36497800,26.49386215209961,26.63164157422935
2011-07-14,32.79999923706055,33.099998474121094,31.860000610351562,32.04999923706055,32194500,25.975170135498047,26.58301344487
2011-07-15,32.150001525878906,32.2599983215332,31.84000015258789,32.09000015258789,25404600,26.007587432861328,26.056216007324952
2011-07-18,31.829999923706055,31.940000534057617,31.200000762939453,31.489999771118164,25253300,25.52130889892578,25.796864598606543
2011-07-19,31.90999984741211,32.66999816894531,31.889999389648438,32.63999938964844,26835500,26.453332901000977,25.861699283676824
2011-07-20,32.439998626708984,32.599998474121094,32.060001373291016,32.08000183105469,23074700,25.999479293823242,26.291241410413775
2011-07-21,32.189998626708984,32.75,32.060001373291016,32.470001220703125,24516200,26.315553665161133,26.08862348309699
2011-07-22,32.369998931884766,32.66999816894531,32.099998474121094,32.54999923706055,21378100,26.380393981933594,26.234511368148492
2011-07-25,32.25,32.439998626708984,32.040000915527344,32.209999084472656,20806100,26.104835510253906,26.137254552470033
2011-07-26,32.25,32.52000045776367,31.84000015258789,32.150001525878906,33568300,26.05621337890625,26.137257903186192
2011-07-27,31.809999465942383,31.84000015258789,30.6200008392334,30.709999084472656,43084500,24.889150619506836,25.78065423370778
2011-07-28,30.700000762939453,31.149999618530273,30.6299991607666,30.670000076293945,29323100,24.85673713684082,24.88105142376671
2011-07-29,30.520000457763672,31.190000534057617,30.260000228881836,30.579999923706055,38200600,24.783794403076172,24.73516737783352
2011-08-01,30.969999313354492,31.209999084472656,29.559999465942383,30.110000610351562,38566100,24.402877807617188,25.099870263235896
2011-08-02,29.790000915527344,30.399999618530273,29.520000457763672,29.549999237060547,40691000,23.949020385742188,24.143531561329798
2011-08-03,29.5,30.350000381469727,29.149999618530273,30.190000534057617,44046200,24.467716217041016,23.908500021006738
2011-08-04,29.84000015258789,29.8700008392334,28.84000015258789,28.8799991607666,49433400,23.40601921081543,24.184059457004082
2011-08-05,29.329999923706055,29.420000076293945,27.5,28.350000381469727,82201300,22.97647476196289,23.770722890567708
2011-08-08,27.469999313354492,28.040000915527344,25.959999084472656,26.020000457763672,80848500,21.088111877441406,22.26327473489392
2011-08-09,26.459999084472656,27.600000381469727,25.809999465942383,27.600000381469727,82425600,22.368635177612305,21.444712251449854
2011-08-10,26.799999237060547,27.510000228881836,26.110000610351562,26.479999542236328,82821600,21.460908889770508,21.72025497791613
2011-08-11,26.5,28.030000686645508,26.3700008392334,27.700000762939453,58279300,22.449682235717773,21.477132233240773
2011-08-12,27.829999923706055,27.829999923706055,26.989999771118164,27.389999389648438,43238500,22.19843292236328,22.555034695226897
2011-08-15,27.420000076293945,27.860000610351562,27.15999984741211,27.639999389648438,38334100,22.401046752929688,22.222746643924904
2011-08-16,27.420000076293945,27.959999084472656,27.229999542236328,27.56999969482422,37615100,22.344318389892578,22.222750044883416
2011-08-17,27.649999618530273,28.049999237060547,27.06999969482422,27.469999313354492,34073800,22.263267517089844,22.409150118016523
2011-08-18,26.459999084472656,26.489999771118164,24.719999313354492,25.190000534057617,78449700,20.415422439575195,21.444702167827536
2011-08-19,24.81999969482422,25.600000381469727,24.75,24.780000686645508,46790600,20.083133697509766,20.115551187693846
2011-08-22,25.40999984741211,25.6200008392334,24.809999465942383,25.059999465942383,37825100,20.31005859375,20.593718945185593
2011-08-23,25.190000534057617,26.209999084472656,25.15999984741211,26.200000762939453,36867400,21.233989715576172,20.415427354954303
2011-08-24,26.110000610351562,26.729999542236328,26.010000228881836,26.68000030517578,31588800,21.623008728027344,21.16104814949744
2011-08-25,26.850000381469727,27.049999237060547,25.729999542236328,25.899999618530273,38264000,20.99085235595703,21.76078772455223
2011-08-26,25.8799991607666,26.829999923706055,25.479999542236328,26.649999618530273,34449300,21.598695755004883,20.97464300241542
2011-08-29,27.049999237060547,27.959999084472656,27.020000457763672,27.90999984741211,28945400,22.619869232177734,21.92287527115666
2011-08-30,27.809999465942383,28.040000915527344,27.459999084472656,27.8700008392334,29944300,22.587446212768555,22.538817660522685
2011-08-31,27.860000610351562,28.610000610351562,27.709999084472656,28.06999969482422,31444600,22.749536514282227,22.579341220655007
2011-09-01,28.030000686645508,28.670000076293945,27.75,27.84000015258789,34199100,22.56313705444336,22.717124413166882
2011-09-02,27.229999542236328,27.450000762939453,26.780000686645508,26.969999313354492,30297500,21.858036041259766,22.06875515576938
2011-09-06,26.030000686645508,26.81999969482422,25.709999084472656,26.489999771118164,30907700,21.469030380249023,21.096220474444586
2011-09-07,26.979999542236328,27.6299991607666,26.75,27.6299991607666,26106200,22.392946243286133,21.866149031631746
2011-09-08,27.450000762939453,27.530000686645508,26.3700008392334,26.719999313354492,50386300,21.655424118041992,22.247059275369512
2011-09-09,26.420000076293945,26.600000381469727,25.770000457763672,26.0,38961600,21.07189178466797,21.412283944560983
2011-09-12,25.920000076293945,26.770000457763672,25.899999618530273,26.75,37358200,21.67974090576172,21.00706115631315
2011-09-13,26.81999969482422,27.790000915527344,26.760000228881836,27.719999313354492,42359400,22.465877532958984,21.7364662158429
2011-09-14,28.020000457763672,28.579999923706055,27.65999984741211,28.149999618530273,34972000,22.814380645751953,22.709021840155195
2011-09-15,28.610000610351562,29.0,28.260000228881836,28.950000762939453,28846400,23.462753295898438,23.18719752765992
2011-09-16,29.040000915527344,29.299999237060547,28.799999237060547,29.229999542236328,58059500,23.689672470092773,23.53568665733217
2011-09-19,28.739999771118164,29.239999771118164,28.170000076293945,29.020000457763672,34514300,23.519472122192383,23.292543512961714
2011-09-20,29.239999771118164,29.360000610351562,28.219999313354492,28.350000381469727,50913400,22.97647476196289,23.69778157816264
2011-09-21,29.809999465942383,30.959999084472656,29.469999313354492,29.540000915527344,83318400,23.94091796875,24.159740343388798
2011-09-22,28.739999771118164,29.030000686645508,27.829999923706055,28.34000015258789,61371400,22.968368530273438,23.292551261427487
2011-09-23,28.100000381469727,29.079999923706055,27.809999465942383,28.899999618530273,43991700,23.422224044799805,22.773858591047805
2011-09-26,29.059999465942383,29.790000915527344,28.649999618530273,29.709999084472656,37762600,24.07869529724121,23.551898150145597
2011-09-27,30.25,30.579999923706055,29.760000228881836,30.1299991607666,38514400,24.419086456298828,24.51634204706182
2011-09-28,30.239999771118164,30.40999984741211,29.420000076293945,29.450000762939453,31357100,23.86797523498535,24.50823588946387
2011-09-29,29.979999542236328,30.6200008392334,29.079999923706055,29.649999618530273,44358800,24.03006935119629,24.297520317623622
2011-09-30,29.260000228881836,29.739999771118164,28.739999771118164,28.739999771118164,42188000,23.292551040649414,23.713989360067682
2011-10-03,28.59000015258789,29.010000228881836,27.920000076293945,27.940000534057617,45214600,22.644187927246094,23.170985108108578
2011-10-04,27.440000534057617,28.770000457763672,27.0,28.690000534057617,50300200,23.252031326293945,22.238959223929758
2011-10-05,28.649999618530273,29.59000015258789,28.389999389648438,29.510000228881836,43277100,23.916608810424805,23.219614638450032
2011-10-06,29.459999084472656,30.100000381469727,28.979999542236328,30.06999969482422,34994100,24.37045669555664,23.87607712755835
2011-10-07,30.049999237060547,30.34000015258789,29.549999237060547,29.90999984741211,37977000,24.289249420166016,24.402939828430465
2011-10-10,30.43000030517578,31.030000686645508,30.219999313354492,30.969999313354492,27708200,25.150056838989258,24.711535494145824
2011-10-11,30.899999618530273,31.200000762939453,30.729999542236328,30.93000030517578,25382700,25.117576599121094,25.0932136978146
2011-10-12,31.3700008392334,31.549999237060547,31.079999923706055,31.110000610351562,30322800,25.263750076293945,25.47489056724155
2011-10-13,30.959999084472656,31.299999237060547,30.56999969482422,31.139999389648438,27161500,25.288108825683594,25.14193453553719
2011-10-14,31.559999465942383,31.860000610351562,31.270000457763672,31.850000381469727,23613200,25.86468505859375,25.629181691027622
2011-10-17,31.59000015258789,31.75,30.950000762939453,31.229999542236328,25074700,25.361194610595703,25.6535431752094
2011-10-18,31.139999389648438,32.0,30.770000457763672,31.8799991607666,29754800,25.889041900634766,25.28810446069546
2011-10-19,31.829999923706055,32.18000030517578,31.25,31.489999771118164,25586300,25.572336196899414,25.84844284257012
2011-10-20,31.59000015258789,31.75,30.8799991607666,31.530000686645508,25102300,25.60481834411621,25.653542587463576
2011-10-21,31.940000534057617,32.25,31.81999969482422,32.119998931884766,32837700,26.083940505981445,25.937767789411563
2011-10-24,32.0099983215332,32.91999816894531,32.0099983215332,32.869998931884766,27941900,26.692995071411133,25.99460770300581
2011-10-25,32.91999816894531,32.95000076293945,32.27000045776367,32.369998931884766,30540900,26.28696060180664,26.733602824627145
2011-10-26,32.72999954223633,32.7599983215332,31.559999465942383,32.400001525878906,33683500,26.311323165893555,26.579307241312467
2011-10-27,33.09000015258789,33.810001373291016,32.95000076293945,33.65999984741211,35578800,27.334543228149414,26.87165905201052
2011-10-28,33.5,33.79999923706055,33.400001525878906,33.689998626708984,26333800,27.35890007019043,27.204606402826386
2011-10-31,33.25,33.369998931884766,32.7599983215332,32.77000045776367,28859900,26.61178970336914,27.001586673075327
2011-11-01,31.959999084472656,32.209999084472656,31.6200008392334,31.690000534057617,31480100,25.734752655029297,25.954012541272593
2011-11-02,31.959999084472656,32.63999938964844,31.799999237060547,32.279998779296875,26470800,26.213876724243164,25.954012013303412
2011-11-03,32.2599983215332,33.150001525878906,32.18000030517578,33.11000061035156,27467100,26.88790512084961,26.197636909646143
2011-11-04,32.81999969482422,32.880001068115234,32.119998931884766,32.54999923706055,23837800,26.433134078979492,26.652395475868467
2011-11-07,32.38999938964844,32.91999816894531,31.799999237060547,32.869998931884766,23980000,26.692995071411133,26.303198118823914
2011-11-08,33.130001068115234,33.7599983215332,32.849998474121094,33.61000061035156,30171400,27.293943405151367,26.904146317904008
2011-11-09,32.84000015258789,32.84000015258789,31.440000534057617,31.59000015258789,36933000,25.653545379638672,26.66864292853569
2011-11-10,31.940000534057617,32.029998779296875,31.299999237060547,31.729999542236328,25303800,25.76723289489746,25.93777006925877
2011-11-11,32.02000045776367,32.7599983215332,32.0,32.369998931884766,21664700,26.28696060180664,26.002734577602137
2011-11-14,32.29999923706055,32.5099983215332,32.08000183105469,32.29999923706055,16781600,26.230117797851562,26.230117797851562
2011-11-15,32.209999084472656,33.15999984741211,32.13999938964844,32.959999084472656,21397300,26.76608657836914,26.157028159334356
2011-11-16,32.599998474121094,33.060001373291016,31.989999771118164,31.989999771118164,24295200,25.978368759155273,26.47373516623864
2011-11-17,31.850000381469727,32.0,30.469999313354492,30.81999969482422,41500400,25.028240203857422,25.864680984219632
2011-11-18,30.729999542236328,30.889999389648438,30.290000915527344,30.600000381469727,26601000,24.849584579467773,24.955154027195157
2011-11-21,30.190000534057617,30.350000381469727,29.540000915527344,29.90999984741211,25360400,24.289249420166016,24.516631785610556
2011-11-22,29.579999923706055,29.920000076293945,29.270000457763672,29.809999465942383,25437400,24.208040237426758,24.02126270395488
2011-11-23,29.5,29.59000015258789,28.989999771118164,29.0,24399700,23.550256729125977,23.95629563824884
2011-11-25,28.68000030517578,29.329999923706055,28.610000610351562,28.739999771118164,13641400,23.339120864868164,23.2903966199618
2011-11-28,29.450000762939453,30.059999465942383,29.360000610351562,29.8700008392334,21067200,24.25676918029785,23.91569637748131
2011-11-29,29.93000030517578,30.15999984741211,29.690000534057617,29.739999771118164,20155800,24.151193618774414,24.305488834679302
2011-11-30,30.690000534057617,31.459999084472656,30.649999618530273,31.350000381469727,31879500,25.45864486694336,24.922673526495355
2011-12-01,31.399999618530273,31.780000686645508,31.139999389648438,31.670000076293945,22197000,25.7185115814209,25.499250138943612
2011-12-02,32.0,32.04999923706055,31.200000762939453,31.200000762939453,22391200,25.33683204650879,25.986493771223074
2011-12-05,31.809999465942383,32.2400016784668,31.549999237060547,31.899999618530273,19992200,25.905277252197266,25.83219013829727
2011-12-06,32.040000915527344,32.11000061035156,31.540000915527344,31.729999542236328,21049900,25.76723289489746,26.01897817376817
2011-12-07,31.290000915527344,31.809999465942383,30.81999969482422,31.540000915527344,31366000,25.612939834594727,25.409920342750123
2011-12-08,31.239999771118164,31.5,30.649999618530273,30.739999771118164,24494300,24.963275909423828,25.369314882997244
2011-12-09,30.84000015258789,31.850000381469727,30.809999465942383,31.690000534057617,22621000,25.734752655029297,25.044486034481434
2011-12-12,31.399999618530273,31.399999618530273,30.770000457763672,31.31999969482422,22536100,25.43427848815918,25.499244655413246
2011-12-13,31.690000534057617,31.899999618530273,30.600000381469727,30.829999923706055,25309900,25.036365509033203,25.73475310786668
2011-12-14,30.670000076293945,30.75,29.75,29.8700008392334,26644600,24.25676918029785,24.906430924274222
2011-12-15,30.139999389648438,30.200000762939453,28.809999465942383,29.030000686645508,43170300,23.574621200561523,24.476026585937433
2011-12-16,29.260000228881836,30.06999969482422,28.959999084472656,29.209999084472656,46100600,23.72079849243164,23.76140332324629
2011-12-19,29.40999984741211,29.440000534057617,28.5,28.610000610351562,24849700,23.233552932739258,23.883214737138946
2011-12-20,29.059999465942383,29.489999771118164,28.8700008392334,29.170000076293945,46428300,23.688316345214844,23.59898726570304
2011-12-21,25.670000076293945,25.989999771118164,24.90999984741211,25.770000457763672,183503900,20.92724609375,20.84603800080038
2011-12-22,25.860000610351562,25.8700008392334,25.3799991607666,25.690000534057617,44203700,20.86227798461914,21.00033126509101
2011-12-23,25.799999237060547,26.079999923706055,25.75,26.059999465942383,32292800,21.162748336791992,20.951607909927226
2011-12-27,26.059999465942383,26.200000762939453,25.559999465942383,25.6299991607666,21312400,20.813560485839844,21.162754307679908
2011-12-28,25.68000030517578,25.760000228881836,25.329999923706055,25.510000228881836,25412300,20.71610450744629,20.85415779302768
2011-12-29,25.670000076293945,25.84000015258789,25.5,25.799999237060547,19249800,20.951608657836914,20.846039215093807
2011-12-30,25.729999542236328,25.8799991607666,25.6200008392334,25.649999618530273,19168800,20.829803466796875,20.8947696544358
2012-01-03,26.329999923706055,26.65999984741211,25.829999923706055,25.860000610351562,37911800,21.000337600708008,21.382013703553664
2012-01-04,25.950000762939453,26.229999542236328,25.549999237060547,26.010000228881836,45418500,21.122135162353516,21.073410947891695
2012-01-05,26.010000228881836,26.899999618530273,25.90999984741211,26.59000015258789,50873400,21.593149185180664,21.122144115300685
2012-01-06,26.670000076293945,27.149999618530273,26.360000610351562,26.93000030517578,55685000,21.8692626953125,21.658122211026452
2012-01-09,26.899999618530273,27.1200008392334,26.65999984741211,27.030000686645508,38481100,21.999481201171875,21.893674468597638
2012-01-10,27.18000030517578,27.600000381469727,26.850000381469727,26.969999313354492,48976300,21.950639724731445,22.121557642071654
2012-01-11,26.989999771118164,27.100000381469727,26.75,26.889999389648438,30836000,21.885540008544922,21.966929461843606
2012-01-12,27.020000457763672,27.260000228881836,26.6200008392334,27.170000076293945,31775700,22.11343002319336,21.9913466202283
2012-01-13,27.040000915527344,27.3700008392334,26.850000381469727,27.34000015258789,31482600,22.251785278320312,22.007618542055706
2012-01-17,27.68000030517578,27.8799991607666,27.479999542236328,27.65999984741211,35769400,22.51223373413086,22.528511933062504
2012-01-18,27.709999084472656,28.450000762939453,27.610000610351562,28.34000015258789,35343800,23.0656795501709,22.552927162197307
2012-01-19,28.479999542236328,28.799999237060547,28.25,28.559999465942383,36353100,23.244733810424805,23.179622572113367
2012-01-20,28.389999389648438,28.950000762939453,28.270000457763672,28.709999084472656,37014000,23.3668155670166,23.10637063184058
2012-01-23,28.729999542236328,28.90999984741211,28.280000686645508,28.389999389648438,27438400,23.10638427734375,23.383107572481116
2012-01-24,28.329999923706055,28.739999771118164,28.25,28.510000228881836,23700900,23.204038619995117,23.057537953584088
2012-01-25,28.260000228881836,28.639999389648438,27.959999084472656,28.510000228881836,39274500,23.204038619995117,23.000565817174085
2012-01-26,28.559999465942383,28.84000015258789,28.149999618530273,28.290000915527344,34646400,23.024988174438477,23.24473766999292
2012-01-27,28.239999771118164,28.6299991607666,28.1299991607666,28.420000076293945,24561500,23.130794525146484,22.98429381922433
2012-01-30,28.190000534057617,28.690000534057617,28.020000457763672,28.600000381469727,23294900,23.277294158935547,22.943598811871365
2012-01-31,28.729999542236328,28.739999771118164,28.049999237060547,28.209999084472656,32744000,22.959871292114258,23.383095112375422
2012-02-01,28.479999542236328,28.940000534057617,28.110000610351562,28.8799991607666,38240800,23.505178451538086,23.179622264304054
2012-02-02,28.8700008392334,29.25,28.709999084472656,28.809999465942383,27334400,23.448209762573242,23.49704436212377
2012-02-03,29.1299991607666,29.219999313354492,28.780000686645508,29.110000610351562,26277200,23.69236946105957,23.70864610259802
2012-02-06,29.030000686645508,29.06999969482422,28.809999465942383,29.0,16582600,23.602848052978516,23.62726535119848
2012-02-07,28.90999984741211,29.0,28.75,28.950000762939453,20291700,23.56215476989746,23.529598371356727
2012-02-08,28.920000076293945,28.989999771118164,28.3799991607666,28.729999542236328,29842600,23.383092880249023,23.53773263680853
2012-02-09,28.850000381469727,28.899999618530273,28.350000381469727,28.889999389648438,31795300,23.51331901550293,23.48076417093804
2012-02-10,28.549999237060547,28.639999389648438,28.280000686645508,28.5,30232000,23.195905685424805,23.236599635852862
2012-02-13,28.59000015258789,28.670000076293945,28.350000381469727,28.43000030517578,20015200,23.138927459716797,23.26914992975175
2012-02-14,28.31999969482422,28.450000762939453,28.030000686645508,28.239999771118164,30267900,22.98429298400879,23.049404234010954
2012-02-15,28.100000381469727,28.350000381469727,27.920000076293945,27.979999542236328,34620600,22.772674560546875,22.87034218397659
2012-02-16,28.15999984741211,29.0,28.1299991607666,28.950000762939453,36380600,23.56215476989746,22.91917987008865
2012-02-17,29.030000686645508,29.030000686645508,28.639999389648438,28.790000915527344,34061000,23.431930541992188,23.62726426162058
2012-02-21,28.799999237060547,28.979999542236328,28.489999771118164,28.739999771118164,20612200,23.391239166259766,23.440072216673236
2012-02-22,28.719999313354492,29.079999923706055,28.5,28.549999237060547,25207600,23.236597061157227,23.37495865060626
2012-02-23,28.610000610351562,28.8799991607666,28.31999969482422,28.809999465942383,25319100,23.448209762573242,23.285432421195228
2012-02-24,29.059999465942383,29.540000915527344,28.84000015258789,29.25,24952400,23.80631446838379,23.651674726061174
2012-02-27,29.0,29.3799991607666,28.760000228881836,29.260000228881836,30419400,23.814456939697266,23.602845039267198
2012-02-28,29.239999771118164,29.389999389648438,29.0,29.389999389648438,29889400,23.920263290405273,23.798179913637043
2012-02-29,29.399999618530273,29.440000534057617,29.020000457763672,29.25,33160700,23.80631446838379,23.928397821849405
2012-03-01,29.399999618530273,29.969999313354492,29.229999542236328,29.829999923706055,32909600,24.27838134765625,23.928407783614443
2012-03-02,29.850000381469727,30.25,29.760000228881836,29.959999084472656,28177200,24.384178161621094,24.29465119054182
2012-03-05,30.239999771118164,30.420000076293945,29.920000076293945,30.239999771118164,33786600,24.612075805664062,24.612075805664062
2012-03-06,29.940000534057617,30.399999618530273,29.709999084472656,29.940000534057617,28971600,24.367904663085938,24.367904663085938
2012-03-07,30.049999237060547,30.280000686645508,29.829999923706055,30.219999313354492,23691100,24.595794677734375,24.457433093792268
2012-03-08,30.399999618530273,30.440000534057617,29.850000381469727,30.06999969482422,30927300,24.473705291748047,24.742289294443314
2012-03-09,30.049999237060547,30.290000915527344,29.899999618530273,30.1299991607666,30056300,24.522546768188477,24.457435519427218
2012-03-12,29.719999313354492,29.920000076293945,29.200000762939453,29.709999084472656,40933900,24.18071174621582,24.188850846163295
2012-03-13,29.989999771118164,30.229999542236328,29.90999984741211,30.1299991607666,32329200,24.522546768188477,24.408602470949926
2012-03-14,30.0,30.15999984741211,29.690000534057617,29.84000015258789,30994400,24.28651237487793,24.41673483648257
2012-03-15,29.959999084472656,30.1299991607666,29.739999771118164,30.059999465942383,35528500,24.465574264526367,24.384184816662255
2012-03-16,30.110000610351562,30.15999984741211,29.579999923706055,29.739999771118164,38651200,24.205127716064453,24.506268188075918
2012-03-19,29.59000015258789,29.889999389648438,29.43000030517578,29.760000228881836,32519400,24.221410751342773,24.083049136960824
2012-03-20,29.700000762939453,30.139999389648438,29.549999237060547,30.100000381469727,46126400,24.49813461303711,24.172578321484675
2012-03-21,30.8700008392334,31.149999618530273,29.34000015258789,29.40999984741211,94678000,23.93653678894043,25.124818585402082
2012-03-22,29.329999923706055,29.329999923706055,28.559999465942383,28.6299991607666,59763200,23.301706314086914,23.871430822497107
2012-03-23,28.690000534057617,28.889999389648438,28.520000457763672,28.549999237060547,36696300,23.236597061157227,23.350542904004655
2012-03-26,28.780000686645508,29.190000534057617,28.649999618530273,29.15999984741211,30044300,23.733078002929688,23.423799890079426
2012-03-27,29.170000076293945,29.520000457763672,29.0,29.350000381469727,31710000,23.88770866394043,23.741207989542684
2012-03-28,29.3799991607666,29.549999237060547,29.139999389648438,29.360000610351562,29405300,23.895849227905273,23.912125874211814
2012-03-29,29.209999084472656,29.579999923706055,29.100000381469727,29.299999237060547,34035400,23.847017288208008,23.773766938358506
2012-03-30,29.459999084472656,29.489999771118164,29.040000915527344,29.15999984741211,32006100,23.733078002929688,23.97724485242332
2012-04-02,29.1200008392334,29.68000030517578,29.0,29.530000686645508,28525300,24.03420066833496,23.70050549808237
2012-04-03,29.610000610351562,29.700000762939453,29.1200008392334,29.389999389648438,29995400,23.920263290405273,24.099320358548077
2012-04-04,29.190000534057617,29.479999542236328,28.93000030517578,29.15999984741211,31154000,23.733078002929688,23.75749530882904
2012-04-05,29.149999618530273,29.6299991607666,29.1299991607666,29.559999465942383,43273500,24.058622360229492,23.724927107358987
2012-04-09,29.100000381469727,29.25,29.0,29.010000228881836,21528500,23.65901756286621,23.732416913915426
2012-04-10,28.8799991607666,28.959999084472656,28.079999923706055,28.350000381469727,41175000,23.12075424194336,23.55299309061239
2012-04-11,28.489999771118164,28.549999237060547,28.040000915527344,28.139999389648438,30390100,22.94948959350586,23.234931323658042
2012-04-12,28.31999969482422,28.719999313354492,28.15999984741211,28.700000762939453,29414300,23.40618896484375,23.096280373529947
2012-04-13,28.700000762939453,28.770000457763672,28.489999771118164,28.559999465942383,16685800,23.292011260986328,23.40618884667211
2012-04-16,28.579999923706055,28.770000457763672,28.309999465942383,28.639999389648438,21476800,23.357257843017578,23.308325474779956
2012-04-17,28.719999313354492,29.440000534057617,28.700000762939453,29.280000686645508,24985300,23.87920570373535,23.422498474445923
2012-04-18,29.1299991607666,29.350000381469727,29.100000381469727,29.1299991607666,21151400,23.75687026977539,23.75687026977539
2012-04-19,28.989999771118164,29.459999084472656,28.670000076293945,29.010000228881836,26462100,23.65901756286621,23.642706250292523
2012-04-20,29.1200008392334,29.530000686645508,28.8799991607666,28.8799991607666,35727900,23.55298614501953,23.748718706376014
2012-04-23,28.600000381469727,28.65999984741211,28.260000228881836,28.479999542236328,23045500,23.226764678955078,23.32463094647442
2012-04-24,28.530000686645508,28.850000381469727,28.520000457763672,28.690000534057617,20486900,23.398033142089844,23.267545806335573
2012-04-25,28.68000030517578,28.989999771118164,28.600000381469727,28.8700008392334,26902800,23.544830322265625,23.389876037351055
2012-04-26,28.84000015258789,29.219999313354492,28.739999771118164,29.020000457763672,20548300,23.667160034179688,23.52036141386276
2012-04-27,29.059999465942383,29.440000534057617,29.059999465942383,29.239999771118164,16847800,23.846590042114258,23.699791358168227
2012-04-30,29.229999542236328,29.420000076293945,29.200000762939453,29.399999618530273,18568500,23.977073669433594,23.83843066242688
2012-05-01,29.450000762939453,29.780000686645508,29.290000915527344,29.56999969482422,19965400,24.11572265625,24.017857894997203
2012-05-02,29.420000076293945,29.790000915527344,29.190000534057617,29.709999084472656,22579000,24.229890823364258,23.993383097898647
2012-05-03,29.739999771118164,29.81999969482422,29.34000015258789,29.3799991607666,19175800,23.960758209228516,24.254355480372325
2012-05-04,29.100000381469727,29.149999618530273,28.40999984741211,28.40999984741211,33934300,23.169681549072266,23.73240920583644
2012-05-07,28.34000015258789,28.450000762939453,27.850000381469727,27.920000076293945,33670500,22.77006721496582,23.112596940659625
2012-05-08,27.709999084472656,28.020000457763672,27.530000686645508,27.93000030517578,24660200,22.778213500976562,22.59879227931898
2012-05-09,27.6200008392334,27.90999984741211,27.40999984741211,27.780000686645508,25521100,22.6558837890625,22.52539646510145
2012-05-10,27.700000762939453,27.75,26.739999771118164,27.020000457763672,52653300,22.036069869995117,22.590641816057612
2012-05-11,26.969999313354492,27.309999465942383,26.770000457763672,27.0,25588900,22.019760131835938,21.995293171697995
2012-05-14,26.729999542236328,27.309999465942383,26.65999984741211,26.959999084472656,22485200,21.987144470214844,21.799569049778498
2012-05-15,27.020000457763672,27.530000686645508,26.940000534057617,27.059999465942383,26392900,22.068700790405273,22.036079720160245
2012-05-16,27.15999984741211,27.40999984741211,26.68000030517578,26.719999313354492,29672800,21.791404724121094,22.150245665845475
2012-05-17,26.700000762939453,26.719999313354492,26.25,26.25,29440600,21.408096313476562,21.775092872491637
2012-05-18,26.290000915527344,26.290000915527344,25.329999923706055,25.610000610351562,68182500,20.886154174804688,21.440726251115958
2012-05-21,25.540000915527344,26.459999084472656,25.530000686645508,26.260000228881836,30712700,21.416255950927734,20.829062902759638
2012-05-22,26.329999923706055,26.489999771118164,26.06999969482422,26.360000610351562,22122800,21.49781036376953,21.473343404082332
2012-05-23,26.1200008392334,26.850000381469727,26.040000915527344,26.68000030517578,33179600,21.7587890625,21.302083286069063
2012-05-24,26.6200008392334,26.649999618530273,25.899999618530273,26.1200008392334,34232000,21.302082061767578,21.709855441884987
2012-05-25,26.18000030517578,26.329999923706055,26.040000915527344,26.139999389648438,18642900,21.318397521972656,21.351020147770896
2012-05-29,26.40999984741211,26.780000686645508,26.15999984741211,26.459999084472656,24139900,21.579364776611328,21.538588064124028
2012-05-30,26.190000534057617,26.34000015258789,25.979999542236328,26.170000076293945,21538300,21.34286117553711,21.35917248590214
2012-05-31,26.219999313354492,26.719999313354492,26.170000076293945,26.469999313354492,32192300,21.587522506713867,21.383635813601803
2012-06-01,25.979999542236328,26.280000686645508,25.899999618530273,26.0,30739700,21.204206466674805,21.187895165296002
2012-06-04,26.040000915527344,26.34000015258789,25.84000015258789,26.200000762939453,28945200,21.36732292175293,21.236835581770798
2012-06-05,26.06999969482422,26.940000534057617,26.06999969482422,26.709999084472656,28412000,21.78325080871582,21.261301437693884
2012-06-06,26.989999771118164,27.56999969482422,26.8799991607666,27.530000686645508,27639000,22.451997756958008,22.011601860053567
2012-06-07,27.75,27.760000228881836,27.18000030517578,27.18000030517578,32896100,22.16655731201172,22.631418635090668
2012-06-08,27.040000915527344,27.270000457763672,26.799999237060547,27.15999984741211,22343200,22.150239944458008,22.052375248240807
2012-06-11,27.3799991607666,27.420000076293945,26.770000457763672,26.809999465942383,20470800,21.864809036254883,22.329670458348055
2012-06-12,27.0,27.149999618530273,26.729999542236328,27.030000686645508,26186900,22.044227600097656,22.019760639395745
2012-06-13,26.8799991607666,27.3799991607666,26.790000915527344,27.020000457763672,19638800,22.036069869995117,21.92189228634408
2012-06-14,27.09000015258789,27.350000381469727,26.510000228881836,26.90999984741211,34311700,21.946369171142578,22.093167876854423
2012-06-15,27.110000610351562,27.760000228881836,26.989999771118164,27.700000762939453,40136400,22.590648651123047,22.10947587913329
2012-06-18,27.43000030517578,27.43000030517578,26.690000534057617,27.1200008392334,38322000,22.11762237548828,22.370441361924215
2012-06-19,28.389999389648438,28.75,27.530000686645508,27.959999084472656,81048700,22.802682876586914,23.153368174041166
2012-06-20,28.040000915527344,28.579999923706055,27.940000534057617,28.489999771118164,29281700,23.23492431640625,22.86792925020335
2012-06-21,28.489999771118164,28.639999389648438,27.75,27.809999465942383,32721900,22.680355072021484,23.234927120444464
2012-06-22,27.90999984741211,28.139999389648438,27.790000915527344,28.0,22163000,22.835311889648438,22.76191254841771
2012-06-25,27.540000915527344,27.75,27.239999771118164,27.6200008392334,24918800,22.525402069091797,22.4601583908796
2012-06-26,27.6299991607666,27.950000762939453,27.520000457763672,27.829999923706055,20614200,22.696664810180664,22.533554846448666
2012-06-27,27.760000228881836,28.459999084472656,27.760000228881836,28.170000076293945,19388200,22.973947525024414,22.639573547239426
2012-06-28,28.030000686645508,28.260000228881836,27.729999542236328,28.170000076293945,27175800,22.973947525024414,22.85977150008271
2012-06-29,28.809999465942383,29.709999084472656,28.790000915527344,29.700000762939453,35545300,24.221736907958984,23.495899308301233
2012-07-02,29.530000686645508,29.799999237060547,29.149999618530273,29.799999237060547,24445300,24.30329132080078,24.08309489144081
2012-07-03,29.6299991607666,29.979999542236328,29.610000610351562,29.969999313354492,14468000,24.441932678222656,24.16464669121779
2012-07-05,29.829999923706055,29.93000030517578,29.709999084472656,29.719999313354492,19244600,24.238046646118164,24.327757278231285
2012-07-06,29.3700008392334,29.479999542236328,28.940000534057617,29.18000030517578,25259400,23.797651290893555,23.95260558860769
2012-07-09,29.229999542236328,29.360000610351562,29.020000457763672,29.100000381469727,21873200,23.732406616210938,23.838426990871955
2012-07-10,29.360000610351562,29.600000381469727,28.850000381469727,29.049999237060547,23424100,23.69163703918457,23.944457700477045
2012-07-11,28.979999542236328,29.31999969482422,28.90999984741211,29.229999542236328,27247300,23.887765884399414,23.683457243803282
2012-07-12,29.450000762939453,29.469999313354492,28.610000610351562,28.81999969482422,23562000,23.55270004272461,24.06755869439139
2012-07-13,28.8700008392334,29.65999984741211,28.75,29.579999923706055,22026800,24.173799514770508,23.593563694351943
2012-07-16,29.43000030517578,29.75,29.280000686645508,29.520000457763672,16819600,24.1247615814209,24.051210355478982
2012-07-17,29.709999084472656,30.049999237060547,29.3700008392334,29.920000076293945,23897100,24.451662063598633,24.280041967611297
2012-07-18,29.84000015258789,30.760000228881836,29.81999969482422,30.5,24988700,24.9256534576416,24.386278786209125
2012-07-19,30.600000381469727,31.110000610351562,30.559999465942383,30.8700008392334,26180000,25.2280330657959,25.007379347264575
2012-07-20,30.65999984741211,30.829999923706055,30.100000381469727,30.1200008392334,25013000,24.61510467529297,25.056410509971414
2012-07-23,29.530000686645508,29.799999237060547,29.110000610351562,29.649999618530273,23403200,24.23100471496582,24.13293743936041
2012-07-24,29.59000015258789,29.670000076293945,29.06999969482422,29.31999969482422,23707500,23.961322784423828,24.18197654253282
2012-07-25,29.299999237060547,29.559999465942383,29.1200008392334,29.260000228881836,22389100,23.91228675842285,23.944975334845953
2012-07-26,29.790000915527344,30.360000610351562,29.700000762939453,30.0,26746600,24.51703453063965,24.345416037125688
2012-07-27,30.299999237060547,30.84000015258789,30.040000915527344,30.770000457763672,23852100,25.14630889892578,24.762207641114752
2012-07-30,30.690000534057617,31.0,30.399999618530273,30.579999923706055,20919700,24.991031646728516,25.080927943043555
2012-07-31,30.559999465942383,30.690000534057617,30.170000076293945,30.200000762939453,20951600,24.68048667907715,24.974690088662893
2012-08-01,30.34000015258789,30.520000457763672,30.030000686645508,30.31999969482422,17344400,24.778553009033203,24.794898075256494
2012-08-02,29.8700008392334,30.399999618530273,29.739999771118164,29.920000076293945,22103400,24.451662063598633,24.41080095247147
2012-08-03,30.530000686645508,30.8700008392334,30.3799991607666,30.719999313354492,17767200,25.105443954467773,24.950170517589974
2012-08-06,30.920000076293945,31.25,30.780000686645508,31.0,18658400,25.334272384643555,25.268893679549365
2012-08-07,31.219999313354492,31.700000762939453,31.149999618530273,31.5,21692700,25.74289321899414,25.514066940341433
2012-08-08,31.34000015258789,31.809999465942383,31.06999969482422,31.15999984741211,22436100,25.465036392211914,25.612138906472396
2012-08-09,31.15999984741211,31.549999237060547,31.149999618530273,31.3700008392334,14578500,25.636646270751953,25.46502621975418
2012-08-10,31.190000534057617,31.6200008392334,31.079999923706055,31.610000610351562,13848800,25.832788467407227,25.489549842994062
2012-08-13,31.450000762939453,31.549999237060547,31.200000762939453,31.360000610351562,14362100,25.628477096557617,25.702028333942607
2012-08-14,31.5,31.6299991607666,31.239999771118164,31.350000381469727,13806800,25.620309829711914,25.7428947309662
2012-08-15,31.329999923706055,31.690000534057617,31.329999923706055,31.549999237060547,16230100,25.78374671936035,25.603955698405198
2012-08-16,31.639999389648438,32.209999084472656,31.540000915527344,32.029998779296875,20333700,26.176021575927734,25.85730060099486
2012-08-17,32.09000015258789,32.29999923706055,31.90999984741211,32.20000076293945,20814500,26.314956665039062,26.22506035367435
2012-08-20,32.099998474121094,32.150001525878906,31.899999618530273,32.040000915527344,11189200,26.184194564819336,26.233226640435525
2012-08-21,32.02000045776367,32.27000045776367,31.719999313354492,31.75,19673100,25.947206497192383,26.16786028087523
2012-08-22,31.739999771118164,31.850000381469727,31.520000457763672,31.700000762939453,18087900,25.906333923339844,25.939022492347437
2012-08-23,31.559999465942383,31.75,31.309999465942383,31.59000015258789,14201700,25.816442489624023,25.791924889190597
2012-08-24,31.34000015258789,32.0,31.25,31.950000762939453,14811400,26.11065101623535,25.612137317448358
2012-08-27,32.06999969482422,32.06999969482422,31.75,31.829999923706055,14708300,26.01258087158203,26.208717015796182
2012-08-28,31.719999313354492,32.0,31.559999465942383,31.579999923706055,15993500,25.808263778686523,25.922676102487376
2012-08-29,31.649999618530273,31.889999389648438,31.459999084472656,31.489999771118164,15845300,25.734724044799805,25.86548149002968
2012-08-30,31.299999237060547,31.3799991607666,31.15999984741211,31.170000076293945,17984700,25.473207473754883,25.579447306463134
2012-08-31,31.459999084472656,31.760000228881836,31.1299991607666,31.649999618530273,21240300,25.865476608276367,25.710201586840032
2012-09-04,31.6299991607666,31.799999237060547,31.219999313354492,31.56999969482422,16654700,25.800085067749023,25.849118686383704
2012-09-05,31.649999618530273,32.11000061035156,31.610000610351562,32.06999969482422,22994600,26.208715438842773,25.865476817432473
2012-09-06,32.18000030517578,32.790000915527344,32.15999984741211,32.630001068115234,22699700,26.666364669799805,26.298608492863686
2012-09-07,32.63999938964844,32.63999938964844,32.27000045776367,32.599998474121094,19068700,26.641845703125,26.674535834086484
2012-09-10,32.59000015258789,32.75,32.29999923706055,32.310001373291016,18589900,26.404857635498047,26.633682382981927
2012-09-11,32.290000915527344,32.459999084472656,32.15999984741211,32.31999969482422,21554800,26.413021087646484,26.388505048115118
2012-09-12,32.5,32.5,32.2400016784668,32.2599983215332,20602100,26.363988876342773,26.560126567310313
2012-09-13,32.31999969482422,32.790000915527344,32.09000015258789,32.619998931884766,27451700,26.658191680908203,26.413021925311764
2012-09-14,32.650001525878906,33.0,32.599998474121094,32.95000076293945,23162900,26.927885055541992,26.682715259327516
2012-09-17,32.810001373291016,33.130001068115234,32.75,33.099998474121094,25017900,27.050457000732422,26.813461397470558
2012-09-18,33.099998474121094,33.27000045776367,32.939998626708984,33.02000045776367,25285000,26.98508644104004,27.05046358690889
2012-09-19,33.0099983215332,33.08000183105469,32.560001373291016,32.779998779296875,20913400,26.788951873779297,26.976915476506814
2012-09-20,32.599998474121094,32.880001068115234,32.189998626708984,32.2599983215332,38005700,26.363988876342773,26.641848786670135
2012-09-21,33.029998779296875,33.290000915527344,32.279998779296875,32.470001220703125,62905800,26.535602569580078,26.993251848795506
2012-09-24,32.25,32.439998626708984,32.08000183105469,32.220001220703125,18511200,26.331300735473633,26.355816776734844
2012-09-25,32.18000030517578,32.22999954223633,31.25,31.299999237060547,30757800,25.579444885253906,26.29861227725069
2012-09-26,31.020000457763672,31.079999923706055,30.56999969482422,30.729999542236328,29234500,25.113622665405273,25.3506214832922
2012-09-27,30.760000228881836,31.420000076293945,30.700000762939453,31.219999313354492,23400200,25.514062881469727,25.13813572500648
2012-09-28,31.1299991607666,31.610000610351562,31.06999969482422,31.459999084472656,27014800,25.7101993560791,25.440512004747895
2012-10-01,31.709999084472656,32.0,31.540000915527344,31.670000076293945,28412900,25.881820678710938,25.914509253214053
2012-10-02,31.790000915527344,32.0099983215332,31.399999618530273,31.649999618530273,21859900,25.865476608276367,25.97989052032223
2012-10-03,31.809999465942383,32.04999923706055,31.690000534057617,31.81999969482422,19700800,26.00439453125,25.99622200140273
2012-10-04,31.850000381469727,31.979999542236328,31.649999618530273,31.899999618530273,25156900,26.069780349731445,26.028919248057154
2012-10-05,32.04999923706055,32.09000015258789,31.280000686645508,31.389999389648438,31239000,25.65300178527832,26.192376668781172
2012-10-08,31.200000762939453,31.3799991607666,30.860000610351562,31.18000030517578,22261500,25.48137092590332,25.497715989340648
2012-10-09,31.059999465942383,31.100000381469727,30.440000534057617,30.649999618530273,23311300,25.04824447631836,25.38331059511279
2012-10-10,30.579999923706055,30.719999313354492,30.43000030517578,30.579999923706055,23103700,25.040050506591797,25.040050506591797
2012-10-11,30.729999542236328,31.09000015258789,30.6200008392334,30.719999313354492,20436300,25.154687881469727,25.162876444031202
2012-10-12,30.68000030517578,31.190000534057617,30.68000030517578,31.0,18639800,25.383962631225586,25.121934879760374
2012-10-15,31.059999465942383,31.3799991607666,31.020000457763672,31.299999237060547,26143200,25.62961769104004,25.43309684344805
2012-10-16,31.399999618530273,31.889999389648438,31.280000686645508,31.8700008392334,22024500,26.09635353088379,25.71149888098003
2012-10-17,31.530000686645508,31.700000762939453,31.209999084472656,31.229999542236328,28326200,25.572298049926758,25.81795026871002
2012-10-18,31.139999389648438,31.239999771118164,30.760000228881836,31.1200008392334,26013900,25.48222541809082,25.498600982228613
2012-10-19,31.06999969482422,31.25,30.399999618530273,30.479999542236328,26239700,24.95816993713379,25.441284251188108
2012-10-22,30.59000015258789,30.889999389648438,30.309999465942383,30.799999237060547,17338400,25.220195770263672,25.04824063542056
2012-10-23,30.520000457763672,30.84000015258789,30.450000762939453,30.59000015258789,21384700,25.048246383666992,24.99092799223213
2012-10-24,30.899999618530273,30.950000762939453,30.3700008392334,30.600000381469727,21642700,25.05643653869629,25.302087249524934
2012-10-25,30.8700008392334,31.219999313354492,30.709999084472656,30.860000610351562,20696000,25.269325256347656,25.27751381860479
2012-10-26,30.809999465942383,31.100000381469727,30.610000610351562,30.989999771118164,19815600,25.375776290893555,25.228385277335367
2012-10-31,31.239999771118164,31.389999389648438,30.860000610351562,31.079999923706055,21844400,25.44947052001953,25.580484400647514
2012-11-01,31.200000762939453,31.520000457763672,30.93000030517578,31.479999542236328,22886100,25.777008056640625,25.547734521229625
2012-11-02,31.799999237060547,31.809999465942383,31.18000030517578,31.209999084472656,17251200,25.55591583251953,26.03903004857253
2012-11-05,30.950000762939453,31.350000381469727,30.770000457763672,31.25,13590100,25.588674545288086,25.343023894376817
2012-11-06,31.43000030517578,31.90999984741211,31.329999923706055,31.6299991607666,15018800,25.89983367919922,25.736067089465713
2012-11-07,31.299999237060547,31.350000381469727,30.760000228881836,30.790000915527344,22295700,25.212011337280273,25.62961715352449
2012-11-08,30.729999542236328,30.979999542236328,30.40999984741211,30.420000076293945,17902800,24.90904426574707,25.162883529394357
2012-11-09,30.399999618530273,30.729999542236328,30.270000457763672,30.350000381469727,15537900,24.85171890258789,24.89266015363088
2012-11-12,30.40999984741211,30.549999237060547,30.09000015258789,30.299999237060547,10964600,24.810779571533203,24.900852210638377
2012-11-13,30.079999923706055,30.5,29.889999389648438,30.020000457763672,20901000,24.58150291442871,24.63063272870043
2012-11-14,30.100000381469727,30.149999618530273,29.520000457763672,29.579999923706055,22562900,24.221216201782227,24.64701212960526
2012-11-15,29.579999923706055,30.06999969482422,29.559999465942383,29.950000762939453,26295000,24.52418327331543,24.221212717005173
2012-11-16,30.030000686645508,30.1299991607666,29.780000686645508,30.0,25491700,24.565122604370117,24.589688289225524
2012-11-19,30.25,30.260000228881836,29.850000381469727,30.139999389648438,22551100,24.67976188659668,24.76983451187315
2012-11-20,30.020000457763672,30.200000762939453,29.780000686645508,30.200000762939453,17448200,24.7288875579834,24.581496591273325
2012-11-21,30.190000534057617,30.530000686645508,30.1299991607666,30.399999618530273,17423900,24.89266014099121,24.72070501252763
2012-11-23,30.649999618530273,31.059999465942383,30.579999923706055,30.920000076293945,8211500,25.318452835083008,25.09736635906513
2012-11-26,30.719999313354492,30.969999313354492,30.579999923706055,30.959999084472656,15644900,25.351213455200195,25.154692602269446
2012-11-27,31.200000762939453,31.770000457763672,31.15999984741211,31.219999313354492,24696300,25.564102172851562,25.547726612397906
2012-11-28,31.149999618530273,31.81999969482422,30.989999771118164,31.799999237060547,21603200,26.039031982421875,25.506787917593517
2012-11-29,31.920000076293945,32.13999938964844,31.809999465942383,31.84000015258789,22205300,26.07178497314453,26.13729190777822
2012-11-30,31.850000381469727,32.2400016784668,31.75,32.18000030517578,26610600,26.350194931030273,26.079978578189497
2012-12-03,32.369998931884766,32.5,32.209999084472656,32.310001373291016,22159300,26.45664405822754,26.505772315256635
2012-12-04,32.220001220703125,32.470001220703125,32.0099983215332,32.380001068115234,17391100,26.513957977294922,26.382944107908873
2012-12-05,31.950000762939453,32.119998931884766,31.309999465942383,32.0,30775300,26.202802658081055,26.1618614036513
2012-12-06,31.989999771118164,32.11000061035156,31.899999618530273,32.029998779296875,25132600,26.227367401123047,26.194614709172846
2012-12-07,32.150001525878906,32.16999816894531,31.770000457763672,31.920000076293945,18421100,26.137290954589844,26.325624751375898
2012-12-10,31.920000076293945,32.22999954223633,31.920000076293945,32.06999969482422,20712600,26.260122299194336,26.137296968202108
2012-12-11,32.18000030517578,32.5,32.02000045776367,32.34000015258789,25716300,26.48120880126953,26.350194906789003
2012-12-12,32.209999084472656,32.380001068115234,31.829999923706055,31.940000534057617,20205300,26.300060272216797,26.52238269020658
2012-12-13,31.93000030517578,32.0099983215332,31.389999389648438,31.610000610351562,20608200,26.0283260345459,26.291820378962722
2012-12-14,31.540000915527344,32.11000061035156,31.440000534057617,31.959999084472656,21930800,26.3165225982666,25.97068744116706
2012-12-17,32.0,32.470001220703125,31.799999237060547,32.31999969482422,24047300,26.61295509338379,26.34946073729884
2012-12-18,32.4900016784668,32.95000076293945,32.349998474121094,32.880001068115234,37797600,27.07406997680664,26.752936448119108
2012-12-19,33.86000061035156,34.349998474121094,33.83000183105469,34.09000015258789,60937600,28.070415496826172,27.88102908773977
2012-12-20,34.09000015258789,34.25,33.93000030517578,33.939998626708984,28119900,27.946903228759766,28.070417615840654
2012-12-21,33.5099983215332,33.91999816894531,33.20000076293945,33.7599983215332,45601600,27.798675537109375,27.59282040589497
2012-12-24,33.459999084472656,33.63999938964844,33.41999816894531,33.61000061035156,6451900,27.675172805786133,27.55165843284822
2012-12-26,33.66999816894531,33.849998474121094,33.34000015258789,33.61000061035156,13282100,27.675172805786133,27.724576042080507
2012-12-27,33.540000915527344,33.619998931884766,33.0,33.27000045776367,21600200,27.39521026611328,27.61753425801622
2012-12-28,33.040000915527344,33.4900016784668,33.0,33.02000045776367,16792100,27.189348220825195,27.205817009534268
2012-12-31,32.90999984741211,33.459999084472656,32.689998626708984,33.31999969482422,25320000,27.436384201049805,27.098781756902188
2013-01-02,34.08000183105469,34.7400016784668,33.93000030517578,34.689998626708984,33758400,28.564464569091797,28.062180552184653
2013-01-03,34.630001068115234,34.75,34.13999938964844,34.310001373291016,21819500,28.251558303833008,28.5150526108479
2013-01-04,34.45000076293945,34.75,34.400001525878906,34.61000061035156,21687300,28.498598098754883,28.366850879256248
2013-01-07,34.439998626708984,34.52000045776367,34.209999084472656,34.43000030517578,14008300,28.350366592407227,28.35859941489525
2013-01-08,34.150001525878906,34.5099983215332,34.060001373291016,34.439998626708984,17408900,28.358610153198242,28.119820517428046
2013-01-09,34.5,34.79999923706055,34.380001068115234,34.459999084472656,18932700,28.375076293945312,28.4080138754912
2013-01-10,34.560001373291016,34.91999816894531,34.40999984741211,34.90999984741211,17843600,28.7456111907959,28.45741525557871
2013-01-11,34.959999084472656,35.0,34.779998779296875,34.86000061035156,15105200,28.70444107055664,28.78678186967591
2013-01-14,34.83000183105469,35.0,34.599998474121094,34.959999084472656,14589400,28.78677749633789,28.67973510196494
2013-01-15,34.56999969482422,34.880001068115234,34.52000045776367,34.70000076293945,16263600,28.572696685791016,28.46565112364646
2013-01-16,34.630001068115234,34.869998931884766,34.560001373291016,34.63999938964844,17608200,28.52328872680664,28.515055902993133
2013-01-17,34.7599983215332,34.810001373291016,34.599998474121094,34.619998931884766,17827100,28.506820678710938,28.622099061696712
2013-01-18,34.59000015258789,35.130001068115234,34.40999984741211,35.11000061035156,30088900,28.910297393798828,28.48211831041747
2013-01-22,34.95000076293945,34.97999954223633,34.529998779296875,34.93000030517578,19309500,28.762081146240234,28.778549934792622
2013-01-23,34.959999084472656,35.20000076293945,34.689998626708984,34.689998626708984,17235800,28.564464569091797,28.7867885476085
2013-01-24,34.880001068115234,35.400001525878906,34.810001373291016,34.939998626708984,18662000,28.770313262939453,28.720910039596617
2013-01-25,35.0,35.400001525878906,34.880001068115234,35.380001068115234,18061300,29.132619857788086,28.81971917014703
2013-01-28,35.40999984741211,35.790000915527344,35.380001068115234,35.540000915527344,20119500,29.264379501342773,29.15733390497527
2013-01-29,35.36000061035156,35.869998931884766,35.06999969482422,35.779998779296875,18284800,29.461986541748047,29.1161514153314
2013-01-30,35.7599983215332,35.880001068115234,35.290000915527344,35.380001068115234,14249900,29.132619857788086,29.44551740432903
2013-01-31,35.27000045776367,35.689998626708984,35.25,35.5099983215332,19077700,29.239665985107422,29.042046787544546
2013-02-01,35.869998931884766,36.310001373291016,35.810001373291016,36.209999084472656,27725700,29.816057205200195,29.536094094025074
2013-02-04,35.810001373291016,36.0,35.029998779296875,35.130001068115234,23595800,28.92677879333496,29.48670528946801
2013-02-05,35.209999084472656,35.720001220703125,35.13999938964844,35.47999954223633,16662700,29.214950561523438,28.992626713526647
2013-02-06,35.310001373291016,35.41999816894531,35.0099983215332,35.099998474121094,15603500,28.902063369750977,29.074984092357717
2013-02-07,35.150001525878906,35.189998626708984,34.45000076293945,34.560001373291016,26869300,28.457422256469727,28.94324062471062
2013-02-08,34.7599983215332,34.97999954223633,34.5,34.900001525878906,19255700,28.737388610839844,28.62210705456077
2013-02-11,34.97999954223633,35.040000915527344,34.54999923706055,34.959999084472656,12648800,28.78677749633789,28.803246281879808
2013-02-12,34.88999938964844,35.25,34.849998474121094,35.11000061035156,14666300,28.910297393798828,28.7291438589951
2013-02-13,35.209999084472656,35.2599983215332,34.880001068115234,34.9900016784668,13176800,28.81148338317871,28.99263374909541
2013-02-14,34.869998931884766,35.06999969482422,34.689998626708984,34.900001525878906,15886800,28.737388610839844,28.712683849658
2013-02-15,34.79999923706055,34.9900016784668,34.650001525878906,34.810001373291016,18406000,28.663270950317383,28.65503498566511
2013-02-19,34.93000030517578,35.40999984741211,34.81999969482422,35.400001525878906,16446000,29.149084091186523,28.762075489076146
2013-02-20,35.5,35.59000015258789,35.0,35.0099983215332,16263700,28.827953338623047,29.231430807915
2013-02-21,34.95000076293945,34.95000076293945,34.16999816894531,34.279998779296875,20923100,28.22685432434082,28.77854770423441
2013-02-22,34.5099983215332,34.779998779296875,34.130001068115234,34.75,13754700,28.61386489868164,28.416242579167804
2013-02-25,35.06999969482422,35.43000030517578,34.27000045776367,34.279998779296875,19992900,28.22685432434082,28.87735728678998
2013-02-26,34.279998779296875,34.56999969482422,34.08000183105469,34.31999969482422,15839500,28.259801864624023,28.22686427845683
2013-02-27,34.25,34.970001220703125,34.060001373291016,34.68000030517578,15671400,28.556232452392578,28.20216127127535
2013-02-28,34.70000076293945,34.86000061035156,34.220001220703125,34.2400016784668,23816400,28.19392204284668,28.572694755803617
2013-03-01,34.119998931884766,34.83000183105469,34.0,34.630001068115234,20376000,28.515050888061523,28.095104702122136
2013-03-04,34.529998779296875,35.08000183105469,34.400001525878906,35.04999923706055,14750500,28.86088752746582,28.43270849601296
2013-03-05,35.220001220703125,35.68000030517578,35.209999084472656,35.459999084472656,15410100,29.198488235473633,29.000869087624245
2013-03-06,35.5,35.93000030517578,35.47999954223633,35.86000061035156,21340800,29.527854919433594,29.231423084173112
2013-03-07,35.939998626708984,36.130001068115234,35.7599983215332,35.939998626708984,15098100,29.593734741210938,29.593734741210938
2013-03-08,35.939998626708984,36.09000015258789,35.66999816894531,35.709999084472656,14985000,29.40435028076172,29.5937366509023
2013-03-11,35.70000076293945,35.97999954223633,35.63999938964844,35.880001068115234,14111600,29.544330596923828,29.396114644712323
2013-03-12,35.849998474121094,35.849998474121094,35.15999984741211,35.43000030517578,18411100,29.17379379272461,29.519628956952438
2013-03-13,35.81999969482422,35.849998474121094,35.349998474121094,35.58000183105469,21228800,29.297313690185547,29.494932923967973
2013-03-14,35.79999923706055,36.33000183105469,35.619998931884766,36.29999923706055,21040700,29.89017105102539,29.478460697316777
2013-03-15,36.11000061035156,36.43000030517578,36.099998474121094,36.34000015258789,56178100,29.923110961914062,29.73372456140143
2013-03-18,36.099998474121094,36.41999816894531,36.0,36.040000915527344,20654800,29.676090240478516,29.725493484590793
2013-03-19,36.18000030517578,36.22999954223633,35.40999984741211,35.689998626708984,20548800,29.387882232666016,29.791359738260944
2013-03-20,35.97999954223633,36.06999969482422,35.400001525878906,35.77000045776367,41088100,29.453752517700195,29.626670073860268
2013-03-21,32.779998779296875,32.939998626708984,32.18000030517578,32.29999923706055,132669500,26.59648895263672,26.991730526132216
2013-03-22,32.400001525878906,32.5,31.639999389648438,31.979999542236328,64333500,26.332996368408203,26.678834732019727
2013-03-25,32.04999923706055,32.20000076293945,31.15999984741211,31.25,39694400,25.731897354125977,26.39063329817145
2013-03-26,31.40999984741211,31.790000915527344,31.40999984741211,31.540000915527344,29420300,25.970687866210938,25.863642302980384
2013-03-27,31.40999984741211,32.11000061035156,31.290000915527344,31.950000762939453,35028500,26.308286666870117,25.863638825028918
2013-03-28,31.889999389648438,32.38999938964844,31.790000915527344,32.33000183105469,23676700,26.62118911743164,26.25888204841205
2013-04-01,32.36000061035156,32.459999084472656,32.040000915527344,32.40999984741211,18677600,26.687061309814453,26.64589090835932
2013-04-02,32.650001525878906,32.939998626708984,32.529998779296875,32.7400016784668,22619600,26.95879554748535,26.884687557611446
2013-04-03,32.93000030517578,32.939998626708984,32.20000076293945,32.400001525878906,25545200,26.678823471069336,27.115235298440695
2013-04-04,32.36000061035156,32.5099983215332,32.22999954223633,32.369998931884766,18163800,26.65412139892578,26.645888575795567
2013-04-05,31.770000457763672,32.119998931884766,31.670000076293945,32.029998779296875,24415300,26.374164581298828,26.160076576793177
2013-04-08,32.06999969482422,32.36000061035156,31.899999618530273,32.36000061035156,14134400,26.645891189575195,26.40709846107485
2013-04-09,32.5,33.08000183105469,32.459999084472656,33.040000915527344,30087400,27.205821990966797,26.76117403770685
2013-04-10,33.150001525878906,33.95000076293945,33.150001525878906,33.72999954223633,35941000,27.773971557617188,27.296389327305736
2013-04-11,33.619998931884766,33.91999816894531,33.560001373291016,33.619998931884766,23080700,27.683399200439453,27.683399200439453
2013-04-12,33.63999938964844,33.66999816894531,33.02000045776367,33.459999084472656,18408200,27.551654815673828,27.699870787300092
2013-04-15,33.38999938964844,33.5,32.79999923706055,32.79999923706055,19617500,27.00819969177246,27.494018054879778
2013-04-16,32.95000076293945,33.4900016784668,32.90999984741211,33.41999816894531,17310600,27.518718719482422,27.131713120338496
2013-04-17,33.099998474121094,33.130001068115234,32.45000076293945,32.4900016784668,25277000,26.75293731689453,27.255221256401427
2013-04-18,32.650001525878906,32.79999923706055,31.899999618530273,32.119998931884766,24892500,26.448266983032227,26.88468200712308
2013-04-19,31.75,32.459999084472656,31.670000076293945,32.369998931884766,30391400,26.65412139892578,26.143601555152078
2013-04-22,32.4900016784668,32.65999984741211,32.15999984741211,32.52000045776367,18754900,26.777647018432617,26.752945397532002
2013-04-23,32.720001220703125,33.0,32.369998931884766,32.459999084472656,23964900,26.728227615356445,26.94231869587564
2013-04-24,32.4900016784668,32.83000183105469,32.439998626708984,32.5099983215332,22601800,26.769407272338867,26.752941621463407
2013-04-25,32.560001373291016,32.58000183105469,32.209999084472656,32.27000045776367,25910200,26.571781158447266,26.810573868513313
2013-04-26,32.20000076293945,32.529998779296875,32.16999816894531,32.36000061035156,22376200,26.645891189575195,26.514144018868162
2013-04-29,32.38999938964844,32.5,32.13999938964844,32.2400016784668,31381300,26.547080993652344,26.670592196515
2013-04-30,32.220001220703125,32.869998931884766,32.220001220703125,32.779998779296875,50028100,26.991729736328125,26.530616151293078
2013-05-01,32.75,33.619998931884766,32.720001220703125,33.15999984741211,32712000,27.304630279541016,26.967027918269306
2013-05-02,33.11000061035156,33.779998779296875,32.97999954223633,33.689998626708984,22992700,27.741037368774414,27.26345508021859
2013-05-03,33.93000030517578,33.95000076293945,33.279998779296875,33.380001068115234,23976800,27.485780715942383,27.938661421156674
2013-05-06,33.439998626708984,33.5099983215332,33.08000183105469,33.5099983215332,17964500,27.592817306518555,27.535178127540874
2013-05-07,33.529998779296875,33.790000915527344,33.189998626708984,33.2599983215332,17955000,27.386974334716797,27.609298326908586
2013-05-08,33.09000015258789,33.56999969482422,33.09000015258789,33.459999084472656,21382700,27.551654815673828,27.24699004782009
2013-05-09,33.29999923706055,34.0,33.279998779296875,33.70000076293945,18722100,27.74927520751953,27.419905706814706
2013-05-10,33.83000183105469,34.029998779296875,33.650001525878906,34.02000045776367,17364100,28.01276397705078,27.856315222954777
2013-05-13,33.95000076293945,34.0,33.650001525878906,33.779998779296875,12193400,27.81515121459961,27.955134371872497
2013-05-14,33.650001525878906,34.25,33.54999923706055,33.66999816894531,23560400,27.724576950073242,27.70811129816985
2013-05-15,33.7400016784668,34.099998474121094,33.709999084472656,33.9900016784668,18360500,27.98807144165039,27.782216263218746
2013-05-16,34.09000015258789,34.61000061035156,34.09000015258789,34.369998931884766,25526300,28.300962448120117,28.070405707222196
2013-05-17,34.59000015258789,35.029998779296875,34.439998626708984,35.029998779296875,26986800,28.84442710876465,28.48212311908924
2013-05-20,34.810001373291016,35.029998779296875,34.560001373291016,34.900001525878906,18326400,28.737388610839844,28.66328060949677
2013-05-21,34.900001525878906,35.31999969482422,34.900001525878906,35.099998474121094,19682900,28.902063369750977,28.737381753707194
2013-05-22,35.06999969482422,35.150001525878906,33.91999816894531,34.119998931884766,33742400,28.095115661621094,28.877366017686327
2013-05-23,33.95000076293945,34.40999984741211,33.86000061035156,34.22999954223633,20442500,28.18568229675293,27.955125570422787
2013-05-24,33.689998626708984,34.13999938964844,33.41999816894531,34.04999923706055,22642500,28.037471771240234,27.741039842414366
2013-05-28,34.66999816894531,34.779998779296875,34.2599983215332,34.529998779296875,21432200,28.432716369628906,28.547994767500782
2013-05-29,34.400001525878906,34.560001373291016,34.119998931884766,34.400001525878906,16004800,28.325674057006836,28.325674057006836
2013-05-30,34.4900016784668,34.790000915527344,34.34000015258789,34.34000015258789,17928400,28.276262283325195,28.39977662432124
2013-05-31,34.119998931884766,34.459999084472656,33.75,33.779998779296875,24412100,27.81515121459961,28.09511438804458
2013-06-03,33.849998474121094,34.400001525878906,33.72999954223633,34.38999938964844,19782700,28.317434310913086,27.872786427090173
2013-06-04,34.34000015258789,34.75,33.959999084472656,34.15999984741211,20324900,28.1280574798584,28.27627349136286
2013-06-05,34.099998474121094,34.61000061035156,34.0,34.119998931884766,22005600,28.095115661621094,28.078646869365926
2013-06-06,33.97999954223633,33.97999954223633,33.130001068115234,33.349998474121094,29158700,27.461084365844727,27.979840386043936
2013-06-07,33.59000015258789,34.029998779296875,33.31999969482422,33.810001373291016,20548900,27.83985710144043,27.658703528599823
2013-06-10,33.97999954223633,34.09000015258789,33.81999969482422,34.04999923706055,16901500,28.037471771240234,27.979832578535248
2013-06-11,33.65999984741211,34.150001525878906,33.4900016784668,33.56999969482422,15274500,27.64223861694336,27.716346621590716
2013-06-12,33.83000183105469,33.869998931884766,33.5,33.52000045776367,13731100,27.601064682006836,27.856326252378757
2013-06-13,33.470001220703125,34.31999969482422,33.40999984741211,34.25,15727400,28.202152252197266,27.559885264452493
2013-06-14,34.150001525878906,34.31999969482422,33.70000076293945,33.77000045776367,17551400,27.80691146850586,28.11981214708991
2013-06-17,34.029998779296875,34.630001068115234,34.0,34.27000045776367,19398200,28.218618392944336,28.02099610850149
2013-06-18,34.2599983215332,34.59000015258789,34.209999084472656,34.400001525878906,16949300,28.325674057006836,28.21039251754965
2013-06-19,34.43000030517578,34.59000015258789,34.08000183105469,34.09000015258789,19408400,28.070415496826172,28.35037869745414
2013-06-20,33.880001068115234,34.02000045776367,33.029998779296875,33.209999084472656,35222400,27.345792770385742,27.897486112918944
2013-06-21,30.709999084472656,30.84000015258789,29.979999542236328,30.139999389648438,140813500,24.81789779663086,25.287247314106853
2013-06-24,30.1200008392334,30.440000534057617,30.030000686645508,30.170000076293945,78919200,24.842601776123047,24.801431370678433
2013-06-25,30.5,30.530000686645508,29.889999389648438,29.959999084472656,64051500,24.669677734375,25.1143255637947
2013-06-26,30.190000534057617,30.229999542236328,29.860000610351562,30.139999389648438,52429800,24.81789779663086,24.85906977130873
2013-06-27,30.309999465942383,31.139999389648438,30.290000915527344,30.450000762939453,43014900,25.073152542114258,24.957872614766153
2013-06-28,30.280000686645508,30.809999465942383,30.25,30.709999084472656,39787100,25.28724479675293,24.933175273072468
2013-07-01,30.889999389648438,30.979999542236328,30.06999969482422,30.110000610351562,33962900,24.793193817138672,25.43546085533961
2013-07-02,30.09000015258789,30.350000381469727,29.950000762939453,30.100000381469727,33114500,24.78495979309082,24.776725398817835
2013-07-03,30.049999237060547,30.799999237060547,30.040000915527344,30.700000762939453,18629700,25.279014587402344,24.743789908373593
2013-07-05,30.989999771118164,31.200000762939453,30.540000915527344,31.190000534057617,22193800,25.6824951171875,25.51781032944543
2013-07-08,31.350000381469727,31.649999618530273,31.25,31.649999618530273,28904300,26.06125831604004,25.81423279610694
2013-07-09,31.5,31.600000381469727,31.229999542236328,31.520000457763672,28854300,25.954214096069336,25.937745309417085
2013-07-10,31.360000610351562,31.440000534057617,31.049999237060547,31.229999542236328,28458600,25.813705444335938,25.921160113851293
2013-07-11,31.56999969482422,32.0,31.56999969482422,31.860000610351562,33193000,26.334442138671875,26.094736797058182
2013-07-12,31.899999618530273,32.0,31.239999771118164,31.25,157674700,25.83023452758789,26.367503090451237
2013-07-15,31.479999542236328,32.04999923706055,31.31999969482422,32.0099983215332,36543400,26.458423614501953,26.020343859640725
2013-07-16,31.989999771118164,32.150001525878906,31.860000610351562,32.0,22531400,26.450159072875977,26.441893208979423
2013-07-17,32.06999969482422,32.439998626708984,32.04999923706055,32.15999984741211,22357000,26.582412719726562,26.508021512877033
2013-07-18,31.959999084472656,32.459999084472656,31.809999465942383,32.0099983215332,23615600,26.458423614501953,26.417095871174332
2013-07-19,32.029998779296875,32.029998779296875,31.510000228881836,31.860000610351562,28512000,26.334442138671875,26.474957105966507
2013-07-22,31.790000915527344,31.899999618530273,31.700000762939453,31.8700008392334,16760100,26.34270668029785,26.276581343958338
2013-07-23,31.8700008392334,32.189998626708984,31.809999465942383,32.06999969482422,16771000,26.508026123046875,26.342713527504923
2013-07-24,32.380001068115234,32.560001373291016,32.29999923706055,32.38999938964844,20003600,26.772518157958984,26.764253871146977
2013-07-25,32.40999984741211,32.40999984741211,31.969999313354492,32.369998931884766,21050300,26.7559871673584,26.78905062172503
2013-07-26,32.36000061035156,32.599998474121094,32.15999984741211,32.540000915527344,17308500,26.896507263183594,26.747724860623013
2013-07-29,32.38999938964844,32.560001373291016,32.16999816894531,32.47999954223633,16119300,26.846908569335938,26.77251737777784
2013-07-30,32.599998474121094,32.709999084472656,32.4900016784668,32.54999923706055,18340700,26.904773712158203,26.94610145994392
2013-07-31,32.58000183105469,32.75,31.950000762939453,32.349998474121094,30540500,26.739459991455078,26.929573309869795
2013-08-01,32.619998931884766,32.83000183105469,32.400001525878906,32.75,15797000,27.070083618164062,26.962628968260855
2013-08-02,32.619998931884766,32.70000076293945,32.47999954223633,32.56999969482422,18998100,26.92129898071289,26.962626718579845
2013-08-05,32.59000015258789,32.900001525878906,32.54999923706055,32.779998779296875,11151300,27.09488296508789,26.937836267531
2013-08-06,32.75,33.220001220703125,32.70000076293945,33.0,18620900,27.276721954345703,27.070080121358234
2013-08-07,32.77000045776367,33.0,32.68000030517578,32.81999969482422,17416900,27.12794303894043,27.086615297697858
2013-08-08,32.90999984741211,33.099998474121094,32.7599983215332,33.02000045776367,14204600,27.293245315551758,27.20232243240323
2013-08-09,32.90999984741211,33.11000061035156,32.70000076293945,32.91999816894531,11646000,27.210601806640625,27.202337518636156
2013-08-12,32.810001373291016,33.34000015258789,32.75,33.25,11746400,27.48337173461914,27.119683138511924
2013-08-13,33.38999938964844,33.459999084472656,33.11000061035156,33.25,12738700,27.48337173461914,27.599090690057572
2013-08-14,33.2599983215332,33.650001525878906,33.22999954223633,33.56999969482422,19684400,27.747873306274414,27.49163622229921
2013-08-15,33.2400016784668,33.2400016784668,32.540000915527344,32.72999954223633,19574600,27.05355453491211,27.475105735596607
2013-08-16,32.599998474121094,32.849998474121094,32.29999923706055,32.40999984741211,19504100,26.789058685302734,26.946105411158868
2013-08-19,32.400001525878906,32.70000076293945,32.0099983215332,32.060001373291016,13385600,26.499753952026367,26.78078701507348
2013-08-20,32.060001373291016,32.41999816894531,32.0,32.20000076293945,13870200,26.6154727935791,26.499753853889068
2013-08-21,32.189998626708984,32.619998931884766,32.099998474121094,32.29999923706055,11955400,26.698139190673828,26.60721622858114
2013-08-22,32.41999816894531,32.529998779296875,32.130001068115234,32.400001525878906,10271600,26.780790328979492,26.79731890552345
2013-08-23,32.380001068115234,32.65999984741211,31.770000457763672,31.770000457763672,27128400,26.260047912597656,26.764254554830526
2013-08-26,31.760000228881836,32.599998474121094,31.760000228881836,32.34000015258789,18888600,26.731189727783203,26.25178070089593
2013-08-27,31.649999618530273,32.20000076293945,31.600000381469727,31.780000686645508,16061600,26.268321990966797,26.1608673074351
2013-08-28,31.790000915527344,31.90999984741211,31.65999984741211,31.65999984741211,15919100,26.16912269592285,26.276577336431533
2013-08-29,31.56999969482422,31.979999542236328,31.559999465942383,31.700000762939453,14012100,26.202186584472656,26.094731942171247
2013-08-30,31.739999771118164,32.099998474121094,31.709999084472656,31.860000610351562,14044300,26.334442138671875,26.23525334090527
2013-09-03,32.16999816894531,32.369998931884766,31.81999969482422,32.02000045776367,14647300,26.466686248779297,26.59066945624727
2013-09-04,32.0099983215332,32.4900016784668,31.959999084472656,32.31999969482422,13040800,26.71466064453125,26.458423591158557
2013-09-05,32.380001068115234,32.52000045776367,32.15999984741211,32.2599983215332,11437900,26.66506576538086,26.764256134138574
2013-09-06,32.29999923706055,32.459999084472656,31.850000381469727,32.20000076293945,12625400,26.6154727935791,26.69812827818495
2013-09-09,32.310001373291016,32.88999938964844,32.25,32.75,12400500,27.070083618164062,26.70639508024377
2013-09-10,32.79999923706055,32.9900016784668,32.75,32.86000061035156,15918900,27.161001205444336,27.111406033745762
2013-09-11,32.869998931884766,33.22999954223633,32.7400016784668,33.02000045776367,19692300,27.293245315551758,27.169258992512276
2013-09-12,33.0099983215332,33.11000061035156,32.7400016784668,32.790000915527344,16250100,27.103153228759766,27.28499596247201
2013-09-13,32.84000015258789,32.869998931884766,32.349998474121094,32.459999084472656,17638400,26.830373764038086,27.144470220471522
2013-09-16,32.84000015258789,33.150001525878906,32.779998779296875,32.970001220703125,25316900,27.251935958862305,27.14448128334851
2013-09-17,32.9900016784668,33.43000030517578,32.93000030517578,33.2599983215332,20282300,27.491634368896484,27.268463912895424
2013-09-18,33.209999084472656,33.90999984741211,33.130001068115234,33.869998931884766,39152100,27.995840072631836,27.45030565400755
2013-09-19,33.63999938964844,34.0,33.25,33.88999938964844,63316300,28.01237678527832,27.80573487549833
2013-09-20,33.939998626708984,34.130001068115234,33.66999816894531,34.04999923706055,53470400,28.144630432128906,28.053707477796394
2013-09-23,33.79999923706055,34.34000015258789,33.75,33.939998626708984,26293100,28.053701400756836,27.937982448712013
2013-09-24,33.83000183105469,33.88999938964844,33.59000015258789,33.63999938964844,18958300,27.805727005004883,27.962776829971656
2013-09-25,33.7599983215332,34.09000015258789,33.70000076293945,33.869998931884766,19653100,27.995840072631836,27.90491714401033
2013-09-26,33.97999954223633,34.2599983215332,33.689998626708984,33.810001373291016,15621000,27.94624900817871,28.086763973198295
2013-09-27,33.630001068115234,33.95000076293945,33.5099983215332,33.779998779296875,14068700,27.921451568603516,27.79746832468681
2013-09-30,33.4900016784668,33.529998779296875,33.040000915527344,33.16999816894531,25132600,27.417247772216797,27.681752324307595
2013-10-01,33.20000076293945,33.54999923706055,33.060001373291016,33.5,16300300,27.69001007080078,27.442040461981705
2013-10-02,33.310001373291016,33.72999954223633,33.2599983215332,33.68000030517578,19451600,27.838783264160156,27.532954286150087
2013-10-03,33.529998779296875,33.66999816894531,33.08000183105469,33.2400016784668,15480100,27.475107192993164,27.714809390003737
2013-10-04,33.18000030517578,33.4900016784668,33.060001373291016,33.209999084472656,15054900,27.549768447875977,27.524882586806072
2013-10-07,32.86000061035156,33.2400016784668,32.790000915527344,32.84000015258789,14150100,27.242828369140625,27.259419996291303
2013-10-08,32.83000183105469,32.91999816894531,32.27000045776367,32.369998931884766,23780400,26.852928161621094,27.234529187668088
2013-10-09,32.45000076293945,32.459999084472656,32.0,32.189998626708984,19656000,26.7036075592041,26.91929551529778
2013-10-10,32.47999954223633,33.0,32.34000015258789,32.9900016784668,21580700,27.367263793945312,26.944185215964968
2013-10-11,33.08000183105469,33.380001068115234,32.939998626708984,33.2599983215332,14018800,27.59124183654785,27.441923527794142
2013-10-14,33.0099983215332,33.349998474121094,32.88999938964844,33.279998779296875,12882400,27.607833862304688,27.38385164914058
2013-10-15,33.13999938964844,33.2599983215332,32.70000076293945,32.75,20677000,27.168167114257812,27.491695926240325
2013-10-16,32.90999984741211,33.20000076293945,32.88999938964844,33.02000045776367,16398300,27.392148971557617,27.300896607416483
2013-10-17,32.619998931884766,33.04999923706055,32.52000045776367,32.869998931884766,22821900,27.267704010009766,27.060313495132387
2013-10-18,32.75,32.9900016784668,32.54999923706055,32.900001525878906,17472700,27.292604446411133,27.168168819593582
2013-10-21,33.22999954223633,33.400001525878906,32.83000183105469,32.95000076293945,16568800,27.334081649780273,27.56635810859444
2013-10-22,33.09000015258789,33.13999938964844,32.849998474121094,32.900001525878906,19741200,27.292604446411133,27.45022016445451
2013-10-23,32.86000061035156,32.88999938964844,32.439998626708984,32.70000076293945,24610300,27.126680374145508,27.25941017901999
2013-10-24,32.7400016784668,33.25,32.72999954223633,33.06999969482422,26573600,27.433618545532227,27.159864696573205
2013-10-25,33.209999084472656,33.4900016784668,33.0099983215332,33.150001525878906,19820600,27.49998664855957,27.549758352460888
2013-10-28,33.2400016784668,33.459999084472656,33.09000015258789,33.13999938964844,17632800,27.491689682006836,27.574647797345353
2013-10-29,33.2400016784668,33.72999954223633,33.2400016784668,33.709999084472656,15954700,27.96454429626465,27.57465216822142
2013-10-30,33.81999969482422,33.95000076293945,33.41999816894531,33.529998779296875,14959100,27.815217971801758,28.055791755609818
2013-10-31,33.5,33.90999984741211,33.439998626708984,33.5,16171500,27.79033660888672,27.79033660888672
2013-11-01,33.70000076293945,33.81999969482422,33.43000030517578,33.529998779296875,15115800,27.815217971801758,27.956245183337973
2013-11-04,33.70000076293945,33.7599983215332,33.459999084472656,33.709999084472656,12725000,27.96454429626465,27.956250065680337
2013-11-05,33.54999923706055,33.689998626708984,33.40999984741211,33.5,11161500,27.79033660888672,27.831814090322542
2013-11-06,33.65999984741211,34.34000015258789,33.619998931884766,34.06999969482422,25184600,28.26318359375,27.923063222026652
2013-11-07,34.18000030517578,34.459999084472656,33.939998626708984,34.0,17101200,28.205120086669922,28.35444156382051
2013-11-08,33.91999816894531,34.349998474121094,33.7599983215332,34.349998474121094,14028300,28.495468139648438,28.138756042400257
2013-11-11,34.310001373291016,34.630001068115234,34.279998779296875,34.369998931884766,11415100,28.512052536010742,28.462280828247597
2013-11-12,34.459999084472656,34.849998474121094,34.27000045776367,34.70000076293945,16145000,28.78582000732422,28.586723610612335
2013-11-13,34.599998474121094,35.0,34.59000015258789,35.0,14815800,29.034677505493164,28.702851353904617
2013-11-14,34.16999816894531,34.56999969482422,34.060001373291016,34.380001068115234,25790900,28.52035140991211,28.346140930117183
2013-11-15,34.36000061035156,34.93000030517578,34.310001373291016,34.91999816894531,21477700,28.96830940246582,28.503756613445464
2013-11-18,34.880001068115234,35.130001068115234,34.81999969482422,34.93000030517578,15093200,28.976608276367188,28.93513079873298
2013-11-19,34.9900016784668,34.9900016784668,34.630001068115234,34.7599983215332,14532900,28.83558464050293,29.026386757496986
2013-11-20,34.84000015258789,34.970001220703125,34.66999816894531,34.75,12165500,28.827287673950195,28.90194840170129
2013-11-21,34.84000015258789,35.04999923706055,34.709999084472656,34.939998626708984,11773000,28.984905242919922,28.90195027981867
2013-11-22,34.81999969482422,34.970001220703125,34.68000030517578,34.83000183105469,13826300,28.893657684326172,28.885360288829123
2013-11-25,34.91999816894531,34.959999084472656,34.599998474121094,34.779998779296875,14753800,28.852176666259766,28.96831488549713
2013-11-26,34.689998626708984,35.15999984741211,34.61000061035156,34.93000030517578,28403700,28.976608276367188,28.777511953382827
2013-11-27,35.060001373291016,35.400001525878906,35.02000045776367,35.290000915527344,16120200,29.275239944458008,29.08444108893513
2013-11-29,35.099998474121094,35.41999816894531,35.040000915527344,35.290000915527344,11851500,29.275239944458008,29.11762115959271
2013-12-02,35.369998931884766,35.38999938964844,34.959999084472656,35.08000183105469,20284400,29.10104751586914,29.34161818206704
2013-12-03,34.9900016784668,35.11000061035156,34.84000015258789,35.06999969482422,16545300,29.092748641967773,29.026385305726116
2013-12-04,34.900001525878906,35.18000030517578,34.81999969482422,35.06999969482422,20004000,29.092748641967773,28.951724574623665
2013-12-05,35.16999816894531,35.16999816894531,34.81999969482422,34.849998474121094,20839500,28.910245895385742,29.175705587462527
2013-12-06,35.150001525878906,35.5099983215332,35.099998474121094,35.47999954223633,15995300,29.432878494262695,29.159124502038615
2013-12-09,35.47999954223633,35.75,35.400001525878906,35.599998474121094,16795000,29.53242301940918,29.43287640788687
2013-12-10,35.41999816894531,35.470001220703125,34.77000045776367,34.79999923706055,25491700,28.86876106262207,29.383088689520434
2013-12-11,34.95000076293945,35.060001373291016,34.41999816894531,34.560001373291016,17184000,28.669687271118164,28.99321620898993
2013-12-12,33.849998474121094,33.900001525878906,33.290000915527344,33.599998474121094,30946000,27.873294830322266,28.080685426275643
2013-12-13,33.65999984741211,33.70000076293945,33.220001220703125,33.22999954223633,18221200,27.56635093688965,27.92306292842546
2013-12-16,33.400001525878906,33.880001068115234,33.349998474121094,33.540000915527344,22756300,27.823524475097656,27.707386242001224
2013-12-17,33.630001068115234,33.790000915527344,33.380001068115234,33.630001068115234,21782100,27.898174285888672,27.898174285888672
2013-12-18,33.869998931884766,34.7599983215332,33.70000076293945,34.599998474121094,40179900,28.702852249145508,28.09727219345779
2013-12-19,35.52000045776367,36.959999084472656,35.5,36.599998474121094,62855300,30.361980438232422,29.46605475481581
2013-12-20,36.650001525878906,36.79999923706055,36.369998931884766,36.369998931884766,40783000,30.171171188354492,30.403450716665787
2013-12-23,36.529998779296875,37.02000045776367,36.52000045776367,36.93000030517578,18002800,30.63573455810547,30.303908387826617
2013-12-24,36.959999084472656,37.380001068115234,36.880001068115234,37.31999969482422,9670100,30.959272384643555,30.660629376989466
2013-12-26,37.33000183105469,37.75,37.29999923706055,37.689998626708984,11516900,31.266199111938477,30.967559369229367
2013-12-27,37.88999938964844,38.220001220703125,37.779998779296875,37.97999954223633,15373100,31.50677490234375,31.432114170828736
2013-12-30,37.95000076293945,38.11000061035156,37.810001373291016,37.9900016784668,11683000,31.515073776245117,31.481890524119173
2013-12-31,37.939998626708984,38.34000015258789,37.880001068115234,38.2599983215332,11746400,31.739055633544922,31.473595922036594
2014-01-02,37.779998779296875,38.029998779296875,37.54999923706055,37.84000015258789,18162100,31.390642166137695,31.340867281601223
2014-01-03,37.650001525878906,37.86000061035156,37.560001373291016,37.619998931884766,11693900,31.307416915893555,31.332385117525714
2014-01-06,37.63999938964844,37.79999923706055,37.41999816894531,37.470001220703125,15329400,31.182594299316406,31.32406704447659
2014-01-07,37.65999984741211,37.93000030517578,37.5,37.849998474121094,16792200,31.498821258544922,31.34070413771684
2014-01-08,37.790000915527344,37.90999984741211,37.560001373291016,37.720001220703125,16111600,31.390634536743164,31.448888374675295
2014-01-09,37.849998474121094,37.849998474121094,37.459999084472656,37.650001525878906,13623500,31.33238410949707,31.49882185050869
2014-01-10,37.75,38.13999938964844,37.59000015258789,38.11000061035156,15402900,31.715200424194336,31.415607369162192
2014-01-13,37.95000076293945,38.20000076293945,37.70000076293945,37.75,20848300,31.415599822998047,31.582040721880173
2014-01-14,37.779998779296875,38.25,37.709999084472656,38.209999084472656,13486400,31.79842758178711,31.440580581214036
2014-01-15,38.20000076293945,38.56999969482422,38.119998931884766,38.40999984741211,17010900,31.96484375,31.790082282947722
2014-01-16,38.38999938964844,38.77000045776367,38.16999816894531,38.290000915527344,13463000,31.864992141723633,31.94821101129438
2014-01-17,38.119998931884766,38.470001220703125,38.029998779296875,38.209999084472656,14051100,31.79842758178711,31.723529298536988
2014-01-21,38.52000045776367,38.52000045776367,37.79999923706055,38.11000061035156,13540000,31.715200424194336,32.056402920292754
2014-01-22,38.029998779296875,38.279998779296875,37.95000076293945,37.97999954223633,14006300,31.60700798034668,31.64861741436014
2014-01-23,38.16999816894531,38.2599983215332,37.93000030517578,38.150001525878906,14174200,31.748489379882812,31.765130616701544
2014-01-24,37.91999816894531,37.959999084472656,37.11000061035156,37.11000061035156,26815600,30.88300132751465,31.557082579627497
2014-01-27,37.2599983215332,37.369998931884766,36.4900016784668,36.4900016784668,19073800,30.367034912109375,31.007827289929484
2014-01-28,36.599998474121094,37.130001068115234,36.58000183105469,37.099998474121094,13899900,30.874670028686523,30.45856933733174
2014-01-29,37.18000030517578,37.25,36.709999084472656,36.970001220703125,16553600,30.76648712158203,30.941248655653983
2014-01-30,37.189998626708984,37.560001373291016,37.08000183105469,37.400001525878906,12975500,31.124330520629883,30.949565831394978
2014-01-31,37.029998779296875,37.20000076293945,36.68000030517578,36.900001525878906,17039700,30.708242416381836,30.81642634609314
2014-02-03,37.09000015258789,37.09000015258789,35.81999969482422,35.84000015258789,21272600,29.82609748840332,30.866349209993007
2014-02-04,35.650001525878906,36.02000045776367,35.439998626708984,35.959999084472656,16228000,29.92595672607422,29.667976365677852
2014-02-05,35.52000045776367,36.25,35.470001220703125,35.95000076293945,11458400,29.91764259338379,29.559795717937906
2014-02-06,36.119998931884766,36.83000183105469,36.11000061035156,36.720001220703125,14762200,30.55843734741211,30.059114587563666
2014-02-07,36.880001068115234,37.22999954223633,36.709999084472656,37.189998626708984,13114700,30.94957733154297,30.691596859196395
2014-02-10,37.2400016784668,37.439998626708984,37.06999969482422,37.29999923706055,10976900,31.041114807128906,30.991184749687896
2014-02-11,37.5,37.900001525878906,37.38999938964844,37.84000015258789,12066100,31.49050521850586,31.207556578543194
2014-02-12,37.79999923706055,38.25,37.65999984741211,38.06999969482422,12343200,31.681909561157227,31.457214784353678
2014-02-13,37.84000015258789,38.4900016784668,37.779998779296875,38.41999816894531,11683200,31.973180770874023,31.490505541630167
2014-02-14,38.33000183105469,38.33000183105469,37.91999816894531,37.97999954223633,15641400,31.60700798034668,31.89828036763355
2014-02-18,38.060001373291016,38.119998931884766,37.72999954223633,37.970001220703125,10560300,31.598705291748047,31.673603585306346
2014-02-19,37.83000183105469,38.29999923706055,37.79999923706055,37.869998931884766,12491400,31.515472412109375,31.48218676216674
2014-02-20,37.84000015258789,38.349998474121094,37.70000076293945,38.27000045776367,11786000,31.848350524902344,31.490503640103704
2014-02-21,38.33000183105469,38.4900016784668,38.08000183105469,38.099998474121094,13243600,31.706876754760742,31.898285898685725
2014-02-24,38.15999984741211,38.459999084472656,38.040000915527344,38.13999938964844,10388100,31.740150451660156,31.756794855138917
2014-02-25,38.11000061035156,38.43000030517578,37.88999938964844,38.25,11766400,31.83169937133789,31.715191698567697
2014-02-26,38.41999816894531,38.83000183105469,38.349998474121094,38.5,11482900,32.039756774902344,31.97317913312211
2014-02-27,38.5,39.099998474121094,38.36000061035156,38.95000076293945,14055700,32.414241790771484,32.03975056483472
2014-02-28,38.95000076293945,39.369998931884766,38.650001525878906,39.11000061035156,19257800,32.54741287231445,32.414260711435915
2014-03-03,38.720001220703125,38.9900016784668,38.380001068115234,38.5099983215332,13293700,32.04808044433594,32.22284518335121
2014-03-04,39.13999938964844,39.5,39.060001373291016,39.40999984741211,13682100,32.79705810546875,32.57236333926565
2014-03-05,39.40999984741211,39.70000076293945,39.29999923706055,39.5,11929200,32.871952056884766,32.7970538112903
2014-03-06,39.68000030517578,39.849998474121094,39.41999816894531,39.459999084472656,13081900,32.838653564453125,33.02173881630427
2014-03-07,39.56999969482422,39.59000015258789,38.599998474121094,38.83000183105469,13821500,32.31439208984375,32.93021954253192
2014-03-10,38.81999969482422,38.95000076293945,38.650001525878906,38.86000061035156,8670300,32.339332580566406,32.306043777415404
2014-03-11,39.0,39.02000045776367,38.619998931884766,38.900001525878906,12841500,32.37263870239258,32.45585758019543
2014-03-12,38.81999969482422,38.81999969482422,38.279998779296875,38.52000045776367,13226200,32.05640411376953,32.306063944059
2014-03-13,38.619998931884766,38.65999984741211,37.52000045776367,37.650001525878906,15361200,31.33238410949707,32.13961731211197
2014-03-14,37.689998626708984,38.0,37.5,37.599998474121094,14308300,31.290775299072266,31.365673561460444
2014-03-17,37.79999923706055,38.47999954223633,37.79999923706055,38.220001220703125,14981300,31.806751251220703,31.45722487256893
2014-03-18,38.369998931884766,38.939998626708984,38.15999984741211,38.84000015258789,29707200,32.32270050048828,31.931564850849547
2014-03-19,37.79999923706055,38.959999084472656,37.400001525878906,38.54999923706055,45154900,32.08136749267578,31.457216361788713
2014-03-20,38.5,38.689998626708984,38.0099983215332,38.369998931884766,18960200,31.931562423706055,32.03974947966712
2014-03-21,38.70000076293945,38.849998474121094,37.5,37.5,33897900,31.207548141479492,32.206190316926026
2014-03-24,37.4900016784668,38.34000015258789,37.380001068115234,38.18000030517578,22539000,31.773452758789062,31.199234880472407
2014-03-25,38.130001068115234,38.5,38.099998474121094,38.400001525878906,19750600,31.95652961730957,31.73183489641491
2014-03-26,38.400001525878906,39.459999084472656,38.36000061035156,39.08000183105469,31357500,32.522430419921875,31.956533245550936
2014-03-27,38.9900016784668,39.560001373291016,38.79999923706055,39.2400016784668,26283600,32.65558624267578,32.44753588050801
2014-03-28,39.52000045776367,39.86000061035156,39.189998626708984,39.56999969482422,18405100,32.930213928222656,32.888604487096806
2014-03-31,39.75,41.43000030517578,39.630001068115234,40.90999984741211,48340300,34.04536056518555,33.08000702795732
2014-04-01,41.040000915527344,42.0,40.959999084472656,41.4900016784668,35431800,34.52804183959961,34.1535505274267
2014-04-02,41.369998931884766,41.619998931884766,40.849998474121094,41.130001068115234,22754900,34.228450775146484,34.428177370158515
2014-04-03,41.040000915527344,41.13999938964844,40.34000015258789,40.369998931884766,22497000,33.59598159790039,34.15355838533089
2014-04-04,40.599998474121094,40.72999954223633,39.65999984741211,39.97999954223633,23836200,33.370601654052734,33.88810384561748
2014-04-07,39.79999923706055,39.91999816894531,39.040000915527344,39.470001220703125,27311900,32.944923400878906,33.22036700450451
2014-04-08,39.439998626708984,40.349998474121094,39.36000061035156,40.2400016784668,22197600,33.58761978149414,32.9198713419891
2014-04-09,40.470001220703125,40.91999816894531,40.18000030517578,40.880001068115234,20314000,34.12181854248047,33.77959887442003
2014-04-10,40.88999938964844,41.04999923706055,39.47999954223633,39.790000915527344,26397800,33.212005615234375,34.13015476473597
2014-04-11,39.5099983215332,39.880001068115234,38.970001220703125,38.97999954223633,18655800,32.53593063354492,32.97831143707423
2014-04-14,39.08000183105469,39.75,39.08000183105469,39.56999969482422,16022000,33.02839279174805,32.619400069066415
2014-04-15,39.70000076293945,39.97999954223633,39.2400016784668,39.72999954223633,14553400,33.16193389892578,33.13689444391562
2014-04-16,39.939998626708984,40.150001525878906,39.5099983215332,40.130001068115234,13614800,33.49580764770508,33.337215944227786
2014-04-17,39.959999084472656,40.18000030517578,39.38999938964844,40.08000183105469,14644100,33.45407485961914,33.35391067089386
2014-04-21,40.2400016784668,40.439998626708984,40.060001373291016,40.2400016784668,8593600,33.58761978149414,33.58761978149414
2014-04-22,40.27000045776367,40.619998931884766,40.13999938964844,40.459999084472656,10396100,33.771263122558594,33.61267454715805
2014-04-23,40.279998779296875,40.34000015258789,39.75,39.790000915527344,10048500,33.212005615234375,33.62099811155312
2014-04-24,39.7599983215332,39.86000061035156,39.02000045776367,39.75,13966400,33.178619384765625,33.18696480626592
2014-04-25,39.810001373291016,39.810001373291016,39.22999954223633,39.45000076293945,11647800,32.92823028564453,33.22871654093923
2014-04-28,39.75,40.279998779296875,39.650001525878906,40.130001068115234,20141200,33.49580764770508,33.17862742481135
2014-04-29,40.25,40.61000061035156,40.06999969482422,40.11000061035156,14996300,33.479122161865234,33.59597722537319
2014-04-30,40.09000015258789,40.93000030517578,40.02000045776367,40.880001068115234,16480900,34.12181854248047,33.46241866029597
2014-05-01,40.720001220703125,41.189998626708984,40.63999938964844,40.970001220703125,13945500,34.19694137573242,33.98827076091162
2014-05-02,41.15999984741211,41.209999084472656,40.810001373291016,40.810001373291016,10710100,34.06340408325195,34.35554177135091
2014-05-05,41.130001068115234,41.2599983215332,40.77000045776367,41.209999084472656,13722700,34.39726257324219,34.3304896337829
2014-05-06,41.0,41.290000915527344,40.970001220703125,41.0099983215332,12647500,34.2303352355957,34.221989809799986
2014-05-07,41.150001525878906,41.279998779296875,40.4900016784668,41.060001373291016,12570400,34.272064208984375,34.347185760497936
2014-05-08,41.09000015258789,41.2599983215332,40.54999923706055,40.869998931884766,10212900,34.113460540771484,34.297091643230914
2014-05-09,40.79999923706055,41.2599983215332,40.540000915527344,41.040000915527344,10262400,34.25536346435547,34.055038304888306
2014-05-12,41.220001220703125,42.13999938964844,41.189998626708984,41.95000076293945,18751400,35.014930725097656,34.405612895875116
2014-05-13,42.02000045776367,42.09000015258789,41.63999938964844,41.88999938964844,10319200,34.964847564697266,35.073357175490436
2014-05-14,41.97999954223633,42.02000045776367,41.709999084472656,41.880001068115234,14015200,34.956504821777344,35.03997180013532
2014-05-15,41.84000015258789,42.16999816894531,41.63999938964844,41.93000030517578,19267000,34.998233795166016,34.92311225071225
2014-05-16,41.88999938964844,41.970001220703125,41.31999969482422,41.689998626708984,15497400,34.79792022705078,34.96485740199368
2014-05-19,41.47999954223633,42.20000076293945,41.40999984741211,42.15999984741211,11929700,35.190216064453125,34.62263167760217
2014-05-20,42.06999969482422,42.099998474121094,41.45000076293945,41.560001373291016,10580200,34.68939971923828,35.11508631806442
2014-05-21,41.66999816894531,41.790000915527344,41.47999954223633,41.68000030517578,11151700,34.789573669433594,34.78122505972405
2014-05-22,41.599998474121094,41.939998626708984,41.5099983215332,41.52000045776367,12276200,34.65601348876953,34.7227864247857
2014-05-23,41.650001525878906,42.22999954223633,41.4900016784668,42.150001525878906,12044200,35.18186950683594,34.76452824665549
2014-05-27,42.2599983215332,42.349998474121094,41.72999954223633,41.90999984741211,12680200,34.981544494628906,35.27368210474811
2014-05-28,41.9900016784668,42.189998626708984,41.560001373291016,41.56999969482422,11308800,34.697750091552734,35.04831838535527
2014-05-29,41.790000915527344,42.209999084472656,41.61000061035156,42.20000076293945,9629500,35.223594665527344,34.88137504047807
2014-05-30,42.08000183105469,42.20000076293945,41.849998474121094,42.02000045776367,13496500,35.0733642578125,35.123446361536416
2014-06-02,41.959999084472656,42.02000045776367,41.61000061035156,41.970001220703125,11284900,35.03163146972656,35.02328286024015
2014-06-03,41.84000015258789,41.91999816894531,41.58000183105469,41.810001373291016,10968400,34.89809036254883,34.923129828616325
2014-06-04,41.790000915527344,41.790000915527344,41.33000183105469,41.70000076293945,8936300,34.80625915527344,34.88138070389874
2014-06-05,41.849998474121094,42.33000183105469,41.7400016784668,42.099998474121094,10647800,35.14012908935547,34.9314584814993
2014-06-06,42.290000915527344,42.630001068115234,42.25,42.630001068115234,11447800,35.58250427246094,35.2987121875683
2014-06-09,42.650001525878906,42.810001373291016,42.40999984741211,42.70000076293945,10307400,35.64094924926758,35.59921575421519
2014-06-10,42.56999969482422,42.880001068115234,42.4900016784668,42.65999984741211,13457200,35.6075553894043,35.53243383690099
2014-06-11,42.45000076293945,42.880001068115234,42.36000061035156,42.560001373291016,9622700,35.52409362792969,35.432278029828915
2014-06-12,42.529998779296875,42.619998931884766,41.84000015258789,42.0,11060900,35.05666732788086,35.499048063356895
2014-06-13,42.04999923706055,42.18000030517578,41.709999084472656,42.13999938964844,10324600,35.173526763916016,35.098405197194204
2014-06-16,42.0,42.22999954223633,41.77000045776367,42.150001525878906,8150200,35.18186950683594,35.05666585515735
2014-06-17,42.189998626708984,42.70000076293945,41.97999954223633,42.31999969482422,12792400,35.32376480102539,35.215255179402064
2014-06-18,42.380001068115234,42.86000061035156,42.29999923706055,42.810001373291016,10307000,35.73275375366211,35.37384007634483
2014-06-19,42.93000030517578,43.189998626708984,42.43000030517578,42.5099983215332,27255800,35.48235321044922,35.83292153134107
2014-06-20,40.2599983215332,40.939998626708984,39.93000030517578,40.81999969482422,65103700,34.07174301147461,33.60431961560271
2014-06-23,40.93000030517578,41.33000183105469,40.75,41.099998474121094,16956600,34.30544662475586,34.163552139900055
2014-06-24,40.9900016784668,41.38999938964844,40.65999984741211,40.7599983215332,16459200,34.02165985107422,34.21363964244889
2014-06-25,40.72999954223633,40.84000015258789,40.38999938964844,40.459999084472656,13889400,33.771263122558594,33.99662784595641
2014-06-26,40.54999923706055,40.54999923706055,39.97999954223633,40.150001525878906,16642500,33.51249694824219,33.846367971052445
2014-06-27,40.029998779296875,40.65999984741211,40.029998779296875,40.529998779296875,15320500,33.82967758178711,33.41233637033033
2014-06-30,40.599998474121094,40.81999969482422,40.4900016784668,40.529998779296875,14098200,33.82967758178711,33.888105096666195
2014-07-01,40.40999984741211,40.90999984741211,40.40999984741211,40.77000045776367,13147000,34.03002166748047,33.72953531886584
2014-07-02,40.93000030517578,41.20000076293945,40.77000045776367,40.95000076293945,13400200,34.18025207519531,34.16355804161179
2014-07-03,40.97999954223633,41.36000061035156,40.970001220703125,41.34000015258789,7863600,34.505775451660156,34.20528923546758
2014-07-07,41.0099983215332,41.11000061035156,40.75,40.88999938964844,11959400,34.22952651977539,34.32997911656203
2014-07-08,40.689998626708984,40.849998474121094,40.380001068115234,40.560001373291016,12350600,33.953277587890625,34.0620998926618
2014-07-09,40.61000061035156,40.720001220703125,39.9900016784668,40.2599983215332,14711600,33.70214080810547,33.995132037928904
2014-07-10,39.88999938964844,40.52000045776367,39.88999938964844,40.31999969482422,9566900,33.75236129760742,33.392402821212954
2014-07-11,40.4900016784668,40.4900016784668,39.97999954223633,40.130001068115234,11942300,33.59331512451172,33.894676042195954
2014-07-14,40.43000030517578,40.68000030517578,40.2599983215332,40.4900016784668,13586800,33.894691467285156,33.84446356036971
2014-07-15,40.380001068115234,40.810001373291016,40.36000061035156,40.540000915527344,11813800,33.93655014038086,33.802612234077685
2014-07-16,40.810001373291016,40.880001068115234,40.130001068115234,40.2599983215332,14722600,33.70214080810547,34.162555141638
2014-07-17,40.209999084472656,40.709999084472656,39.86000061035156,39.90999984741211,24447800,33.40916442871094,33.66029757523471
2014-07-18,39.97999954223633,40.15999984741211,39.88999938964844,40.0,19123500,33.48450469970703,33.467762064157434
2014-07-21,40.029998779296875,40.2400016784668,39.91999816894531,40.0099983215332,15864700,33.49287033081055,33.50961296431561
2014-07-22,40.13999938964844,40.70000076293945,39.959999084472656,40.43000030517578,13728100,33.84445571899414,33.6016923484785
2014-07-23,40.43000030517578,40.650001525878906,40.2400016784668,40.310001373291016,9191700,33.74399948120117,33.8444520675895
2014-07-24,40.349998474121094,40.66999816894531,40.349998474121094,40.470001220703125,10797700,33.8779411315918,33.777485340593316
2014-07-25,40.27000045776367,40.63999938964844,40.27000045776367,40.33000183105469,7483800,33.760738372802734,33.710510488505264
2014-07-28,40.310001373291016,40.81999969482422,40.22999954223633,40.54999923706055,9658200,33.944915771484375,33.744010532908014
2014-07-29,40.709999084472656,40.91999816894531,40.5,40.630001068115234,9450400,34.01188659667969,34.07885394565284
2014-07-30,40.709999084472656,41.029998779296875,40.58000183105469,40.959999084472656,11406300,34.28812026977539,34.07884218727921
2014-07-31,40.650001525878906,40.939998626708984,40.349998474121094,40.38999938964844,13689500,33.81096649169922,34.02861748572502
2014-08-01,40.189998626708984,40.529998779296875,39.56999969482422,39.61000061035156,15074700,33.15802764892578,33.643551253226754
2014-08-04,39.630001068115234,40.220001220703125,39.529998779296875,40.099998474121094,12356200,33.568214416503906,33.17477366088425
2014-08-05,40.0099983215332,40.380001068115234,39.810001373291016,39.959999084472656,8806600,33.451011657714844,33.49286664020005
2014-08-06,39.849998474121094,40.349998474121094,39.779998779296875,40.15999984741211,8184800,33.61844253540039,33.35893647480585
2014-08-07,40.29999923706055,40.43000030517578,39.59000015258789,39.66999816894531,9180500,33.2082405090332,33.73562210612378
2014-08-08,39.72999954223633,39.970001220703125,39.560001373291016,39.939998626708984,8862000,33.43426513671875,33.25847231473223
2014-08-11,39.9900016784668,40.13999938964844,39.810001373291016,39.91999816894531,10292800,33.417518615722656,33.47611940955786
2014-08-12,39.7400016784668,40.040000915527344,39.72999954223633,39.900001525878906,6704300,33.40078353881836,33.26684569257067
2014-08-13,40.119998931884766,40.29999923706055,40.02000045776367,40.2400016784668,10629700,33.68539810180664,33.58494233333462
2014-08-14,40.290000915527344,40.400001525878906,39.97999954223633,40.220001220703125,9707000,33.66865539550781,33.72725299698213
2014-08-15,40.2400016784668,40.59000015258789,39.97999954223633,40.279998779296875,13418800,33.71889877319336,33.68541669188794
2014-08-18,40.45000076293945,40.77000045776367,40.400001525878906,40.63999938964844,7633600,34.0202522277832,33.861201998928664
2014-08-19,40.720001220703125,41.58000183105469,40.63999938964844,41.40999984741211,14378600,34.664825439453125,34.08721901500335
2014-08-20,41.58000183105469,41.58000183105469,41.09000015258789,41.25,9627100,34.53089141845703,34.80714008260349
2014-08-21,41.15999984741211,41.810001373291016,41.15999984741211,41.58000183105469,9569200,34.8071403503418,34.455551429026485
2014-08-22,41.34000015258789,41.79999923706055,41.27000045776367,41.630001068115234,9260700,34.84899139404297,34.60622802267189
2014-08-25,41.7400016784668,42.040000915527344,41.63999938964844,41.7400016784668,8856700,34.941078186035156,34.941078186035156
2014-08-26,41.849998474121094,42.0,41.779998779296875,41.84000015258789,7320800,35.0247802734375,35.03314999173403
2014-08-27,41.75,41.79999923706055,41.41999816894531,41.63999938964844,8440000,34.85736083984375,34.949443717457356
2014-08-28,41.66999816894531,41.66999816894531,41.209999084472656,41.27000045776367,8737100,34.54763412475586,34.88247721715625
2014-08-29,41.2400016784668,41.72999954223633,41.2400016784668,41.529998779296875,8970900,34.7652702331543,34.52251011098895
2014-09-02,41.599998474121094,41.68000030517578,41.459999084472656,41.65999984741211,8538600,34.87409973144531,34.82387184177083
2014-09-03,41.79999923706055,41.95000076293945,41.619998931884766,41.900001525878906,10041600,35.075008392333984,34.991295242171205
2014-09-04,41.88999938964844,42.09000015258789,41.369998931884766,41.54999923706055,12248100,34.782020568847656,35.06663892066162
2014-09-05,41.61000061035156,41.7599983215332,41.2599983215332,41.27000045776367,15155600,34.54763412475586,34.832252509628155
2014-09-08,41.0099983215332,41.18000030517578,40.27000045776367,40.63999938964844,19658500,34.0202522277832,34.32998296537609
2014-09-09,40.5099983215332,40.90999984741211,40.43000030517578,40.709999084472656,14044100,34.07884979248047,33.911426650454544
2014-09-10,40.70000076293945,40.810001373291016,40.56999969482422,40.709999084472656,9134500,34.07884979248047,34.07048007237805
2014-09-11,40.25,40.689998626708984,40.20000076293945,40.68000030517578,12389100,34.053741455078125,33.6937827749353
2014-09-12,40.7400016784668,40.7400016784668,40.400001525878906,40.5,11912300,33.9030647277832,34.1039731830878
2014-09-15,40.5,40.77000045776367,40.209999084472656,40.65999984741211,14018100,34.03699493408203,33.90305705862072
2014-09-16,40.810001373291016,41.33000183105469,40.5,41.189998626708984,13220100,34.48065948486328,34.16255906395693
2014-09-17,41.189998626708984,41.33000183105469,40.77000045776367,41.13999938964844,14083300,34.438812255859375,34.480667247682675
2014-09-18,41.349998474121094,41.77000045776367,41.20000076293945,41.54999923706055,26454500,34.782020568847656,34.61459744542819
2014-09-19,40.58000183105469,40.65999984741211,39.279998779296875,39.79999923706055,86679100,33.317081451416016,33.970031462837625
2014-09-22,39.68000030517578,39.7400016784668,39.2400016784668,39.58000183105469,24572600,33.1329231262207,33.21663312123121
2014-09-23,39.5,39.59000015258789,38.79999923706055,38.83000183105469,34353300,32.50508499145508,33.06594892137303
2014-09-24,38.77000045776367,39.560001373291016,38.56999969482422,39.41999816894531,18937000,32.99898147583008,32.45486013065172
2014-09-25,39.349998474121094,39.349998474121094,38.650001525878906,38.7599983215332,13287800,32.446475982666016,32.94037243802466
2014-09-26,38.77000045776367,39.0099983215332,38.52000045776367,38.95000076293945,16006400,32.60552215576172,32.45484169816242
2014-09-29,38.56999969482422,38.630001068115234,38.27000045776367,38.439998626708984,16586000,32.17861557006836,32.287441130526936
2014-09-30,38.459999084472656,38.56999969482422,38.13999938964844,38.279998779296875,21143300,32.04467010498047,32.1953506322033
2014-10-01,38.31999969482422,38.40999984741211,37.95000076293945,38.09000015258789,17452400,31.8856143951416,32.0781498817635
2014-10-02,38.150001525878906,38.54999923706055,37.91999816894531,38.27000045776367,14808100,32.036293029785156,31.935840432472954
2014-10-03,38.5,39.119998931884766,38.400001525878906,38.88999938964844,15289500,32.5552978515625,32.22882455531164
2014-10-06,38.970001220703125,39.2400016784668,38.95000076293945,39.08000183105469,14168000,32.81561279296875,32.72324489974571
2014-10-07,38.939998626708984,39.08000183105469,38.43000030517578,38.459999084472656,14309200,32.29499435424805,32.69805163130405
2014-10-08,38.81999969482422,39.04999923706055,38.040000915527344,39.02000045776367,16005500,32.765235900878906,32.59729453488225
2014-10-09,38.9900016784668,39.209999084472656,38.5099983215332,38.7400016784668,15004900,32.53009796142578,32.7400237264749
2014-10-10,38.65999984741211,39.099998474121094,38.09000015258789,38.099998474121094,18234100,31.992700576782227,32.462935668010786
2014-10-13,38.11000061035156,38.779998779296875,37.86000061035156,38.22999954223633,20723700,32.10185623168945,32.00109273429351
2014-10-14,38.65999984741211,39.040000915527344,38.41999816894531,38.459999084472656,19508500,32.29499435424805,32.462935687158335
2014-10-15,37.97999954223633,38.43000030517578,37.18000030517578,38.29999923706055,24561500,32.16063690185547,31.89193209248336
2014-10-16,37.9900016784668,38.18000030517578,37.52000045776367,37.560001373291016,21419300,31.539270401000977,31.90034322851945
2014-10-17,37.689998626708984,38.02000045776367,37.34000015258789,37.869998931884766,21122700,31.799556732177734,31.648409912064484
2014-10-20,36.310001373291016,37.810001373291016,35.81999969482422,37.79999923706055,16654100,31.740793228149414,30.489636745111063
2014-10-21,38.290000915527344,38.470001220703125,38.040000915527344,38.349998474121094,15381900,32.20261764526367,32.152237501432694
2014-10-22,38.369998931884766,38.43000030517578,37.58000183105469,37.63999938964844,16810200,31.606441497802734,32.219424712448074
2014-10-23,38.08000183105469,38.5,38.0099983215332,38.22999954223633,9659100,32.10185623168945,31.97590266074798
2014-10-24,38.31999969482422,38.7400016784668,38.25,38.72999954223633,8975900,32.52171325683594,32.17743498081009
2014-10-27,38.5,38.720001220703125,38.349998474121094,38.43000030517578,7525300,32.269805908203125,32.32858489721362
2014-10-28,38.34000015258789,38.72999954223633,38.34000015258789,38.650001525878906,11631800,32.45454788208008,32.1942385931853
2014-10-29,38.72999954223633,38.7400016784668,38.459999084472656,38.58000183105469,10923800,32.39576721191406,32.52172083304243
2014-10-30,38.400001525878906,38.65999984741211,38.38999938964844,38.5,9644400,32.32859420776367,32.244625114484286
2014-10-31,38.880001068115234,39.04999923706055,38.83000183105469,39.04999923706055,16142800,32.7904167175293,32.647668678864974
2014-11-03,39.02000045776367,39.040000915527344,38.7599983215332,38.9900016784668,10318600,32.74003601074219,32.7652260869714
2014-11-04,38.93000030517578,39.150001525878906,38.900001525878906,39.130001068115234,12671000,32.857601165771484,32.68965981330193
2014-11-05,39.34000015258789,39.5099983215332,39.11000061035156,39.290000915527344,12280300,32.991947174072266,33.033931703199464
2014-11-06,39.220001220703125,39.86000061035156,39.11000061035156,39.810001373291016,11603400,33.4286003112793,32.93317507631091
2014-11-07,39.689998626708984,39.970001220703125,39.61000061035156,39.939998626708984,13728500,33.537742614746094,33.32781682751585
2014-11-10,39.970001220703125,40.4900016784668,39.88999938964844,40.45000076293945,11058100,33.965999603271484,33.562942397989374
2014-11-11,40.529998779296875,40.59000015258789,40.349998474121094,40.470001220703125,7061000,33.98280334472656,34.03318350715196
2014-11-12,40.560001373291016,40.59000015258789,40.04999923706055,40.13999938964844,10965100,33.70570373535156,34.05838093127019
2014-11-13,40.16999816894531,40.77000045776367,39.88999938964844,40.720001220703125,11868700,34.192726135253906,33.73088666672395
2014-11-14,40.86000061035156,41.06999969482422,40.630001068115234,40.84000015258789,11476500,34.293495178222656,34.31028963462124
2014-11-17,40.709999084472656,41.20000076293945,40.630001068115234,41.15999984741211,11987600,34.56218719482422,34.1843200747031
2014-11-18,41.189998626708984,41.47999954223633,41.11000061035156,41.2599983215332,9328200,34.64616394042969,34.58738495348547
2014-11-19,41.150001525878906,41.27000045776367,40.810001373291016,40.91999816894531,9202600,34.36066818237305,34.55380282025348
2014-11-20,40.709999084472656,41.0099983215332,40.61000061035156,40.91999816894531,9062200,34.36066818237305,34.18433120331514
2014-11-21,41.31999969482422,41.5,41.16999816894531,41.439998626708984,12641400,34.797298431396484,34.696534947259885
2014-11-24,41.4900016784668,41.63999938964844,41.36000061035156,41.43000030517578,9542100,34.78891372680664,34.83929708629337
2014-11-25,41.5099983215332,41.63999938964844,41.150001525878906,41.150001525878906,12404200,34.553802490234375,34.856093078640136
2014-11-26,41.18000030517578,41.90999984741211,41.18000030517578,41.869998931884766,11590000,35.15837860107422,34.57898443888374
2014-11-28,41.97999954223633,42.5099983215332,41.88999938964844,42.40999984741211,11890100,35.6118278503418,35.25075506329606
2014-12-01,42.0099983215332,42.380001068115234,42.0099983215332,42.08000183105469,10802400,35.33472442626953,35.275942234962976
2014-12-02,41.900001525878906,42.36000061035156,41.86000061035156,42.18000030517578,9083200,35.41869354248047,35.183577589791206
2014-12-03,41.939998626708984,42.13999938964844,41.63999938964844,42.060001373291016,10326000,35.317928314208984,35.21716159374036
2014-12-04,42.119998931884766,42.119998931884766,41.4900016784668,41.88999938964844,9177100,35.175167083740234,35.36829843836484
2014-12-05,42.02000045776367,42.02000045776367,41.59000015258789,41.93000030517578,8925300,35.20875930786133,35.28433273230861
2014-12-08,41.90999984741211,42.029998779296875,41.33000183105469,41.369998931884766,12766500,34.738521575927734,35.191962086911396
2014-12-09,40.97999954223633,41.93000030517578,40.88999938964844,41.869998931884766,13897500,35.15837860107422,34.41104312712569
2014-12-10,41.70000076293945,41.810001373291016,40.880001068115234,40.91999816894531,12547600,34.36066818237305,35.015639138211526
2014-12-11,41.119998931884766,41.63999938964844,40.709999084472656,40.7599983215332,12395800,34.2263069152832,34.52860063184286
2014-12-12,40.2400016784668,40.779998779296875,39.91999816894531,39.95000076293945,14108200,33.546146392822266,33.7896611107333
2014-12-15,41.209999084472656,41.650001525878906,40.77000045776367,41.11000061035156,22343100,34.520225524902344,34.60419462798081
2014-12-16,40.88999938964844,41.36000061035156,40.61000061035156,40.630001068115234,16424500,34.117156982421875,34.335478501440384
2014-12-17,41.060001373291016,41.630001068115234,40.68000030517578,41.15999984741211,18151000,34.56218719482422,34.47821814733679
2014-12-18,43.83000183105469,45.369998931884766,43.56999969482422,45.349998474121094,54495600,38.0805549621582,36.80420837657636
2014-12-19,45.099998474121094,46.150001525878906,44.97999954223633,46.0,41782200,38.62636184692383,37.87062739906769
2014-12-22,45.56999969482422,46.04999923706055,45.40999984741211,45.650001525878906,21264400,38.33246612548828,38.26528830782397
2014-12-23,45.529998779296875,46.5,45.459999084472656,46.0099983215332,14042400,38.63475036621094,38.23169313589765
2014-12-24,46.36000061035156,46.709999084472656,46.150001525878906,46.22999954223633,10238200,38.819496154785156,38.92865851718593
2014-12-26,46.189998626708984,46.5,46.06999969482422,46.099998474121094,6901500,38.7103271484375,38.78590058586489
2014-12-29,46.02000045776367,46.09000015258789,45.599998474121094,45.61000061035156,9701400,38.29887390136719,38.64315217905816
2014-12-30,45.54999923706055,45.65999984741211,45.290000915527344,45.34000015258789,9968400,38.0721549987793,38.24849195658119
2014-12-31,45.45000076293945,45.560001373291016,44.970001220703125,44.970001220703125,13269200,37.7614631652832,38.16452041548326
2015-01-02,45.02000045776367,45.189998626708984,43.970001220703125,44.33000183105469,15070200,37.224056243896484,37.80345048319096
2015-01-05,44.15999984741211,44.25,43.58000183105469,43.59000015258789,18369400,36.702022552490234,37.181952389175706
2015-01-06,44.060001373291016,44.18000030517578,42.9900016784668,43.13999938964844,19229500,36.3231315612793,37.097757281290455
2015-01-07,43.33000183105469,43.52000045776367,43.0099983215332,43.150001525878906,13502200,36.33153533935547,36.483092401170786
2015-01-08,43.630001068115234,43.939998626708984,43.380001068115234,43.40999984741211,17516900,36.55046081542969,36.73569799637696
2015-01-09,43.97999954223633,44.099998474121094,43.2599983215332,43.38999938964844,15957500,36.53363037109375,37.030400313401636
2015-01-12,43.2599983215332,43.77000045776367,42.86000061035156,43.27000045776367,16055700,36.43258285522461,36.424161231626485
2015-01-13,43.66999816894531,43.95000076293945,42.56999969482422,42.93000030517578,12878200,36.14632034301758,36.769385790183144
2015-01-14,42.459999084472656,43.16999816894531,42.459999084472656,43.060001373291016,12707400,36.25577926635742,35.750587676739855
2015-01-15,43.47999954223633,43.63999938964844,42.56999969482422,42.630001068115234,13431000,35.893714904785156,36.60939874562898
2015-01-16,42.4900016784668,43.619998931884766,42.25,43.5099983215332,17786700,36.63467025756836,35.77585062704515
2015-01-20,43.560001373291016,44.029998779296875,43.22999954223633,43.900001525878906,16308400,36.963050842285156,36.67677652589174
2015-01-21,43.689998626708984,43.93000030517578,43.209999084472656,43.4900016784668,15876600,36.61782455444336,36.786218504305694
2015-01-22,43.95000076293945,45.33000183105469,43.18000030517578,44.04999923706055,17969100,37.089324951171875,37.005127993951994
2015-01-23,43.97999954223633,44.540000915527344,43.91999816894531,44.189998626708984,14150300,37.207218170166016,37.03040255590196
2015-01-26,44.16999816894531,44.209999084472656,43.540000915527344,43.900001525878906,12059500,36.963050842285156,37.190383400326795
2015-01-27,43.0099983215332,43.869998931884766,42.58000183105469,43.400001525878906,14984100,36.542049407958984,36.21367346645204
2015-01-28,43.939998626708984,43.97999954223633,42.66999816894531,42.689998626708984,15132500,35.9442253112793,36.99670324720007
2015-01-29,42.81999969482422,43.02000045776367,42.31999969482422,42.86000061035156,12805100,36.08737564086914,36.05369556517952
2015-01-30,42.09000015258789,42.52000045776367,41.81999969482422,41.88999938964844,22590000,35.27064514160156,35.43904227792213
2015-02-02,42.209999084472656,42.709999084472656,41.560001373291016,42.68000030517578,16889500,35.93581008911133,35.54007732228682
2015-02-03,42.939998626708984,43.13999938964844,42.540000915527344,43.040000915527344,12657100,36.23893356323242,36.1547333721643
2015-02-04,42.970001220703125,43.15999984741211,42.31999969482422,42.41999816894531,12912000,35.71690368652344,36.17999672930695
2015-02-05,42.5,43.2400016784668,42.5,43.15999984741211,9630300,36.339969635009766,35.784261236055606
2015-02-06,43.2599983215332,43.470001220703125,42.880001068115234,42.97999954223633,9522100,36.18841552734375,36.42416965205906
2015-02-09,42.630001068115234,43.630001068115234,42.630001068115234,43.400001525878906,12705700,36.542049407958984,35.89372236227966
2015-02-10,43.790000915527344,44.060001373291016,43.560001373291016,43.9900016784668,12714800,37.03881072998047,36.87041359150088
2015-02-11,43.959999084472656,44.0,43.09000015258789,43.36000061035156,12836900,36.50837707519531,37.01356550299541
2015-02-12,43.47999954223633,44.060001373291016,43.40999984741211,43.88999938964844,12519700,36.95461654663086,36.609403802133414
2015-02-13,43.79999923706055,44.22999954223633,43.79999923706055,43.93000030517578,10155700,36.98830032348633,36.87884167298744
2015-02-17,43.66999816894531,43.900001525878906,43.540000915527344,43.84000015258789,10118600,36.91252136230469,36.7693826344078
2015-02-18,43.709999084472656,44.11000061035156,43.650001525878906,44.099998474121094,8661100,37.13142013549805,36.80304753480234
2015-02-19,44.130001068115234,44.369998931884766,44.0,44.11000061035156,8465700,37.13985061645508,37.15669065280341
2015-02-20,44.060001373291016,44.09000015258789,43.459999084472656,43.77000045776367,14731200,36.853580474853516,37.097756210891745
2015-02-23,43.459999084472656,43.880001068115234,43.29999923706055,43.779998779296875,10995500,36.86199951171875,36.59256531977586
2015-02-24,43.790000915527344,43.959999084472656,43.380001068115234,43.880001068115234,10522500,36.94619369506836,36.870415140165036
2015-02-25,43.83000183105469,44.09000015258789,43.380001068115234,43.72999954223633,11785400,36.81989669799805,36.90409688053633
2015-02-26,43.79999923706055,44.150001525878906,43.709999084472656,43.88999938964844,8519300,36.95461654663086,36.87883798262368
2015-02-27,43.77000045776367,44.11000061035156,43.68000030517578,43.81999969482422,9549500,36.895687103271484,36.85358860443909
2015-03-02,43.810001373291016,44.040000915527344,43.47999954223633,44.029998779296875,11091000,37.07249450683594,36.887260510656375
2015-03-03,43.83000183105469,43.880001068115234,43.16999816894531,43.380001068115234,10058700,36.52521514892578,36.90410805530759
2015-03-04,43.20000076293945,43.65999984741211,42.81999969482422,43.61000061035156,14697600,36.7188606262207,36.373647898791305
2015-03-05,43.65999984741211,43.88999938964844,43.2599983215332,43.79999923706055,10983500,36.878841400146484,36.76096433674705
2015-03-06,43.61000061035156,43.61000061035156,42.29999923706055,42.380001068115234,15086600,35.6832275390625,36.718865869227216
2015-03-09,42.25,42.790000915527344,42.189998626708984,42.689998626708984,11474200,35.9442253112793,35.57375423412198
2015-03-10,42.2400016784668,42.54999923706055,41.779998779296875,41.81999969482422,13960700,35.211708068847656,35.56534239080557
2015-03-11,41.93000030517578,42.15999984741211,41.40999984741211,41.470001220703125,11108800,34.917030334472656,35.30434168035086
2015-03-12,41.459999084472656,41.7599983215332,41.2599983215332,41.619998931884766,13716700,35.04331970214844,34.90860259621257
2015-03-13,41.540000915527344,42.470001220703125,41.5099983215332,42.380001068115234,18405400,35.6832275390625,34.975961946278176
2015-03-16,42.81999969482422,43.529998779296875,42.7400016784668,43.40999984741211,17423200,36.55046081542969,36.05369100354159
2015-03-17,43.11000061035156,43.34000015258789,42.86000061035156,42.869998931884766,21509000,36.09579086303711,36.2978680874028
2015-03-18,44.29999923706055,44.939998626708984,43.349998474121094,44.130001068115234,37900300,37.15669631958008,37.2998318325078
2015-03-19,44.0,44.4900016784668,44.0,44.15999984741211,15729600,37.18196105957031,37.047243937365366
2015-03-20,44.130001068115234,44.72999954223633,44.060001373291016,44.40999984741211,20724700,37.39243698120117,37.15668294504614
2015-03-23,44.34000015258789,44.619998931884766,44.15999984741211,44.25,10749200,37.257728576660156,37.33350713613988
2015-03-24,44.33000183105469,44.5,43.709999084472656,43.709999084472656,14913400,36.80305480957031,37.325086279313545
2015-03-25,43.68000030517578,43.75,42.93000030517578,42.93000030517578,17491000,36.14632034301758,36.777807416498796
2015-03-26,42.779998779296875,43.22999954223633,42.459999084472656,42.9900016784668,14065600,36.196834564208984,36.02001577140895
2015-03-27,42.93000030517578,43.119998931884766,42.41999816894531,42.63999938964844,18030800,35.902130126953125,36.14630580132534
2015-03-30,43.22999954223633,43.630001068115234,43.119998931884766,43.439998626708984,12730100,36.57571792602539,36.39890237535286
2015-03-31,43.310001373291016,43.56999969482422,43.130001068115234,43.150001525878906,13264200,36.33153533935547,36.466252370757154
2015-04-01,42.9900016784668,43.119998931884766,42.720001220703125,42.939998626708984,12050900,36.15474319458008,36.196844907506645
2015-04-02,42.9900016784668,43.11000061035156,42.47999954223633,42.619998931884766,11183900,36.0110969543457,36.32372494858462
2015-04-06,42.279998779296875,43.099998474121094,42.209999084472656,42.959999084472656,9766500,36.29836654663086,35.72381112635357
2015-04-07,42.9900016784668,43.47999954223633,42.939998626708984,42.959999084472656,8075400,36.29836654663086,36.32371676025651
2015-04-08,42.849998474121094,43.34000015258789,42.849998474121094,43.11000061035156,6947100,36.425113677978516,36.20542898220892
2015-04-09,42.970001220703125,43.310001373291016,42.7400016784668,43.20000076293945,9399500,36.50114822387695,36.30681379715643
2015-04-10,43.08000183105469,43.88999938964844,43.08000183105469,43.5099983215332,12542800,36.763092041015625,36.39977323691096
2015-04-13,43.54999923706055,43.790000915527344,43.029998779296875,43.08000183105469,10943400,36.39976501464844,36.796881876509275
2015-04-14,43.040000915527344,43.060001373291016,42.5099983215332,42.72999954223633,10510500,36.104042053222656,36.365972845119636
2015-04-15,42.95000076293945,44.189998626708984,42.83000183105469,43.9900016784668,18188700,37.16865158081055,36.28991936444235
2015-04-16,43.689998626708984,43.959999084472656,43.25,43.459999084472656,11960800,36.7208366394043,36.91517110317596
2015-04-17,43.060001373291016,43.400001525878906,42.86000061035156,43.0,12473500,36.3321647644043,36.382861968601965
2015-04-20,43.310001373291016,43.810001373291016,43.25,43.31999969482422,10426300,36.60255813598633,36.59411021013777
2015-04-21,43.5099983215332,43.869998931884766,43.400001525878906,43.41999816894531,9312900,36.68705368041992,36.763097912766284
2015-04-22,43.5099983215332,43.75,43.34000015258789,43.54999923706055,7343900,36.79688262939453,36.76308448887756
2015-04-23,43.5099983215332,43.630001068115234,42.9900016784668,43.38999938964844,11311000,36.66169738769531,36.76308859740931
2015-04-24,43.40999984741211,43.58000183105469,42.75,43.08000183105469,17767100,36.39976501464844,36.678591610288265
2015-04-27,43.099998474121094,43.95000076293945,43.06999969482422,43.61000061035156,12916000,36.84757995605469,36.41666172102833
2015-04-28,43.709999084472656,44.58000183105469,43.45000076293945,44.5,18287700,37.599578857421875,36.932079942347585
2015-04-29,44.400001525878906,44.900001525878906,43.68000030517578,44.72999954223633,36608700,37.793907165527344,37.51508054977377
2015-04-30,44.04999923706055,44.40999984741211,43.5099983215332,43.619998931884766,20196300,36.85602569580078,37.219347628052745
2015-05-01,43.439998626708984,44.380001068115234,43.439998626708984,44.369998931884766,11942000,37.4897346496582,36.703945478947034
2015-05-04,44.54999923706055,44.849998474121094,44.2400016784668,44.59000015258789,9168200,37.67561340332031,37.641815264185304
2015-05-05,44.470001220703125,44.619998931884766,43.88999938964844,43.91999816894531,11410200,37.10951614379883,37.574232627844054
2015-05-06,44.20000076293945,44.2400016784668,43.0,43.2599983215332,12732100,36.551841735839844,37.346081722032395
2015-05-07,43.16999816894531,43.65999984741211,43.02000045776367,43.47999954223633,8787100,36.73773956298828,36.475808793990204
2015-05-08,43.83000183105469,44.2400016784668,43.689998626708984,44.0099983215332,9582900,37.18555450439453,37.03346930642683
2015-05-11,43.970001220703125,44.20000076293945,43.599998474121094,43.84000015258789,7429400,37.04191970825195,37.15176206934572
2015-05-12,43.650001525878906,43.689998626708984,43.279998779296875,43.56999969482422,8515100,36.81378936767578,36.88138566278949
2015-05-13,43.7599983215332,44.06999969482422,43.619998931884766,43.790000915527344,7451200,36.99967575073242,36.974325528621094
2015-05-14,44.11000061035156,44.400001525878906,44.0,44.380001068115234,7293000,37.49817657470703,37.270043979015234
2015-05-15,44.40999984741211,44.439998626708984,43.939998626708984,44.150001525878906,9369500,37.303836822509766,37.52351824097848
2015-05-18,43.939998626708984,44.40999984741211,43.880001068115234,44.2400016784668,6070900,37.3798942565918,37.12641139208232
2015-05-19,44.41999816894531,44.459999084472656,44.15999984741211,44.31999969482422,8640000,37.447486877441406,37.531979015825854
2015-05-20,44.220001220703125,44.599998474121094,44.09000015258789,44.290000915527344,9055700,37.422149658203125,37.36300450124689
2015-05-21,44.220001220703125,44.45000076293945,43.95000076293945,44.279998779296875,8036400,37.413673400878906,37.36297942788977
2015-05-22,44.20000076293945,44.27000045776367,43.880001068115234,43.93000030517578,7484300,37.11796188354492,37.346094517967664
2015-05-26,43.7400016784668,43.83000183105469,43.150001525878906,43.33000183105469,10440400,36.61101150512695,36.95743450296646
2015-05-27,43.540000915527344,44.25,43.40999984741211,44.13999938964844,11096800,37.295387268066406,36.78842814341714
2015-05-28,44.08000183105469,44.25,43.63999938964844,43.86000061035156,7273200,37.058807373046875,37.24469389257301
2015-05-29,43.790000915527344,43.84000015258789,43.36000061035156,43.4900016784668,10358700,36.74618911743164,36.99966872825378
2015-06-01,43.84000015258789,44.060001373291016,43.63999938964844,43.790000915527344,9764300,36.99967575073242,37.041921823359665
2015-06-02,43.5099983215332,44.0099983215332,43.13999938964844,43.70000076293945,8275900,36.92361831665039,36.76307878568393
2015-06-03,43.7400016784668,44.09000015258789,43.59000015258789,43.970001220703125,9220900,37.15174865722656,36.957414225859345
2015-06-04,43.7400016784668,44.11000061035156,43.5099983215332,43.77000045776367,13783100,36.98276901245117,36.95742201876168
2015-06-05,43.83000183105469,44.02000045776367,43.4900016784668,43.810001373291016,12850700,37.01657485961914,37.033473933319854
2015-06-08,43.810001373291016,43.88999938964844,43.08000183105469,43.099998474121094,9112200,36.416656494140625,37.01656212301066
2015-06-09,43.349998474121094,43.369998931884766,42.81999969482422,43.06999969482422,7634200,36.39131546020508,36.62789600299736
2015-06-10,43.279998779296875,44.04999923706055,43.060001373291016,43.939998626708984,15518400,37.12640380859375,36.568747422283856
2015-06-11,44.16999816894531,44.41999816894531,44.029998779296875,44.279998779296875,12519300,37.413673400878906,37.32073015284262
2015-06-12,43.97999954223633,44.38999938964844,43.900001525878906,44.34000015258789,11742300,37.464385986328125,37.16020913077758
2015-06-15,43.900001525878906,43.9900016784668,43.40999984741211,43.720001220703125,16727800,36.94052505493164,37.0926134720768
2015-06-16,43.90999984741211,44.880001068115234,43.7599983215332,44.63999938964844,18271600,37.717857360839844,37.1010558603019
2015-06-17,44.86000061035156,45.2400016784668,44.369998931884766,44.90999984741211,27080800,37.94599533081055,37.90374926484551
2015-06-18,41.90999984741211,42.97999954223633,40.970001220703125,42.7400016784668,79138400,36.11249923706055,35.41120210758892
2015-06-19,42.900001525878906,43.099998474121094,41.560001373291016,41.59000015258789,37430200,35.14082336425781,36.247688637084465
2015-06-22,41.79999923706055,41.959999084472656,41.45000076293945,41.4900016784668,22368300,35.05632400512695,35.31825156394171
2015-06-23,41.939998626708984,42.060001373291016,41.47999954223633,41.709999084472656,17394300,35.24220275878906,35.436537227258015
2015-06-24,41.540000915527344,41.77000045776367,41.20000076293945,41.20000076293945,17768200,34.811275482177734,35.09855312189968
2015-06-25,41.2400016784668,41.470001220703125,41.060001373291016,41.060001373291016,13587200,34.6929931640625,34.845081550524526
2015-06-26,41.099998474121094,41.369998931884766,40.970001220703125,40.9900016784668,39687300,34.63386154174805,34.726801615783906
2015-06-29,40.630001068115234,40.900001525878906,40.380001068115234,40.41999816894531,18195500,34.152244567871094,34.3296832293583
2015-06-30,40.599998474121094,40.75,40.11000061035156,40.29999923706055,16691500,34.05084991455078,34.30432954703262
2015-07-01,40.61000061035156,40.70000076293945,39.93000030517578,40.2400016784668,13948600,34.00014877319336,34.31277348008388
2015-07-02,40.380001068115234,40.41999816894531,40.150001525878906,40.36000061035156,11644100,34.10154724121094,34.118446313187135
2015-07-06,39.93000030517578,40.290000915527344,39.77000045776367,40.150001525878906,12434100,34.050655364990234,33.864075403313
2015-07-07,40.040000915527344,40.27000045776367,39.84000015258789,40.15999984741211,16437100,34.05914306640625,33.95737362406541
2015-07-08,39.900001525878906,40.2400016784668,39.70000076293945,39.77000045776367,14598700,33.728389739990234,33.838641855693936
2015-07-09,40.2400016784668,40.47999954223633,40.150001525878906,40.18000030517578,13348300,34.07609939575195,34.126985725881795
2015-07-10,40.560001373291016,40.650001525878906,40.209999084472656,40.36000061035156,10470900,34.2287483215332,34.39836615293168
2015-07-13,40.52000045776367,40.86000061035156,40.380001068115234,40.79999923706055,10717000,34.601898193359375,34.36443521697052
2015-07-14,40.810001373291016,40.900001525878906,40.58000183105469,40.779998779296875,9298800,34.58495330810547,34.610398093379374
2015-07-15,40.630001068115234,40.91999816894531,40.630001068115234,40.790000915527344,9326700,34.59342575073242,34.45773213177316
2015-07-16,41.02000045776367,41.02000045776367,40.560001373291016,40.959999084472656,14861000,34.73760223388672,34.78848855921528
2015-07-17,40.75,40.86000061035156,40.15999984741211,40.400001525878906,14574400,34.262699127197266,34.55952813612954
2015-07-20,40.36000061035156,40.38999938964844,39.869998931884766,39.93000030517578,17488100,33.864078521728516,34.22875580666589
2015-07-21,39.7599983215332,39.9900016784668,39.38999938964844,39.56999969482422,14679100,33.558780670166016,33.719915931488586
2015-07-22,39.36000061035156,39.66999816894531,39.25,39.41999816894531,16797000,33.43155288696289,33.380669790910495
2015-07-23,39.54999923706055,39.599998474121094,38.959999084472656,39.0,18083800,33.07535171508789,33.54179833582655
2015-07-24,39.099998474121094,39.16999816894531,38.79999923706055,39.0,12030300,33.07535171508789,33.16015901515269
2015-07-27,38.720001220703125,38.81999969482422,38.470001220703125,38.5099983215332,15756800,32.65979766845703,32.83789822663971
2015-07-28,38.790000915527344,39.369998931884766,38.439998626708984,39.279998779296875,14289200,33.31282043457031,32.897260063991055
2015-07-29,39.369998931884766,39.869998931884766,39.2599983215332,39.790000915527344,13016400,33.74534225463867,33.38914445721377
2015-07-30,40.029998779296875,40.099998474121094,39.54999923706055,39.650001525878906,13634200,33.62661361694336,33.948883990825834
2015-07-31,39.7599983215332,40.119998931884766,39.70000076293945,39.939998626708984,13706100,33.87255859375,33.71990283276852
2015-08-03,39.95000076293945,40.0099983215332,39.459999084472656,39.709999084472656,12444500,33.67750549316406,33.88104762439757
2015-08-04,39.59000015258789,40.0,39.529998779296875,39.65999984741211,9697300,33.63509750366211,33.57573173034648
2015-08-05,39.900001525878906,40.02000045776367,39.630001068115234,39.63999938964844,11982000,33.61811828613281,33.83862239069962
2015-08-06,39.630001068115234,39.84000015258789,39.150001525878906,39.31999969482422,10613000,33.34674835205078,33.6096562326245
2015-08-07,39.36000061035156,39.689998626708984,39.22999954223633,39.560001373291016,10655100,33.5502815246582,33.38066368672012
2015-08-10,39.7599983215332,40.04999923706055,39.70000076293945,39.88999938964844,9525800,33.83014678955078,33.71989471423293
2015-08-11,39.529998779296875,39.68000030517578,39.02000045776367,39.16999816894531,10600500,33.21954345703125,33.52485508529711
2015-08-12,38.7400016784668,39.36000061035156,38.5,39.279998779296875,11062300,33.31282043457031,32.85485640671443
2015-08-13,39.220001220703125,39.560001373291016,38.9900016784668,39.310001373291016,7785700,33.33827209472656,33.26194420180563
2015-08-14,39.33000183105469,39.5,39.18000030517578,39.40999984741211,7185000,33.423072814941406,33.355227609762075
2015-08-17,39.40999984741211,39.72999954223633,39.09000015258789,39.720001220703125,7631200,33.685977935791016,33.42307010346942
2015-08-18,39.52000045776367,40.029998779296875,39.5099983215332,39.83000183105469,9950600,33.779266357421875,33.51635853723194
2015-08-19,39.70000076293945,39.939998626708984,39.310001373291016,39.529998779296875,11112900,33.52485275268555,33.66902911608748
2015-08-20,39.189998626708984,39.5,38.599998474121094,38.630001068115234,13071200,32.76156997680664,33.236496166178476
2015-08-21,38.31999969482422,38.77000045776367,37.54999923706055,37.54999923706055,19411300,31.845640182495117,32.498667027142744
2015-08-24,35.72999954223633,36.599998474121094,35.13999938964844,36.08000183105469,32522300,30.598953247070312,30.30212112045156
2015-08-25,36.970001220703125,37.209999084472656,35.380001068115234,35.45000076293945,21393600,30.06466293334961,31.353754624116974
2015-08-26,36.029998779296875,37.02000045776367,35.599998474121094,36.90999984741211,20554300,31.302860260009766,30.556543528019805
2015-08-27,37.349998474121094,37.5099983215332,36.0099983215332,36.81999969482422,28218200,31.226524353027344,31.67600887029949
2015-08-28,36.86000061035156,37.4900016784668,36.779998779296875,37.459999084472656,21559100,31.769315719604492,31.260465174449646
2015-08-31,37.15999984741211,37.5099983215332,36.93000030517578,37.09000015258789,15352800,31.45552635192871,31.51489214422075
2015-09-01,36.33000183105469,36.54999923706055,35.88999938964844,36.0099983215332,19948700,30.539588928222656,30.810979544492994
2015-09-02,36.369998931884766,36.75,36.11000061035156,36.75,15049300,31.16718292236328,30.84490910465877
2015-09-03,36.810001373291016,37.27000045776367,36.77000045776367,36.900001525878906,11787800,31.294376373291016,31.21804849978771
2015-09-04,36.349998474121094,36.68000030517578,36.09000015258789,36.27000045776367,13147900,30.76009178161621,30.82793700616665
2015-09-08,36.72999954223633,37.81999969482422,36.72999954223633,37.68000030517578,18949600,31.955888748168945,31.150206199196173
2015-09-09,37.900001525878906,38.18000030517578,37.0099983215332,37.09000015258789,14710200,31.45552635192871,32.1424775365562
2015-09-10,37.029998779296875,37.939998626708984,37.029998779296875,37.61000061035156,16930600,31.896516799926758,31.40462533893241
2015-09-11,37.45000076293945,37.959999084472656,37.400001525878906,37.91999816894531,12948600,32.159423828125,31.760825555242167
2015-09-14,37.810001373291016,37.939998626708984,37.369998931884766,37.560001373291016,15021500,31.85411834716797,32.06613989390984
2015-09-15,37.77000045776367,38.18000030517578,37.400001525878906,37.9900016784668,14877900,32.21879196166992,32.0322119867297
2015-09-16,38.2599983215332,38.52000045776367,37.93000030517578,38.27000045776367,19574000,32.456268310546875,32.44778563447445
2015-09-17,38.27000045776367,38.27000045776367,36.5,36.7400016784668,37299000,31.15868377685547,32.45625443458974
2015-09-18,36.290000915527344,36.97999954223633,36.2599983215332,36.380001068115234,34919800,30.853376388549805,30.777048502313022
2015-09-21,36.599998474121094,37.060001373291016,36.41999816894531,36.83000183105469,14964400,31.235010147094727,31.039947512543645
2015-09-22,36.34000015258789,36.4900016784668,35.970001220703125,36.189998626708984,19979700,30.69223403930664,30.81944824525388
2015-09-23,36.189998626708984,36.220001220703125,35.83000183105469,35.9900016784668,16991600,30.522626876831055,30.692241545989393
2015-09-24,35.849998474121094,36.22999954223633,35.38999938964844,36.060001373291016,18059500,30.58197021484375,30.403869766622407
2015-09-25,36.20000076293945,36.31999969482422,35.90999984741211,36.04999923706055,19387000,30.573505401611328,30.700719619607597
2015-09-28,35.720001220703125,36.13999938964844,35.400001525878906,35.439998626708984,21742700,30.056171417236328,30.293637734631055
2015-09-29,35.310001373291016,35.65999984741211,35.2400016784668,35.5099983215332,19785900,30.115535736083984,29.945921105653465
2015-09-30,35.88999938964844,36.189998626708984,35.779998779296875,36.119998931884766,16215000,30.632871627807617,30.43781219646415
2015-10-01,36.22999954223633,36.41999816894531,35.849998474121094,36.2400016784668,18331300,30.73464012145996,30.726157449184814
2015-10-02,35.709999084472656,36.90999984741211,35.63999938964844,36.88999938964844,18772800,31.285898208618164,30.285156271923334
2015-10-05,37.2599983215332,37.72999954223633,37.02000045776367,37.59000015258789,12741700,31.87955665588379,31.59968668975055
2015-10-06,37.52000045776367,37.849998474121094,37.5099983215332,37.72999954223633,12427300,31.9982852935791,31.82018800500574
2015-10-07,37.75,37.97999954223633,37.349998474121094,37.65999984741211,16335700,31.938913345336914,32.01524120211383
2015-10-08,37.38999938964844,37.9900016784668,37.34000015258789,37.88999938964844,13247600,32.13397216796875,31.70992924522397
2015-10-09,37.97999954223633,38.20000076293945,37.65999984741211,38.099998474121094,14656400,32.44050979614258,32.33833586750112
2015-10-12,37.91999816894531,38.119998931884766,37.689998626708984,38.040000915527344,11022500,32.3894157409668,32.28723859176708
2015-10-13,37.90999984741211,38.20000076293945,37.7400016784668,37.81999969482422,11575600,32.20210266113281,32.27873391910581
2015-10-14,37.16999816894531,37.58000183105469,37.13999938964844,37.2599983215332,14069700,31.725284576416016,31.648653320876704
2015-10-15,37.54999923706055,37.66999816894531,37.2599983215332,37.54999923706055,12205500,31.972209930419922,31.972209930419922
2015-10-16,37.79999923706055,37.79999923706055,37.13999938964844,37.369998931884766,19694700,31.818944931030273,32.185071674990134
2015-10-19,36.86000061035156,37.099998474121094,36.56999969482422,36.869998931884766,18100500,31.393218994140625,31.38470585319789
2015-10-20,36.619998931884766,37.0,36.619998931884766,36.86000061035156,13678100,31.38469886779785,31.18034780209735
2015-10-21,36.97999954223633,37.119998931884766,36.56999969482422,36.619998931884766,11062600,31.180355072021484,31.486880118015755
2015-10-22,36.849998474121094,37.86000061035156,36.849998474121094,37.790000915527344,14701400,32.176551818847656,31.376180383732823
2015-10-23,38.119998931884766,38.15999984741211,37.790000915527344,38.06999969482422,16469100,32.41496276855469,32.45753496242823
2015-10-26,37.939998626708984,38.619998931884766,37.939998626708984,38.369998931884766,12330600,32.67040252685547,32.30427577554379
2015-10-27,38.33000183105469,38.45000076293945,38.040000915527344,38.34000015258789,14110500,32.64486312866211,32.636349987382275
2015-10-28,38.630001068115234,38.88999938964844,38.369998931884766,38.880001068115234,14020000,33.104644775390625,32.89178055300163
2015-10-29,38.529998779296875,38.90999984741211,38.529998779296875,38.86000061035156,11432900,33.08761215209961,32.8066298457712
2015-10-30,38.91999816894531,39.040000915527344,38.5,38.84000015258789,16471500,33.07058334350586,33.13869820078881
2015-11-02,39.04999923706055,39.779998779296875,38.900001525878906,39.75,19789700,33.84541702270508,33.2493964506825
2015-11-03,39.689998626708984,40.27000045776367,39.58000183105469,40.20000076293945,17153100,34.228572845458984,33.79432794645397
2015-11-04,40.349998474121094,40.56999969482422,40.060001373291016,40.47999954223633,16863300,34.466983795166016,34.356293460216605
2015-11-05,40.15999984741211,40.599998474121094,40.150001525878906,40.349998474121094,16358800,34.35627746582031,34.194501857785895
2015-11-06,40.31999969482422,40.63999938964844,40.130001068115234,40.619998931884766,16481800,34.586185455322266,34.3307489825929
2015-11-09,40.40999984741211,40.5,39.779998779296875,40.099998474121094,14604900,34.14341354370117,34.40736629906652
2015-11-10,39.83000183105469,40.16999816894531,39.790000915527344,39.91999816894531,11294000,33.99015808105469,33.91353007774987
2015-11-11,39.2400016784668,39.599998474121094,38.97999954223633,39.040000915527344,18861500,33.24088668823242,33.411178761555256
2015-11-12,38.650001525878906,39.099998474121094,38.5099983215332,38.630001068115234,14591600,32.891780853271484,32.9088103809841
2015-11-13,38.47999954223633,38.599998474121094,37.220001220703125,37.29999923706055,23987600,31.759340286254883,32.76405964272948
2015-11-16,37.689998626708984,38.38999938964844,37.560001373291016,38.119998931884766,16741000,32.4575309753418,32.09140430651402
2015-11-17,38.22999954223633,38.52000045776367,37.970001220703125,38.130001068115234,14820000,32.4660530090332,32.55119740113113
2015-11-18,38.189998626708984,38.72999954223633,38.150001525878906,38.70000076293945,11958900,32.951385498046875,32.51714062299636
2015-11-19,38.66999816894531,39.31999969482422,38.619998931884766,39.02000045776367,12306100,33.223846435546875,32.9258345913805
2015-11-20,39.25,39.58000183105469,39.20000076293945,39.34000015258789,12023200,33.496307373046875,33.41967613860325
2015-11-23,39.439998626708984,39.529998779296875,39.04999923706055,39.13999938964844,9111900,33.32601547241211,33.581451838582204
2015-11-24,38.779998779296875,39.619998931884766,38.779998779296875,39.459999084472656,13766300,33.598480224609375,33.01948941527692
2015-11-25,39.470001220703125,39.599998474121094,39.2400016784668,39.2599983215332,8014700,33.42819595336914,33.60700436815141
2015-11-27,39.13999938964844,39.34000015258789,39.08000183105469,39.18000030517578,6869900,33.36008071899414,33.32602166436342
2015-11-30,39.11000061035156,39.290000915527344,38.970001220703125,38.970001220703125,18969800,33.18126678466797,33.30047019632061
2015-12-01,39.09000015258789,39.279998779296875,38.90999984741211,39.22999954223633,12718200,33.402645111083984,33.28344169577014
2015-12-02,39.150001525878906,39.38999938964844,38.650001525878906,38.70000076293945,13694200,32.951385498046875,33.334541785429515
2015-12-03,38.959999084472656,38.959999084472656,37.75,37.810001373291016,20322500,32.19358444213867,33.17275786394513
2015-12-04,38.02000045776367,39.2400016784668,37.880001068115234,39.15999984741211,18206600,33.343048095703125,32.37238786520693
2015-12-07,39.15999984741211,39.2400016784668,38.5,38.81999969482422,13798500,33.05356979370117,33.34306538519473
2015-12-08,38.290000915527344,38.869998931884766,38.2599983215332,38.72999954223633,15219700,32.9769172668457,32.60227749194241
2015-12-09,38.630001068115234,39.349998474121094,38.33000183105469,38.58000183105469,17516100,32.849212646484375,32.89178484690977
2015-12-10,38.61000061035156,38.81999969482422,38.11000061035156,38.189998626708984,18358300,32.517147064208984,32.87476075262147
2015-12-11,37.619998931884766,37.849998474121094,37.029998779296875,37.209999084472656,20346800,31.682720184326172,32.03181749044771
2015-12-14,37.150001525878906,37.68000030517578,36.849998474121094,37.650001525878906,20142700,32.0573616027832,31.631633046294983
2015-12-15,38.099998474121094,38.529998779296875,37.95000076293945,38.209999084472656,19262900,32.5341796875,32.440518873350264
2015-12-16,38.66999816894531,39.13999938964844,38.349998474121094,38.90999984741211,23478000,33.130184173583984,32.925833111112745
2015-12-17,38.09000015258789,38.20000076293945,36.540000915527344,36.93000030517578,42879900,31.444307327270508,32.43199731915229
2015-12-18,36.88999938964844,37.08000183105469,36.310001373291016,36.349998474121094,28726800,30.950462341308594,31.410249925954574
2015-12-21,36.720001220703125,36.84000015258789,36.099998474121094,36.41999816894531,15042300,31.01005744934082,31.265497107158264
2015-12-22,36.38999938964844,36.709999084472656,36.25,36.59000015258789,13924800,31.154813766479492,30.98452170590152
2015-12-23,36.65999984741211,37.220001220703125,36.650001525878906,36.93000030517578,12832300,31.444307327270508,31.214413547084572
2015-12-24,36.72999954223633,37.22999954223633,36.72999954223633,37.0099983215332,4953900,31.512414932250977,31.27400806616384
2015-12-28,36.83000183105469,36.86000061035156,36.470001220703125,36.790000915527344,10921900,31.325111389160156,31.359170456933477
2015-12-29,37.02000045776367,37.209999084472656,36.97999954223633,37.040000915527344,10708600,31.5379581451416,31.520928620728984
2015-12-30,37.08000183105469,37.15999984741211,36.83000183105469,36.91999816894531,9585600,31.435794830322266,31.572031085566756
2015-12-31,36.84000015258789,36.95000076293945,36.43000030517578,36.529998779296875,10332400,31.103717803955078,31.367670597710628
2016-01-04,36.0099983215332,36.0099983215332,35.36000061035156,35.75,18784400,30.56508445739746,30.787374545689598
2016-01-05,35.86000061035156,36.119998931884766,35.4900016784668,35.63999938964844,25340700,30.471054077148438,30.659148050433707
2016-01-06,35.5,36.13999938964844,35.36000061035156,35.81999969482422,18165700,30.624937057495117,30.351347705292376
2016-01-07,35.25,35.68000030517578,34.880001068115234,35.040000915527344,22591400,29.95806312561035,30.137605524713553
2016-01-08,35.130001068115234,35.279998779296875,34.61000061035156,34.650001525878906,21962200,29.624631881713867,30.03501598318417
2016-01-11,34.75,35.119998931884766,34.52000045776367,34.939998626708984,18726600,29.8725643157959,29.710121659260178
2016-01-12,35.31999969482422,35.54999923706055,34.9900016784668,35.369998931884766,18457300,30.240211486816406,30.197463747247564
2016-01-13,35.189998626708984,35.400001525878906,33.869998931884766,34.08000183105469,28322900,29.137285232543945,30.08629613349753
2016-01-14,34.189998626708984,35.09000015258789,34.0099983215332,34.790000915527344,19523600,29.744327545166016,29.231344960031983
2016-01-15,33.79999923706055,34.5099983215332,33.65999984741211,34.119998931884766,25425000,29.171493530273438,28.89790415983149
2016-01-19,34.540000915527344,34.75,34.2400016784668,34.54999923706055,21423100,29.539134979248047,29.530586736820926
2016-01-20,33.880001068115234,34.22999954223633,33.130001068115234,33.939998626708984,25278700,29.017601013183594,28.96630504124833
2016-01-21,33.90999984741211,34.560001373291016,33.59000015258789,34.119998931884766,20380300,29.171493530273438,28.99195111744139
2016-01-22,34.54999923706055,34.9900016784668,34.529998779296875,34.79999923706055,15892700,29.752870559692383,29.539128668801716
2016-01-25,34.58000183105469,34.939998626708984,34.29999923706055,34.34000015258789,16793600,29.359596252441406,29.564789972545753
2016-01-26,34.31999969482422,35.22999954223633,34.119998931884766,35.22999954223633,19728900,30.120515823364258,29.342495239788185
2016-01-27,35.029998779296875,35.54999923706055,34.72999954223633,34.90999984741211,20567600,29.846933364868164,29.949528613778927
2016-01-28,35.16999816894531,35.54999923706055,34.939998626708984,35.33000183105469,15472800,30.206005096435547,30.069207157498678
2016-01-29,35.650001525878906,36.310001373291016,35.5099983215332,36.310001373291016,19059300,31.043872833251953,30.479594382188644
2016-02-01,35.900001525878906,36.540000915527344,35.849998474121094,36.31999969482422,14144000,31.052417755126953,30.69333298893581
2016-02-02,35.849998474121094,35.939998626708984,35.25,35.349998474121094,17404500,30.223102569580078,30.650586358464903
2016-02-03,35.560001373291016,35.790000915527344,34.939998626708984,35.689998626708984,13855300,30.513790130615234,30.402646699374422
2016-02-04,35.70000076293945,36.540000915527344,35.65999984741211,36.45000076293945,16925900,31.163583755493164,30.522357765715295
2016-02-05,36.130001068115234,36.2400016784668,35.369998931884766,35.70000076293945,17312200,30.522336959838867,30.889973204290538
2016-02-08,35.130001068115234,35.70000076293945,34.47999954223633,35.61000061035156,20118800,30.44539451599121,30.035010489582852
2016-02-09,35.130001068115234,35.61000061035156,34.619998931884766,35.08000183105469,17819800,29.992259979248047,30.035007699841277
2016-02-10,35.41999816894531,36.13999938964844,35.13999938964844,35.20000076293945,13368700,30.094865798950195,30.28295648833547
2016-02-11,34.59000015258789,35.11000061035156,34.470001220703125,34.84000015258789,18889700,29.787071228027344,29.57332932864754
2016-02-12,35.2400016784668,35.54999923706055,34.90999984741211,35.540000915527344,15837900,30.385543823242188,30.129054241649076
2016-02-16,35.7599983215332,35.90999984741211,35.41999816894531,35.70000076293945,19676300,30.522336959838867,30.573632916730478
2016-02-17,35.970001220703125,36.77000045776367,35.970001220703125,36.630001068115234,13186500,31.317472457885742,30.75319382177264
2016-02-18,36.709999084472656,36.869998931884766,36.400001525878906,36.630001068115234,12866600,31.317472457885742,31.385868188186166
2016-02-19,36.52000045776367,36.790000915527344,36.41999816894531,36.779998779296875,13203400,31.445697784423828,31.223407710613586
2016-02-22,37.11000061035156,37.4900016784668,36.900001525878906,37.11000061035156,10109900,31.72785186767578,31.72785186767578
2016-02-23,37.11000061035156,37.11000061035156,36.380001068115234,36.54999923706055,9417100,31.249061584472656,31.72784456030419
2016-02-24,36.09000015258789,36.72999954223633,35.77000045776367,36.630001068115234,10978200,31.317472457885742,30.855789047944995
2016-02-25,36.790000915527344,37.29999923706055,36.5,37.290000915527344,11566000,31.881752014160156,31.454268087753427
2016-02-26,37.43000030517578,37.650001525878906,36.84000015258789,36.959999084472656,16551100,31.599599838256836,32.00143563007509
2016-02-29,37.0,37.33000183105469,36.630001068115234,36.779998779296875,22300200,31.445697784423828,31.633791643261283
2016-03-01,37.150001525878906,37.9900016784668,37.040000915527344,37.9900016784668,13030800,32.480220794677734,31.76204787500971
2016-03-02,37.7599983215332,37.88999938964844,37.43000030517578,37.7599983215332,12791200,32.28357696533203,32.28357696533203
2016-03-03,37.61000061035156,37.90999984741211,37.400001525878906,37.88999938964844,8832200,32.394710540771484,32.15532073994795
2016-03-04,38.0,38.15999984741211,37.77000045776367,37.88999938964844,10638400,32.394710540771484,32.48875746579256
2016-03-07,37.540000915527344,38.45000076293945,37.52000045776367,38.36000061035156,13011000,32.79656219482422,32.095488926754925
2016-03-08,38.11000061035156,38.45000076293945,37.939998626708984,38.150001525878906,12384400,32.61701583862305,32.58281635125396
2016-03-09,38.43000030517578,38.61000061035156,38.119998931884766,38.47999954223633,16786500,32.89913558959961,32.85638788432415
2016-03-10,38.77000045776367,38.77000045776367,37.5099983215332,38.04999923706055,17620600,32.531524658203125,33.147102527714
2016-03-11,38.45000076293945,38.970001220703125,38.279998779296875,38.95000076293945,13143300,33.30100631713867,32.87352229063226
2016-03-14,38.90999984741211,38.939998626708984,38.54999923706055,38.70000076293945,14704500,33.08724594116211,33.26678834990592
2016-03-15,38.349998474121094,38.869998931884766,38.130001068115234,38.7400016784668,17502900,33.121437072753906,32.78799706162224
2016-03-16,39.54999923706055,40.95000076293945,39.529998779296875,40.220001220703125,49082300,34.38679504394531,33.81396510383346
2016-03-17,40.150001525878906,40.959999084472656,40.06999969482422,40.61000061035156,22163500,34.72023391723633,34.326949613504155
2016-03-18,40.869998931884766,41.4900016784668,40.650001525878906,41.47999954223633,34354000,35.46406173706055,34.9425308898115
2016-03-21,41.41999816894531,42.0,41.369998931884766,41.61000061035156,17275100,35.57520294189453,35.4127570079043
2016-03-22,41.31999969482422,41.75,41.189998626708984,41.380001068115234,11970500,35.37857437133789,35.32727512067174
2016-03-23,41.29999923706055,41.349998474121094,40.56999969482422,40.75,13666800,34.83992004394531,35.310151441329864
2016-03-24,40.599998474121094,41.06999969482422,40.34000015258789,40.970001220703125,11956200,35.02801513671875,34.711674853053985
2016-03-28,41.11000061035156,41.11000061035156,40.560001373291016,40.619998931884766,14647000,34.728790283203125,35.14772593011013
2016-03-29,40.40999984741211,40.79999923706055,40.369998931884766,40.70000076293945,15159200,34.797183990478516,34.54924258935203
2016-03-30,40.959999084472656,41.11000061035156,40.849998474121094,40.970001220703125,9803600,35.02801513671875,35.019463636380905
2016-03-31,41.130001068115234,41.2400016784668,40.79999923706055,40.90999984741211,10196500,34.97672653198242,35.16482045918693
2016-04-01,40.68000030517578,41.220001220703125,40.619998931884766,41.15999984741211,9574100,35.19046401977539,34.78007998957141
2016-04-04,41.150001525878906,41.279998779296875,40.900001525878906,41.06999969482422,10243500,35.113529205322266,35.18192819855557
2016-04-05,40.849998474121094,41.060001373291016,40.459999084472656,40.529998779296875,9111300,34.65183639526367,34.92542577117175
2016-04-06,40.400001525878906,40.790000915527344,40.189998626708984,40.75,12516200,34.83992004394531,34.54068277145742
2016-04-07,40.59000015258789,40.59000015258789,39.810001373291016,39.970001220703125,12838600,34.17306137084961,34.703140452713264
2016-04-08,40.130001068115234,40.540000915527344,40.130001068115234,40.36000061035156,8011000,34.50648880004883,34.309846666546015
2016-04-11,40.59000015258789,41.08000183105469,40.380001068115234,40.38999938964844,10399600,34.53214645385742,34.70314065393355
2016-04-12,40.310001373291016,40.52000045776367,39.9900016784668,40.41999816894531,9245000,34.686607360839844,34.592213104663394
2016-04-13,40.81999969482422,41.38999938964844,40.630001068115234,41.310001373291016,12752300,35.45037078857422,35.02987355760819
2016-04-14,41.310001373291016,41.459999084472656,41.18000030517578,41.2400016784668,9150500,35.39030075073242,35.45037131696574
2016-04-15,41.119998931884766,41.380001068115234,41.02000045776367,41.02000045776367,10340300,35.201499938964844,35.28731408429365
2016-04-18,40.84000015258789,41.25,40.79999923706055,41.2400016784668,8849300,35.39030075073242,35.04703756631316
2016-04-19,41.40999984741211,41.4900016784668,40.970001220703125,41.060001373291016,9884400,35.23583984375,35.536192736278394
2016-04-20,41.189998626708984,41.38999938964844,41.08000183105469,41.099998474121094,8481200,35.27014923095703,35.34738326819386
2016-04-21,41.029998779296875,41.29999923706055,40.880001068115234,40.9900016784668,11954100,35.17575454711914,35.21007823933149
2016-04-22,40.790000915527344,41.43000030517578,40.66999816894531,40.70000076293945,15003300,34.9268913269043,35.004125368425605
2016-04-25,40.59000015258789,40.83000183105469,40.470001220703125,40.779998779296875,10876200,34.99556350708008,34.83251521854928
2016-04-26,40.81999969482422,40.849998474121094,40.43000030517578,40.650001525878906,8365800,34.88397216796875,35.02985682163398
2016-04-27,40.5099983215332,41.0,40.5099983215332,40.849998474121094,8742100,35.05561065673828,34.76383799045769
2016-04-28,40.36000061035156,40.970001220703125,40.16999816894531,40.33000183105469,9233800,34.609371185302734,34.63511477173104
2016-04-29,40.16999816894531,40.16999816894531,39.369998931884766,39.86000061035156,12883300,34.20604705810547,34.472072921496995
2016-05-02,39.900001525878906,40.43000030517578,39.83000183105469,40.29999923706055,10454200,34.58363342285156,34.240373510311315
2016-05-03,40.029998779296875,40.11000061035156,39.529998779296875,39.68000030517578,11439600,34.05157470703125,34.351927506860406
2016-05-04,39.38999938964844,39.56999969482422,39.130001068115234,39.290000915527344,9046200,33.71688461303711,33.8026987371108
2016-05-05,39.439998626708984,39.459999084472656,39.130001068115234,39.22999954223633,8962700,33.6654052734375,33.84561695756488
2016-05-06,38.970001220703125,39.41999816894531,38.970001220703125,39.40999984741211,7587400,33.819881439208984,33.44229449563304
2016-05-09,39.34000015258789,39.72999954223633,39.220001220703125,39.36000061035156,7949400,33.776973724365234,33.759810235394625
2016-05-10,39.58000183105469,40.060001373291016,39.58000183105469,40.02000045776367,9290200,34.34335708618164,33.96577013511591
2016-05-11,39.86000061035156,40.08000183105469,39.63999938964844,39.650001525878906,7180100,34.02582931518555,34.20604098554193
2016-05-12,39.88999938964844,40.029998779296875,39.59000015258789,39.81999969482422,10006700,34.171695709228516,34.231766233829326
2016-05-13,39.779998779296875,40.08000183105469,39.5099983215332,39.61000061035156,9392600,33.99150848388672,34.137393212816505
2016-05-16,39.77000045776367,40.099998474121094,39.459999084472656,39.970001220703125,7797100,34.30044174194336,34.12881016055638
2016-05-17,39.79999923706055,40.02000045776367,39.470001220703125,39.599998474121094,9483700,33.98291778564453,34.154549344885105
2016-05-18,39.59000015258789,39.79999923706055,39.15999984741211,39.470001220703125,10379700,33.871360778808594,33.97433840711453
2016-05-19,39.15999984741211,39.2400016784668,38.560001373291016,38.84000015258789,15124400,33.330718994140625,33.60532815646026
2016-05-20,39.08000183105469,39.58000183105469,38.95000076293945,39.40999984741211,16153200,33.819881439208984,33.53669204992724
2016-05-23,39.310001373291016,39.439998626708984,39.13999938964844,39.18000030517578,8904800,33.622493743896484,33.73405474607511
2016-05-24,39.41999816894531,40.08000183105469,39.25,39.900001525878906,11329800,34.2403678894043,33.828450824215835
2016-05-25,40.04999923706055,40.290000915527344,40.04999923706055,40.130001068115234,7972200,34.437744140625,34.36909020303934
2016-05-26,40.11000061035156,40.20000076293945,39.91999816894531,39.95000076293945,7574000,34.28327560424805,34.42058020401556
2016-05-27,39.83000183105469,40.08000183105469,39.79999923706055,40.06999969482422,8240600,34.38625717163086,34.18030188520526
2016-05-31,40.08000183105469,40.220001220703125,39.95000076293945,40.20000076293945,12567400,34.497802734375,34.39482513731205
2016-06-01,40.060001373291016,40.29999923706055,39.81999969482422,40.2599983215332,9268800,34.5493049621582,34.377676650076914
2016-06-02,38.70000076293945,39.04999923706055,38.08000183105469,38.65999984741211,51063400,33.17625427246094,33.21058123960797
2016-06-03,38.7400016784668,39.209999084472656,38.689998626708984,39.099998474121094,20740000,33.55384826660156,33.2449153170046
2016-06-06,39.189998626708984,39.63999938964844,39.119998931884766,39.439998626708984,16116900,33.84562301635742,33.63108432343872
2016-06-07,39.54999923706055,39.7400016784668,39.04999923706055,39.130001068115234,20009500,33.579586029052734,33.940009342652786
2016-06-08,39.15999984741211,39.34000015258789,38.900001525878906,39.279998779296875,11671000,33.70830535888672,33.60532774268466
2016-06-09,39.189998626708984,39.209999084472656,38.75,39.04999923706055,12316100,33.51093292236328,33.63107402984961
2016-06-10,38.779998779296875,38.9900016784668,38.61000061035156,38.7400016784668,10441700,33.24490737915039,33.2792310718432
2016-06-13,38.5,38.88999938964844,38.380001068115234,38.619998931884766,13036300,33.14191818237305,33.038940582878254
2016-06-14,38.630001068115234,38.97999954223633,38.56999969482422,38.83000183105469,12092200,33.32215118408203,33.150519575909655
2016-06-15,38.79999923706055,38.91999816894531,38.40999984741211,38.439998626708984,14476100,32.98746871948242,33.296404965508074
2016-06-16,38.36000061035156,38.79999923706055,38.08000183105469,38.63999938964844,17916500,33.15908432006836,32.91880214411396
2016-06-17,39.4900016784668,39.959999084472656,38.91999816894531,39.68000030517578,34512400,34.05157470703125,33.88852651192399
2016-06-20,39.900001525878906,40.349998474121094,39.70000076293945,39.72999954223633,17149200,34.094482421875,34.24037040852912
2016-06-21,39.93000030517578,40.119998931884766,39.75,39.9900016784668,20111100,34.317604064941406,34.2661136101895
2016-06-22,40.150001525878906,40.34000015258789,39.869998931884766,40.0099983215332,12643400,34.33475875854492,34.454903133658426
2016-06-23,40.400001525878906,40.869998931884766,40.2599983215332,40.83000183105469,15430000,35.038455963134766,34.669449201406515
2016-06-24,39.380001068115234,39.88999938964844,39.02000045776367,39.22999954223633,44204500,33.6654052734375,33.794129775585674
2016-06-27,38.869998931884766,38.880001068115234,38.18000030517578,38.47999954223633,22506100,33.02180862426758,33.35648859728619
2016-06-28,38.720001220703125,39.189998626708984,38.58000183105469,39.130001068115234,14750900,33.579586029052734,33.2277428199481
2016-06-29,39.7599983215332,40.70000076293945,39.4900016784668,40.54999923706055,23009700,34.798160552978516,34.12021778570972
2016-06-30,40.47999954223633,41.15999984741211,40.470001220703125,40.93000030517578,20100900,35.124271392822266,34.73810113123877
2016-07-01,40.779998779296875,41.04999923706055,40.689998626708984,40.86000061035156,11381600,35.19317626953125,35.12426979620439
2016-07-05,40.33000183105469,40.58000183105469,40.150001525878906,40.400001525878906,12501400,34.796966552734375,34.73667504413283
2016-07-06,40.20000076293945,40.56999969482422,40.02000045776367,40.529998779296875,12124300,34.908939361572266,34.62470839464846
2016-07-07,40.650001525878906,40.83000183105469,40.41999816894531,40.529998779296875,11676700,34.908939361572266,35.01229906376387
2016-07-08,40.880001068115234,41.18000030517578,40.7400016784668,40.869998931884766,14235600,35.201778411865234,35.21039336152102
2016-07-11,40.900001525878906,41.13999938964844,40.75,40.779998779296875,12912000,35.124271392822266,35.22763110751091
2016-07-12,41.22999954223633,41.58000183105469,41.060001373291016,41.41999816894531,13321000,35.675498962402344,35.51185106018934
2016-07-13,41.560001373291016,41.650001525878906,41.25,41.459999084472656,9612700,35.7099609375,35.79609402737509
2016-07-14,41.56999969482422,41.869998931884766,41.5,41.66999816894531,9259800,35.890830993652344,35.80470120022754
2016-07-15,41.90999984741211,41.90999984741211,41.459999084472656,41.77000045776367,11666300,35.97697448730469,36.09755754726211
2016-07-18,41.709999084472656,41.84000015258789,41.58000183105469,41.63999938964844,8738900,35.864994049072266,35.92528556384428
2016-07-19,41.29999923706055,41.45000076293945,41.0099983215332,41.08000183105469,12723000,35.38266372680664,35.57214994614733
2016-07-20,41.47999954223633,41.5,41.25,41.25,11409700,35.529083251953125,35.72718441277799
2016-07-21,41.34000015258789,41.5099983215332,40.939998626708984,41.06999969482422,11424700,35.37406539916992,35.60661991394245
2016-07-22,41.119998931884766,41.209999084472656,40.95000076293945,41.08000183105469,10426300,35.38266372680664,35.41711367582412
2016-07-25,40.90999984741211,41.15999984741211,40.88999938964844,41.15999984741211,8974400,35.45157241821289,35.236244596604294
2016-07-26,41.060001373291016,41.2400016784668,40.810001373291016,40.939998626708984,11031900,35.26207733154297,35.36543703530252
2016-07-27,41.029998779296875,41.11000061035156,40.75,40.93000030517578,9566900,35.25346374511719,35.33959354124986
2016-07-28,41.349998474121094,41.400001525878906,40.720001220703125,41.189998626708984,17048600,35.4774055480957,35.61521520246632
2016-07-29,41.31999969482422,41.380001068115234,40.91999816894531,41.040000915527344,13230800,35.34819412231445,35.58936008195877
2016-08-01,40.90999984741211,41.27000045776367,40.90999984741211,41.150001525878906,12435400,35.44297409057617,35.23625785834848
2016-08-02,41.119998931884766,41.119998931884766,40.58000183105469,40.709999084472656,10268200,35.06398010253906,35.417117582642454
2016-08-03,40.619998931884766,40.849998474121094,40.599998474121094,40.709999084472656,12350500,35.06398010253906,34.986461958826524
2016-08-04,40.61000061035156,40.95000076293945,40.61000061035156,40.900001525878906,9142100,35.22762680053711,34.97784578237389
2016-08-05,41.06999969482422,41.220001220703125,40.959999084472656,41.130001068115234,9615300,35.425724029541016,35.37404418426018
2016-08-08,41.18000030517578,41.400001525878906,41.119998931884766,41.15999984741211,11427800,35.45157241821289,35.46879903821859
2016-08-09,41.09000015258789,41.27000045776367,41.04999923706055,41.099998474121094,9533700,35.3998908996582,35.391279232879725
2016-08-10,41.130001068115234,41.25,40.86000061035156,41.09000015258789,11077400,35.39126968383789,35.42572291293917
2016-08-11,41.130001068115234,41.40999984741211,41.130001068115234,41.279998779296875,9473700,35.5549201965332,35.42572550640641
2016-08-12,41.130001068115234,41.20000076293945,41.0,41.09000015258789,6301200,35.39126968383789,35.42572291293917
2016-08-15,41.0,41.63999938964844,41.0,41.38999938964844,12774900,35.649662017822266,35.313751251135926
2016-08-16,41.29999923706055,41.45000076293945,41.2400016784668,41.31999969482422,8109100,35.589378356933594,35.5721517387361
2016-08-17,41.380001068115234,41.380001068115234,41.06999969482422,41.209999084472656,9876400,35.494632720947266,35.641057329180256
2016-08-18,40.95000076293945,41.33000183105469,40.95000076293945,41.13999938964844,8544600,35.43434143066406,35.2706934892434
2016-08-19,41.040000915527344,41.34000015258789,41.0099983215332,41.31999969482422,9109900,35.589378356933594,35.34821227345165
2016-08-22,41.11000061035156,41.38999938964844,41.11000061035156,41.220001220703125,9834700,35.50325393676758,35.40850916513109
2016-08-23,41.369998931884766,41.63999938964844,41.36000061035156,41.5,10631800,35.74441909790039,35.63244770845736
2016-08-24,41.349998474121094,41.470001220703125,40.97999954223633,41.06999969482422,9830300,35.37406539916992,35.615231583833506
2016-08-25,41.119998931884766,41.20000076293945,41.0,41.099998474121094,7567200,35.3998908996582,35.41711751885681
2016-08-26,41.11000061035156,41.58000183105469,41.06999969482422,41.2599983215332,9228200,35.537696838378906,35.40850213640913
2016-08-29,41.47999954223633,41.529998779296875,41.2599983215332,41.310001373291016,9168500,35.58076858520508,35.72718991921797
2016-08-30,41.38999938964844,41.400001525878906,41.150001525878906,41.310001373291016,6840300,35.58076858520508,35.64967177602243
2016-08-31,41.27000045776367,41.31999969482422,41.09000015258789,41.220001220703125,9694700,35.50325393676758,35.54631884597271
2016-09-01,40.97999954223633,41.2599983215332,40.779998779296875,41.15999984741211,10652500,35.45157241821289,35.29653612380336
2016-09-02,41.2599983215332,41.41999816894531,41.029998779296875,41.25,9020200,35.529083251953125,35.53769491736241
2016-09-06,41.369998931884766,41.369998931884766,41.06999969482422,41.25,8308300,35.529083251953125,35.6324396650702
2016-09-07,41.13999938964844,41.310001373291016,40.95000076293945,41.25,10415300,35.529083251953125,35.43433850424534
2016-09-08,40.93000030517578,41.0,40.599998474121094,40.720001220703125,16732100,35.07259750366211,35.25347208973904
2016-09-09,40.33000183105469,40.7400016784668,40.029998779296875,40.029998779296875,14477500,34.478275299072266,34.736671205254936
2016-09-12,39.959999084472656,40.75,39.68000030517578,40.68000030517578,14927200,35.03813552856445,34.41799049015554
2016-09-13,40.369998931884766,40.529998779296875,39.970001220703125,40.18000030517578,13395200,34.60749053955078,34.77113851432473
2016-09-14,40.02000045776367,40.560001373291016,40.02000045776367,40.25,11626900,34.66777801513672,34.469676820755794
2016-09-15,40.18000030517578,41.029998779296875,40.09000015258789,40.86000061035156,18403700,35.19317626953125,34.60748438881886
2016-09-16,39.61000061035156,39.95000076293945,38.709999084472656,38.91999816894531,50703500,33.5222282409668,34.11653503479652
2016-09-19,39.130001068115234,39.54999923706055,39.04999923706055,39.22999954223633,19801900,33.78923416137695,33.70310436537172
2016-09-20,39.54999923706055,39.599998474121094,39.060001373291016,39.06999969482422,12121300,33.65142059326172,34.06484948004278
2016-09-21,39.189998626708984,39.58000183105469,39.189998626708984,39.5099983215332,10994000,34.03040313720703,33.75478382358341
2016-09-22,39.68000030517578,39.79999923706055,39.47999954223633,39.5099983215332,9679300,34.03040313720703,34.17682774574286
2016-09-23,39.38999938964844,39.41999816894531,39.029998779296875,39.22999954223633,14017300,33.78923416137695,33.92704380636998
2016-09-26,39.0,39.099998474121094,38.7599983215332,39.029998779296875,9840900,33.616981506347656,33.591143216817116
2016-09-27,38.900001525878906,39.4900016784668,38.86000061035156,39.29999923706055,10644600,33.849517822265625,33.50499543253641
2016-09-28,39.22999954223633,39.5,39.15999984741211,39.439998626708984,8103500,33.97011184692383,33.789237287195604
2016-09-29,39.25,39.619998931884766,39.08000183105469,39.119998931884766,8795200,33.694488525390625,33.806459885756055
2016-09-30,39.25,39.439998626708984,39.09000015258789,39.279998779296875,12861900,33.832298278808594,33.80645999773138
2016-10-03,39.20000076293945,39.2599983215332,38.86000061035156,38.9900016784668,10403500,33.5825309753418,33.76340557025086
2016-10-04,39.040000915527344,39.20000076293945,38.7599983215332,38.869998931884766,9199300,33.47916030883789,33.625584898999676
2016-10-05,39.11000061035156,39.34000015258789,38.88999938964844,39.150001525878906,8269200,33.72032928466797,33.68587605374335
2016-10-06,39.11000061035156,39.2400016784668,38.630001068115234,38.869998931884766,9789100,33.47916030883789,33.685876410936594
2016-10-07,38.84000015258789,39.0,38.61000061035156,38.709999084472656,11442000,33.47052001953125,33.58292517209703
2016-10-10,38.86000061035156,39.0,38.59000015258789,38.619998931884766,9475400,33.392704010009766,33.60022097615682
2016-10-11,38.560001373291016,38.650001525878906,37.810001373291016,38.0099983215332,14964000,32.865272521972656,33.3408316112162
2016-10-12,37.93000030517578,38.150001525878906,37.63999938964844,38.04999923706055,8944900,32.89986038208008,32.796103530985
2016-10-13,37.86000061035156,38.189998626708984,37.619998931884766,38.029998779296875,14117600,32.88256072998047,32.73557216059422
2016-10-14,38.2599983215332,38.59000015258789,38.189998626708984,38.40999984741211,11601200,33.21112823486328,33.08142972064355
2016-10-17,38.540000915527344,38.540000915527344,38.209999084472656,38.290000915527344,9419000,33.10736083984375,33.32352276233157
2016-10-18,38.599998474121094,38.689998626708984,38.36000061035156,38.41999816894531,7121900,33.21976852416992,33.37540539968265
2016-10-19,38.52000045776367,38.63999938964844,38.310001373291016,38.349998474121094,8310900,33.159244537353516,33.30623639059292
2016-10-20,38.119998931884766,38.349998474121094,38.0099983215332,38.09000015258789,11197000,32.934444427490234,32.96038281356762
2016-10-21,37.9900016784668,38.119998931884766,37.77000045776367,37.93000030517578,13413400,32.79608917236328,32.84796922438237
2016-10-24,38.119998931884766,38.41999816894531,38.119998931884766,38.27000045776367,13550500,33.09007263183594,32.96037413884279
2016-10-25,38.27000045776367,38.43000030517578,38.099998474121094,38.36000061035156,11627100,33.16789245605469,33.090074016675985
2016-10-26,38.150001525878906,38.63999938964844,38.150001525878906,38.310001373291016,9723100,33.12466049194336,32.98631696716385
2016-10-27,38.40999984741211,38.560001373291016,38.150001525878906,38.220001220703125,7588900,33.04684066772461,33.21112256577272
2016-10-28,38.29999923706055,38.45000076293945,38.029998779296875,38.16999816894531,7803300,33.00361251831055,33.1160176816551
2016-10-31,38.310001373291016,38.5099983215332,38.20000076293945,38.41999816894531,10485300,33.21976852416992,33.12466003212971
2016-11-01,38.58000183105469,38.58000183105469,38.22999954223633,38.459999084472656,12018200,33.25434875488281,33.35810885060247
2016-11-02,38.459999084472656,38.4900016784668,37.97999954223633,38.029998779296875,9488400,32.88256072998047,33.25435961514241
2016-11-03,37.9900016784668,38.380001068115234,37.9900016784668,38.310001373291016,12393100,33.12466049194336,32.847973442384344
2016-11-04,38.310001373291016,38.58000183105469,38.16999816894531,38.279998779296875,14288900,33.09872817993164,33.124669865798204
2016-11-07,38.72999954223633,39.150001525878906,38.720001220703125,39.09000015258789,9506900,33.799076080322266,33.48780240493883
2016-11-08,39.15999984741211,39.349998474121094,38.97999954223633,39.130001068115234,7574700,33.83366394042969,33.85960231481375
2016-11-09,38.560001373291016,39.7400016784668,38.38999938964844,39.54999923706055,19497300,34.19682693481445,33.34082728206506
2016-11-10,39.650001525878906,40.060001373291016,39.29999923706055,39.58000183105469,26707200,34.22276306152344,34.283288146402754
2016-11-11,39.540000915527344,39.810001373291016,39.18000030517578,39.45000076293945,12217700,34.1103515625,34.18816998546783
2016-11-14,39.38999938964844,39.66999816894531,39.11000061035156,39.29999923706055,15417100,33.98067092895508,34.05848939277227
2016-11-15,38.88999938964844,39.220001220703125,38.68000030517578,39.16999816894531,13594300,33.86825942993164,33.626159053608184
2016-11-16,39.099998474121094,39.79999923706055,38.91999816894531,39.70000076293945,12597000,34.326507568359375,33.807717071826616
2016-11-17,39.79999923706055,40.290000915527344,39.66999816894531,40.25,13316600,34.80207824707031,34.41298602935453
2016-11-18,40.279998779296875,40.4900016784668,39.66999816894531,39.86000061035156,12890600,34.464866638183594,34.82801718156874
2016-11-21,39.970001220703125,40.029998779296875,39.66999816894531,39.88999938964844,8073100,34.49080276489258,34.55997617722543
2016-11-22,40.09000015258789,40.119998931884766,39.810001373291016,40.09000015258789,10993100,34.66374206542969,34.66374206542969
2016-11-23,40.04999923706055,40.099998474121094,39.84000015258789,40.099998474121094,11070100,34.67237091064453,34.62913918599169
2016-11-25,40.040000915527344,40.349998474121094,40.040000915527344,40.27000045776367,4013100,34.819374084472656,34.62050544753823
2016-11-28,40.130001068115234,40.529998779296875,40.04999923706055,40.29999923706055,12118300,34.845298767089844,34.69831025346947
2016-11-29,40.34000015258789,40.7400016784668,40.130001068115234,40.54999923706055,10157400,35.06147003173828,34.879894772910625
2016-11-30,40.65999984741211,40.70000076293945,40.189998626708984,40.189998626708984,14374600,34.75020217895508,35.15658779731475
2016-12-01,40.11000061035156,40.18000030517578,38.459999084472656,38.70000076293945,22740200,33.461875915527344,34.68102937818564
2016-12-02,38.459999084472656,38.83000183105469,37.63999938964844,38.5,19120300,33.28893280029297,33.25434610447635
2016-12-05,38.599998474121094,39.11000061035156,38.540000915527344,38.970001220703125,13681500,33.69532775878906,33.37540567956905
2016-12-06,39.0099983215332,39.47999954223633,38.880001068115234,39.470001220703125,13524700,34.12765121459961,33.72991070243714
2016-12-07,39.5,40.369998931884766,39.4900016784668,40.31999969482422,15170600,34.86260223388672,34.153591236641226
2016-12-08,40.31999969482422,40.4900016784668,40.08000183105469,40.349998474121094,10109700,34.88853073120117,34.862592357645376
2016-12-09,40.40999984741211,40.77000045776367,40.279998779296875,40.52000045776367,11219100,35.03553771972656,34.94042591099936
2016-12-12,40.349998474121094,40.70000076293945,40.349998474121094,40.5099983215332,10891400,35.026885986328125,34.888542450279274
2016-12-13,40.470001220703125,41.0,40.470001220703125,40.7599983215332,12493100,35.243038177490234,34.992292855684944
2016-12-14,40.869998931884766,41.09000015258789,40.619998931884766,40.880001068115234,25102400,35.346797943115234,35.33814961926248
2016-12-15,40.95000076293945,41.13999938964844,40.7400016784668,40.86000061035156,17783500,35.32951354980469,35.407331992360774
2016-12-16,40.220001220703125,40.220001220703125,38.7599983215332,39.099998474121094,46224200,33.80773162841797,34.77613965289903
2016-12-19,39.029998779296875,39.189998626708984,38.59000015258789,38.900001525878906,15135100,33.63481140136719,33.74721327617175
2016-12-20,38.959999084472656,39.11000061035156,38.79999923706055,39.0,14006400,33.721256256103516,33.686669560642585
2016-12-21,39.060001373291016,39.060001373291016,38.61000061035156,38.83000183105469,11966400,33.57429504394531,33.77316375697326
2016-12-22,38.93000030517578,39.2400016784668,38.599998474121094,38.959999084472656,11226300,33.686683654785156,33.660745271521535
2016-12-23,38.790000915527344,39.02000045776367,38.630001068115234,38.779998779296875,8143600,33.53104019165039,33.539688516624686
2016-12-27,38.77000045776367,39.040000915527344,38.7599983215332,38.81999969482422,5073700,33.56562423706055,33.52239251072084
2016-12-28,38.869998931884766,38.91999816894531,38.630001068115234,38.68000030517578,8264100,33.4445686340332,33.6088504867014
2016-12-29,38.61000061035156,38.84000015258789,38.61000061035156,38.689998626708984,5711800,33.453224182128906,33.38405406917152
2016-12-30,38.75,38.86000061035156,38.34000015258789,38.45000076293945,10820200,33.24571228027344,33.505105989550806
2017-01-03,38.45000076293945,38.689998626708984,38.29999923706055,38.54999923706055,11051300,33.46272277832031,33.3759206697861
2017-01-04,38.54999923706055,38.91999816894531,38.54999923706055,38.7400016784668,9545500,33.62763977050781,33.462711185626574
2017-01-05,38.66999816894531,38.95000076293945,38.40999984741211,38.63999938964844,12064700,33.54083251953125,33.566872479367696
2017-01-06,38.75,38.75,38.380001068115234,38.45000076293945,14829700,33.37592315673828,33.63633281303311
2017-01-09,38.529998779296875,39.45000076293945,38.470001220703125,39.029998779296875,15587900,33.879371643066406,33.445354570267554
2017-01-10,39.0,39.06999969482422,38.65999984741211,38.65999984741211,11316600,33.55820846557617,33.85334028254218
2017-01-11,38.63999938964844,39.130001068115234,38.63999938964844,39.11000061035156,10403100,33.948822021484375,33.54084484064773
2017-01-12,39.029998779296875,39.31999969482422,38.59000015258789,39.20000076293945,11526900,34.02694320678711,33.87937566265797
2017-01-13,39.15999984741211,39.33000183105469,39.029998779296875,39.2599983215332,9455300,34.07902145385742,33.99221935781513
2017-01-17,39.06999969482422,39.279998779296875,38.88999938964844,39.099998474121094,11081400,33.940128326416016,33.914088365835305
2017-01-18,39.279998779296875,39.34000015258789,39.029998779296875,39.189998626708984,10394000,34.01826477050781,34.09638799396806
2017-01-19,39.119998931884766,39.380001068115234,39.099998474121094,39.209999084472656,12232400,34.035621643066406,33.9574984292734
2017-01-20,39.459999084472656,40.029998779296875,39.45000076293945,39.869998931884766,25439100,34.608524322509766,34.25263041552399
2017-01-23,39.7599983215332,40.09000015258789,39.43000030517578,39.68000030517578,13251200,34.443607330322266,34.513048364632446
2017-01-24,39.849998474121094,40.20000076293945,39.75,40.099998474121094,12216500,34.80816650390625,34.59115797629764
2017-01-25,40.31999969482422,40.380001068115234,39.95000076293945,40.150001525878906,13164800,34.85157775878906,34.99914199736152
2017-01-26,40.209999084472656,40.25,39.95000076293945,40.130001068115234,10556500,34.83422088623047,34.90366191533796
2017-01-27,40.20000076293945,40.38999938964844,40.130001068115234,40.22999954223633,9232700,34.92101287841797,34.89497291396152
2017-01-30,40.11000061035156,40.25,39.810001373291016,40.22999954223633,10589600,34.92101287841797,34.81684970930471
2017-01-31,40.209999084472656,40.25,39.66999816894531,40.11000061035156,10766700,34.816837310791016,34.90363936892668
2017-02-01,40.220001220703125,40.220001220703125,39.709999084472656,39.84000015258789,11837000,34.58247756958008,34.91233144418298
2017-02-02,39.77000045776367,40.0,39.68000030517578,39.97999954223633,10120300,34.70399856567383,34.52171222225772
2017-02-03,40.06999969482422,40.43000030517578,39.95000076293945,40.43000030517578,12941200,35.094635009765625,34.78214206076202
2017-02-06,40.439998626708984,40.439998626708984,40.08000183105469,40.099998474121094,7871300,34.80816650390625,35.103298233905456
2017-02-07,40.15999984741211,40.29999923706055,40.040000915527344,40.06999969482422,8848700,34.78211975097656,34.86024293811805
2017-02-08,40.060001373291016,40.349998474121094,40.0099983215332,40.02000045776367,8883300,34.73872375488281,34.773445912267924
2017-02-09,40.02000045776367,40.45000076293945,40.02000045776367,40.22999954223633,10977100,34.92101287841797,34.73872650464791
2017-02-10,40.33000183105469,40.91999816894531,40.209999084472656,40.790000915527344,13168700,35.40711975097656,35.00782476927278
2017-02-13,40.88999938964844,41.189998626708984,40.79999923706055,41.09000015258789,12779800,35.66752243041992,35.49391494266734
2017-02-14,40.91999816894531,41.16999816894531,40.75,41.099998474121094,9623000,35.67621612548828,35.51996965277494
2017-02-15,40.959999084472656,41.47999954223633,40.88999938964844,41.40999984741211,9243600,35.9453010559082,35.55468494968144
2017-02-16,41.459999084472656,41.7400016784668,41.369998931884766,41.59000015258789,10132700,36.101539611816406,35.98869424771634
2017-02-17,41.540000915527344,42.060001373291016,41.5,42.060001373291016,18545300,36.509517669677734,36.05813951273314
2017-02-21,41.9900016784668,42.380001068115234,41.93000030517578,42.27000045776367,12394700,36.69180679321289,36.44875827177836
2017-02-22,42.2599983215332,42.52000045776367,42.130001068115234,42.5099983215332,11602800,36.900123596191406,36.683115097878314
2017-02-23,42.560001373291016,42.9900016784668,42.5,42.959999084472656,15484000,37.2907600402832,36.943548239021126
2017-02-24,42.7400016784668,43.189998626708984,42.68000030517578,43.16999816894531,11426700,37.47303771972656,37.09978603127403
2017-02-27,43.2599983215332,43.2599983215332,42.52000045776367,42.70000076293945,13876500,37.0650520324707,37.55114894761055
2017-02-28,42.619998931884766,42.75,42.41999816894531,42.59000015258789,14450300,36.969573974609375,36.995613939070296
2017-03-01,42.75,43.0,42.689998626708984,42.91999816894531,11402200,37.256019592285156,37.10845539417059
2017-03-02,42.83000183105469,42.93000030517578,42.630001068115234,42.88999938964844,9431600,37.22998809814453,37.17790816286474
2017-03-03,42.77000045776367,42.88999938964844,42.59000015258789,42.689998626708984,8917100,37.056373596191406,37.12581791184634
2017-03-06,42.459999084472656,42.7400016784668,42.29999923706055,42.56999969482422,9196000,36.95222473144531,36.85674041611887
2017-03-07,42.58000183105469,42.75,42.52000045776367,42.599998474121094,9492900,36.97825622558594,36.96089845522333
2017-03-08,42.68000030517578,42.790000915527344,42.5099983215332,42.61000061035156,9217100,36.986942291259766,37.04770442774845
2017-03-09,42.630001068115234,42.630001068115234,42.25,42.439998626708984,10308400,36.839378356933594,37.004307010425606
2017-03-10,42.619998931884766,42.689998626708984,42.349998474121094,42.68000030517578,12244500,37.04769515991211,36.99561192254175
2017-03-13,42.75,42.779998779296875,42.529998779296875,42.58000183105469,12440800,36.96090316772461,37.10846741363536
2017-03-14,42.58000183105469,42.84000015258789,42.40999984741211,42.790000915527344,10291000,37.143184661865234,36.960898272369974
2017-03-15,42.900001525878906,43.20000076293945,42.63999938964844,43.04999923706055,18393200,37.36886978149414,37.23866664476926
2017-03-16,46.38999938964844,46.9900016784668,45.650001525878906,45.72999954223633,67535400,39.69520950317383,40.26811202837261
2017-03-17,45.25,45.97999954223633,45.11000061035156,45.65999984741211,31688700,39.634437561035156,39.27854370631343
2017-03-20,45.66999816894531,45.95000076293945,45.15999984741211,45.22999954223633,21452600,39.261192321777344,39.6431262346532
2017-03-21,45.310001373291016,45.400001525878906,44.709999084472656,44.84000015258789,21974500,38.92265319824219,39.330630327009494
2017-03-22,45.130001068115234,45.45000076293945,44.630001068115234,44.790000915527344,14339700,38.87925338745117,39.17438515378373
2017-03-23,44.68000030517578,45.060001373291016,44.66999816894531,44.95000076293945,16190500,39.01811981201172,38.783750289619924
2017-03-24,44.91999816894531,45.09000015258789,44.58000183105469,44.650001525878906,13110200,38.757728576660156,38.99209489807029
2017-03-27,44.5099983215332,44.93000030517578,44.36000061035156,44.84000015258789,8933100,38.92265319824219,38.63620032622575
2017-03-28,44.83000183105469,45.029998779296875,44.65999984741211,44.689998626708984,14008800,38.792449951171875,38.91397752925371
2017-03-29,44.52000045776367,44.72999954223633,44.470001220703125,44.52000045776367,10636200,38.64488983154297,38.64488983154297
2017-03-30,44.45000076293945,44.75,44.369998931884766,44.68000030517578,7792500,38.78377151489258,38.58412402980537
2017-03-31,44.5,44.849998474121094,44.459999084472656,44.61000061035156,10652800,38.72301483154297,38.627530518432835
2017-04-03,44.68000030517578,45.04999923706055,44.400001525878906,44.61000061035156,16044300,38.72301483154297,38.78377697419698
2017-04-04,44.61000061035156,44.7400016784668,44.380001068115234,44.59000015258789,9161300,38.70564651489258,38.72300759687705
2017-04-05,44.7400016784668,44.970001220703125,44.40999984741211,44.4900016784668,9445100,38.61884689331055,38.83585546510389
2017-04-06,44.529998779296875,44.529998779296875,44.13999938964844,44.18000030517578,11557800,38.34974670410156,38.65355731380392
2017-04-07,44.09000015258789,44.38999938964844,43.9900016784668,44.290000915527344,13446600,38.44522476196289,38.2716173082526
2017-04-10,44.209999084472656,44.45000076293945,43.959999084472656,44.0,11668600,38.35805130004883,38.5411230194844
2017-04-11,43.88999938964844,44.45000076293945,43.7599983215332,44.16999816894531,15422400,38.506263732910156,38.26216802796447
2017-04-12,44.33000183105469,44.40999984741211,44.029998779296875,44.18000030517578,8457000,38.514984130859375,38.645751590092594
2017-04-13,44.189998626708984,44.45000076293945,43.97999954223633,44.0,11838300,38.35805130004883,38.52368714255433
2017-04-17,44.119998931884766,44.36000061035156,44.0,44.290000915527344,10999300,38.610877990722656,38.46267465559237
2017-04-18,44.209999084472656,44.58000183105469,44.13999938964844,44.52000045776367,10446700,38.81137466430664,38.541123556455425
2017-04-19,44.439998626708984,44.540000915527344,44.08000183105469,44.189998626708984,10712000,38.5236930847168,38.74163659162966
2017-04-20,44.2599983215332,44.630001068115234,44.16999816894531,44.529998779296875,10880900,38.820091247558594,38.584711892189254
2017-04-21,44.59000015258789,44.7400016784668,44.400001525878906,44.43000030517578,11556000,38.7329216003418,38.87240531637404
2017-04-24,44.970001220703125,44.9900016784668,44.619998931884766,44.84000015258789,10848900,39.09035873413086,39.203690321355474
2017-04-25,44.97999954223633,44.97999954223633,44.599998474121094,44.720001220703125,12436800,38.9857292175293,39.212388964479686
2017-04-26,44.75,45.040000915527344,44.63999938964844,44.689998626708984,10122400,38.95958709716797,39.011894745422936
2017-04-27,44.880001068115234,44.939998626708984,44.650001525878906,44.77000045776367,8221000,39.029335021972656,39.1252307251251
2017-04-28,44.7400016784668,44.959999084472656,44.52000045776367,44.959999084472656,12962700,39.194969177246094,39.00318110511395
2017-05-01,45.0099983215332,45.18000030517578,44.869998931884766,45.04999923706055,9118300,39.27341079711914,39.238539045412786
2017-05-02,45.0,45.349998474121094,44.970001220703125,45.130001068115234,11649600,39.34314727783203,39.229815767792545
2017-05-03,45.04999923706055,45.15999984741211,44.77000045776367,44.88999938964844,10695900,39.13393020629883,39.273413898586156
2017-05-04,44.959999084472656,45.779998779296875,44.95000076293945,45.470001220703125,15505200,39.63956832885742,39.19496168746226
2017-05-05,45.709999084472656,45.779998779296875,45.36000061035156,45.58000183105469,8443400,39.73545455932617,39.84878276793777
2017-05-08,45.47999954223633,45.709999084472656,45.41999816894531,45.560001373291016,7559600,39.7180290222168,39.648285498250985
2017-05-09,45.5,45.68000030517578,45.380001068115234,45.47999954223633,6530600,39.64828109741211,39.66571697646823
2017-05-10,45.52000045776367,45.560001373291016,45.290000915527344,45.529998779296875,6906100,39.69187927246094,39.68316299348305
2017-05-11,45.40999984741211,45.40999984741211,44.970001220703125,45.15999984741211,8996400,39.36931228637695,39.58725577851269
2017-05-12,45.0099983215332,45.150001525878906,44.91999816894531,45.08000183105469,7965100,39.29957580566406,39.238548562599334
2017-05-15,45.2400016784668,45.36000061035156,45.09000015258789,45.31999969482422,9694000,39.50880432128906,39.43906411838439
2017-05-16,45.36000061035156,45.369998931884766,45.150001525878906,45.290000915527344,7944500,39.4826545715332,39.543678499883576
2017-05-17,45.290000915527344,45.290000915527344,44.20000076293945,44.22999954223633,18489200,38.558563232421875,39.48264486031034
2017-05-18,44.060001373291016,44.40999984741211,43.599998474121094,44.16999816894531,12777600,38.506263732910156,38.41037136707761
2017-05-19,44.209999084472656,44.52000045776367,44.16999816894531,44.310001373291016,11519200,38.628299713134766,38.54112033455764
2017-05-22,44.33000183105469,44.650001525878906,44.279998779296875,44.630001068115234,9805800,38.907283782958984,38.64575218601433
2017-05-23,44.68000030517578,44.84000015258789,44.52000045776367,44.560001373291016,6873700,38.846248626708984,38.950860570139696
2017-05-24,44.650001525878906,44.880001068115234,44.5,44.83000183105469,7653600,39.08163833618164,38.92471871673141
2017-05-25,44.9900016784668,45.29999923706055,44.83000183105469,45.20000076293945,7597600,39.40419006347656,39.2211183002455
2017-05-26,45.209999084472656,45.45000076293945,45.060001373291016,45.2599983215332,6899700,39.456504821777344,39.412916770267714
2017-05-30,45.11000061035156,45.459999084472656,45.11000061035156,45.41999816894531,10769800,39.595977783203125,39.325729942213165
2017-05-31,45.41999816894531,45.54999923706055,45.2599983215332,45.38999938964844,14757600,39.569828033447266,39.595980193701784
2017-06-01,45.52000045776367,45.79999923706055,45.36000061035156,45.790000915527344,8138900,39.91853713989258,39.68315773204085
2017-06-02,45.880001068115234,46.06999969482422,45.47999954223633,45.65999984741211,11794600,39.805198669433594,39.99699000379344
2017-06-05,45.689998626708984,46.0,45.66999816894531,45.91999816894531,8617300,40.0318603515625,39.83135273129098
2017-06-06,45.72999954223633,45.84000015258789,45.599998474121094,45.61000061035156,7449500,39.76161193847656,39.866223885391356
2017-06-07,45.619998931884766,45.650001525878906,45.13999938964844,45.400001525878906,7688700,39.57854461669922,39.770332653186344
2017-06-08,45.400001525878906,45.86000061035156,45.310001373291016,45.41999816894531,12889500,39.595977783203125,39.57854522779766
2017-06-09,45.400001525878906,45.66999816894531,44.68000030517578,45.029998779296875,12188400,39.25597381591797,39.5785325217894
2017-06-12,44.650001525878906,44.849998474121094,43.7400016784668,44.849998474121094,16189900,39.099063873291016,38.924711727921455
2017-06-13,45.06999969482422,45.2400016784668,44.619998931884766,44.97999954223633,10705800,39.21239471435547,39.290854508565
2017-06-14,45.15999984741211,45.279998779296875,44.4900016784668,44.810001373291016,12024600,39.0641975402832,39.36931713664219
2017-06-15,44.54999923706055,44.81999969482422,44.369998931884766,44.68000030517578,10394600,38.95085906982422,38.83752752889993
2017-06-16,44.75,45.099998474121094,44.529998779296875,45.09000015258789,15930900,39.30829620361328,39.0118928622522
2017-06-19,45.27000045776367,45.75,45.209999084472656,45.72999954223633,12787700,39.86622619628906,39.46521093857546
2017-06-20,45.7599983215332,46.31999969482422,45.599998474121094,45.84000015258789,15299600,39.96212387084961,39.89238034833957
2017-06-21,46.150001525878906,46.540000915527344,46.08000183105469,46.33000183105469,30757300,40.389278411865234,40.23235887479127
2017-06-22,46.33000183105469,51.849998474121094,46.33000183105469,50.29999923706055,63193900,43.85023880004883,40.38929770801265
2017-06-23,50.2400016784668,51.84000015258789,50.06999969482422,50.95000076293945,42812500,44.416900634765625,43.797941688473806
2017-06-26,50.9900016784668,51.70000076293945,50.77000045776367,50.86000061035156,29453400,44.33843994140625,44.451771527756506
2017-06-27,50.75,51.45000076293945,50.52000045776367,50.75,17876400,44.242530822753906,44.242530822753906
2017-06-28,51.06999969482422,51.09000015258789,50.810001373291016,50.869998931884766,15981600,44.3471565246582,44.521512045109525
2017-06-29,50.7599983215332,50.88999938964844,49.97999954223633,50.20000076293945,13929100,43.76306915283203,44.25126061716858
2017-06-30,50.18000030517578,50.52000045776367,50.08000183105469,50.13999938964844,13146400,43.71074676513672,43.745618522421786
2017-07-03,50.04999923706055,50.130001068115234,49.31999969482422,49.36000061035156,10883200,43.030765533447266,43.63228840129926
2017-07-05,49.79999923706055,50.029998779296875,49.40999984741211,49.459999084472656,15775300,43.117950439453125,43.41435379570174
2017-07-06,49.25,49.41999816894531,48.77000045776367,48.849998474121094,14411900,42.586151123046875,42.934861992291886
2017-07-07,48.83000183105469,49.439998626708984,48.83000183105469,49.349998474121094,10889400,43.02204895019531,42.56872936106358
2017-07-10,49.27000045776367,49.83000183105469,49.220001220703125,49.619998931884766,10098500,43.25742721557617,42.95230762980916
2017-07-11,49.529998779296875,49.88999938964844,49.40999984741211,49.880001068115234,9751100,43.48408126831055,43.17895842057266
2017-07-12,50.02000045776367,50.47999954223633,49.959999084472656,50.45000076293945,14461400,43.98100280761719,43.606139688822054
2017-07-13,50.54999923706055,50.68000030517578,50.25,50.349998474121094,11959900,43.89382553100586,44.06818101979588
2017-07-14,50.27000045776367,50.650001525878906,50.27000045776367,50.560001373291016,9875900,44.07689666748047,43.824081397702294
2017-07-17,50.310001373291016,50.58000183105469,50.2400016784668,50.439998626708984,8093600,44.138153076171875,44.02439735002073
2017-07-18,50.34000015258789,50.70000076293945,50.15999984741211,50.45000076293945,14104800,44.146907806396484,44.05065038854912
2017-07-19,50.459999084472656,51.099998474121094,50.36000061035156,51.0,13312800,44.62818145751953,44.1556469703552
2017-07-20,51.13999938964844,51.2599983215332,50.84000015258789,51.130001068115234,8772500,44.741943359375,44.75069251498584
2017-07-21,50.869998931884766,51.150001525878906,50.650001525878906,50.79999923706055,8791900,44.45317077636719,44.51442487941931
2017-07-24,50.79999923706055,50.900001525878906,50.61000061035156,50.7599983215332,7639100,44.41816329956055,44.453166594611325
2017-07-25,50.90999984741211,51.22999954223633,50.790000915527344,51.16999816894531,10536200,44.77695083618164,44.54943603302796
2017-07-26,51.150001525878906,51.189998626708984,51.02000045776367,51.16999816894531,5724500,44.77695083618164,44.75945252202269
2017-07-27,51.29999923706055,51.36000061035156,50.189998626708984,50.45000076293945,16508800,44.146907806396484,44.89070966378252
2017-07-28,50.189998626708984,50.4900016784668,50.040000915527344,50.29999923706055,8996400,44.01564407348633,43.919386662223125
2017-07-31,50.47999954223633,50.5,49.900001525878906,49.93000030517578,10066600,43.691871643066406,44.17315535871948
2017-08-01,50.150001525878906,50.220001220703125,49.81999969482422,50.15999984741211,6066200,43.89314651489258,43.88439735633407
2017-08-02,50.2599983215332,50.310001373291016,49.58000183105469,49.77000045776367,8720700,43.55185317993164,43.980631858354215
2017-08-03,49.91999816894531,50.40999984741211,49.72999954223633,50.22999954223633,9490100,43.95438003540039,43.68310951385337
2017-08-04,50.18000030517578,50.209999084472656,49.869998931884766,49.959999084472656,7025300,43.71812057495117,43.91063538819353
2017-08-07,50.0,50.09000015258789,49.529998779296875,49.63999938964844,8280300,43.43809127807617,43.75311423466137
2017-08-08,49.540000915527344,49.83000183105469,48.970001220703125,49.099998474121094,14684300,42.96556091308594,43.35059049120519
2017-08-09,48.97999954223633,49.38999938964844,48.86000061035156,49.060001373291016,15872400,42.93056869506836,42.86056209075354
2017-08-10,48.959999084472656,48.959999084472656,48.04999923706055,48.099998474121094,13391100,42.09048843383789,42.84304242326413
2017-08-11,48.18000030517578,48.439998626708984,47.97999954223633,48.2400016784668,11704600,42.213016510009766,42.160511558242995
2017-08-14,48.47999954223633,48.959999084472656,48.470001220703125,48.849998474121094,9229100,42.74679183959961,42.42301972463156
2017-08-15,48.88999938964844,49.060001373291016,48.77000045776367,48.83000183105469,10663500,42.72930145263672,42.78180306376597
2017-08-16,48.970001220703125,49.31999969482422,48.7599983215332,49.25,9881200,43.09682846069336,42.85181202697639
2017-08-17,49.16999816894531,49.310001373291016,48.54999923706055,48.54999923706055,9661600,42.48429489135742,43.02683284951278
2017-08-18,48.45000076293945,48.880001068115234,48.310001373291016,48.619998931884766,10248400,42.54553985595703,42.39678082610935
2017-08-21,48.650001525878906,48.959999084472656,48.540000915527344,48.900001525878906,7293400,42.79055404663086,42.57178843972191
2017-08-22,49.119998931884766,49.349998474121094,48.9900016784668,49.2599983215332,9233000,43.10557174682617,42.98306354665101
2017-08-23,49.060001373291016,49.43000030517578,48.939998626708984,49.06999969482422,6895400,42.939327239990234,42.93057808158724
2017-08-24,49.06999969482422,49.2599983215332,48.880001068115234,49.189998626708984,7365500,43.04431915283203,42.939312597307506
2017-08-25,49.439998626708984,49.439998626708984,49.150001525878906,49.2400016784668,7853300,43.088077545166016,43.263087368905005
2017-08-28,49.38999938964844,49.38999938964844,49.040000915527344,49.2400016784668,6211300,43.088077545166016,43.21933491297026
2017-08-29,48.880001068115234,49.56999969482422,48.75,49.45000076293945,7245900,43.27184295654297,42.77305757941116
2017-08-30,49.5,49.95000076293945,49.36000061035156,49.79999923706055,6957400,43.57810592651367,43.3155878797108
2017-08-31,49.880001068115234,50.52000045776367,49.84000015258789,50.33000183105469,12958100,44.041908264160156,43.64812937285972
2017-09-01,50.349998474121094,50.880001068115234,50.349998474121094,50.619998931884766,8716800,44.2956657409668,44.059398449790024
2017-09-05,50.529998779296875,51.08000183105469,50.470001220703125,50.93000030517578,15610700,44.56693649291992,44.21691013332643
2017-09-06,51.08000183105469,51.22999954223633,50.79999923706055,51.0099983215332,15615600,44.63694381713867,44.69820127301657
2017-09-07,51.189998626708984,51.779998779296875,51.029998779296875,51.72999954223633,11516800,45.26697540283203,44.79444092811732
2017-09-08,51.79999923706055,51.880001068115234,51.380001068115234,51.58000183105469,10356500,45.13572692871094,45.32823841552766
2017-09-11,51.880001068115234,52.61000061035156,51.810001373291016,52.4900016784668,16526300,45.932029724121094,45.39824109256359
2017-09-12,52.63999938964844,52.88999938964844,52.470001220703125,52.77000045776367,13352400,46.17705154418945,46.063292477085376
2017-09-13,52.52000045776367,52.97999954223633,52.45000076293945,52.79999923706055,14463000,46.20329284667969,45.95827644926493
2017-09-14,52.7599983215332,53.13999938964844,52.31999969482422,52.790000915527344,21901600,46.19456100463867,46.16830685357743
2017-09-15,50.650001525878906,50.70000076293945,48.47999954223633,48.7400016784668,66367900,42.65055847167969,44.32192813453588
2017-09-18,48.880001068115234,49.060001373291016,48.09000015258789,48.33000183105469,29434700,42.29176330566406,42.77304691151558
2017-09-19,48.4900016784668,48.5,47.880001068115234,48.040000915527344,23070700,42.03799819946289,42.431776944294086
2017-09-20,48.0,48.189998626708984,47.689998626708984,47.970001220703125,21257300,41.97674560546875,42.00299641003358
2017-09-21,47.81999969482422,48.189998626708984,47.81999969482422,47.970001220703125,15656300,41.97674560546875,41.8454849064481
2017-09-22,47.91999816894531,48.43000030517578,47.91999816894531,48.15999984741211,15341900,42.14299774169922,41.93298133335876
2017-09-25,48.52000045776367,48.540000915527344,47.63999938964844,47.970001220703125,15663600,41.97674560546875,42.45802927171407
2017-09-26,48.099998474121094,48.209999084472656,47.88999938964844,47.91999816894531,18679900,41.9329948425293,42.090506365004295
2017-09-27,48.04999923706055,48.36000061035156,47.95000076293945,48.15999984741211,14499200,42.14299774169922,42.04674036029724
2017-09-28,48.20000076293945,48.25,48.0099983215332,48.08000183105469,12997700,42.0730094909668,42.17801606350883
2017-09-29,48.189998626708984,48.75,47.959999084472656,48.349998474121094,44896600,42.309261322021484,42.16925148604878
2017-10-02,48.720001220703125,49.0,48.56999969482422,48.79999923706055,26097300,42.70305252075195,42.63304925133648
2017-10-03,48.95000076293945,48.959999084472656,48.540000915527344,48.689998626708984,12710800,42.60679244995117,42.83431057209872
2017-10-04,48.9900016784668,49.189998626708984,48.7599983215332,48.900001525878906,15204500,42.79055404663086,42.869309798642014
2017-10-05,48.959999084472656,49.029998779296875,48.5,48.90999984741211,13886100,42.79930877685547,42.84306123631647
2017-10-06,48.63999938964844,48.70000076293945,48.220001220703125,48.400001525878906,16340400,42.3530158996582,42.56302897857681
2017-10-09,48.36000061035156,48.58000183105469,48.16999816894531,48.36000061035156,10173000,42.318016052246094,42.318016052246094
2017-10-10,48.15999984741211,48.459999084472656,48.0,48.209999084472656,15630500,42.3531608581543,42.3092358266209
2017-10-11,48.15999984741211,48.470001220703125,48.15999984741211,48.279998779296875,12588300,42.4146614074707,42.309240649520454
2017-10-12,48.27000045776367,48.47999954223633,48.11000061035156,48.22999954223633,11715600,42.370731353759766,42.405872719337204
2017-10-13,48.369998931884766,48.709999084472656,48.33000183105469,48.61000061035156,10142300,42.704566955566406,42.49372211666815
2017-10-16,48.61000061035156,48.90999984741211,48.4900016784668,48.86000061035156,9378100,42.924190521240234,42.7045620419881
2017-10-17,48.81999969482422,49.29999923706055,48.709999084472656,49.189998626708984,14191300,43.21410369873047,42.88905444771858
2017-10-18,49.5,49.7599983215332,49.15999984741211,49.58000183105469,12064100,43.55673599243164,43.48645324726285
2017-10-19,49.439998626708984,49.66999816894531,49.189998626708984,49.349998474121094,10048600,43.354671478271484,43.43373788493993
2017-10-20,49.540000915527344,49.790000915527344,49.15999984741211,49.25,15501500,43.26683044433594,43.52160040252525
2017-10-23,49.279998779296875,49.65999984741211,49.220001220703125,49.310001373291016,14633400,43.31952667236328,43.2931689734265
2017-10-24,49.33000183105469,50.13999938964844,49.25,49.97999954223633,17562400,43.90813064575195,43.33709853924133
2017-10-25,49.88999938964844,50.650001525878906,49.63999938964844,49.70000076293945,20635800,43.662147521972656,43.8290639795379
2017-10-26,50.11000061035156,50.29999923706055,49.77000045776367,50.150001525878906,16952900,44.0574836730957,44.02234230461847
2017-10-27,50.290000915527344,50.970001220703125,50.029998779296875,50.880001068115234,15099500,44.698795318603516,44.18047190066244
2017-10-30,50.630001068115234,50.75,50.2400016784668,50.68000030517578,9049800,44.52308654785156,44.47916152130128
2017-10-31,50.72999954223633,51.279998779296875,50.45000076293945,50.900001525878906,14453100,44.716365814208984,44.56701668529319
2017-11-01,51.099998474121094,51.16999816894531,50.56999969482422,50.63999938964844,10128000,44.487945556640625,44.89206116629261
2017-11-02,50.540000915527344,50.70000076293945,50.119998931884766,50.279998779296875,10389800,44.17168045043945,44.40009595475193
2017-11-03,50.36000061035156,50.439998626708984,50.15999984741211,50.18000030517578,15814500,44.083831787109375,44.24196457161992
2017-11-06,50.099998474121094,50.54999923706055,50.02000045776367,50.400001525878906,9678000,44.27710723876953,44.01355035598217
2017-11-07,50.43000030517578,50.58000183105469,50.08000183105469,50.4900016784668,6796500,44.356170654296875,44.30345861102666
2017-11-08,50.33000183105469,50.7400016784668,50.20000076293945,50.540000915527344,7977900,44.40010452270508,44.21561736141985
2017-11-09,50.13999938964844,50.220001220703125,48.540000915527344,49.2400016784668,16195400,43.25803756713867,44.04869827943632
2017-11-10,49.0,49.369998931884766,48.75,49.31999969482422,9944200,43.32830810546875,43.047183907236956
2017-11-13,49.099998474121094,49.43000030517578,49.060001373291016,49.400001525878906,6566700,43.39858627319336,43.13502943267156
2017-11-14,49.31999969482422,49.33000183105469,48.900001525878906,49.20000076293945,8498900,43.22288513183594,43.328305862900336
2017-11-15,48.880001068115234,49.08000183105469,48.72999954223633,48.81999969482422,9425100,42.88905334472656,42.9417653913452
2017-11-16,49.11000061035156,49.619998931884766,49.0099983215332,49.20000076293945,11738500,43.22288513183594,43.14381874572148
2017-11-17,49.0,49.22999954223633,48.849998474121094,48.939998626708984,10035100,42.99446487426758,43.0471769095916
2017-11-20,49.040000915527344,49.15999984741211,48.91999816894531,49.02000045776367,11525100,43.06475067138672,43.08232135108609
2017-11-21,49.0,49.099998474121094,48.5,48.630001068115234,18313300,42.722137451171875,43.04718669808896
2017-11-22,48.560001373291016,48.83000183105469,48.41999816894531,48.58000183105469,10618900,42.67821502685547,42.66064434334578
2017-11-24,48.880001068115234,49.130001068115234,48.689998626708984,49.0099983215332,6008300,43.05598068237305,42.9417762460618
2017-11-27,48.939998626708984,49.220001220703125,48.75,48.880001068115234,13395600,42.9417610168457,42.99446970682991
2017-11-28,48.880001068115234,49.20000076293945,48.849998474121094,49.0099983215332,13930600,43.05598068237305,42.9417762460618
2017-11-29,48.849998474121094,48.86000061035156,48.20000076293945,48.52000045776367,14377600,42.62550354003906,42.91541144361985
2017-11-30,48.88999938964844,49.33000183105469,48.88999938964844,49.060001373291016,24701100,43.09989929199219,42.9505501650184
2017-12-01,49.04999923706055,50.0,48.900001525878906,49.61000061035156,15899500,43.58308792114258,43.09111878613293
2017-12-04,49.81999969482422,49.81999969482422,48.36000061035156,48.400001525878906,13473900,42.520076751708984,43.76756495888512
2017-12-05,48.439998626708984,48.650001525878906,47.970001220703125,47.9900016784668,17858900,42.15989303588867,42.55522169896058
2017-12-06,48.2599983215332,48.59000015258789,47.630001068115234,48.41999816894531,12974500,42.53764724731445,42.3970851381402
2017-12-07,48.619998931884766,48.810001373291016,48.29999923706055,48.52000045776367,13482800,42.62550354003906,42.71335360748409
2017-12-08,48.900001525878906,49.689998626708984,48.70000076293945,49.599998474121094,14732300,43.574283599853516,42.959326614367896
2017-12-11,49.61000061035156,50.5,49.560001373291016,50.470001220703125,15852800,44.3386116027832,43.58308887406782
2017-12-12,50.0,50.709999084472656,49.95000076293945,50.38999938964844,17464000,44.268314361572266,43.92569448082416
2017-12-13,50.33000183105469,50.5099983215332,50.0099983215332,50.04999923706055,17196900,43.96962356567383,44.2156097563433
2017-12-14,50.13999938964844,50.400001525878906,49.939998626708984,50.189998626708984,22259300,44.09260559082031,44.04868057189474
2017-12-15,48.47999954223633,48.47999954223633,47.0,48.29999923706055,75176000,42.43221664428711,42.59034939927473
2017-12-18,48.43000030517578,48.849998474121094,47.68000030517578,47.709999084472656,25156800,41.91389846801758,42.546429565072685
2017-12-19,47.959999084472656,48.349998474121094,47.7400016784668,47.81999969482422,28664300,42.01052474975586,42.133516131213625
2017-12-20,47.880001068115234,48.04999923706055,47.790000915527344,47.900001525878906,11432200,42.08081817626953,42.06324749568948
2017-12-21,48.11000061035156,48.11000061035156,47.22999954223633,47.279998779296875,18396800,41.536136627197266,42.26530478171522
2017-12-22,47.16999816894531,47.400001525878906,47.099998474121094,47.36000061035156,11197300,41.606422424316406,41.43950262412806
2017-12-26,47.369998931884766,47.58000183105469,47.25,47.43000030517578,7650200,41.66790771484375,41.61519568302913
2017-12-27,47.25,47.470001220703125,47.150001525878906,47.380001068115234,8132200,41.624000549316406,41.5097927737011
2017-12-28,47.29999923706055,47.54999923706055,47.29999923706055,47.52000045776367,7777600,41.74697494506836,41.55370084237257
2017-12-29,47.529998779296875,47.880001068115234,47.279998779296875,47.279998779296875,9750000,41.536136627197266,41.755765104881284
2018-01-02,47.56999969482422,47.79999923706055,46.16999816894531,46.630001068115234,25380000,40.96510696411133,41.7909088814864
2018-01-03,47.529998779296875,48.06999969482422,47.439998626708984,47.709999084472656,24165000,41.91389846801758,41.7557656937538
2018-01-04,47.9900016784668,48.189998626708984,47.720001220703125,48.18000030517578,19815100,42.32679748535156,42.159881060605464
2018-01-05,48.41999816894531,48.630001068115234,48.279998779296875,48.470001220703125,14496400,42.58156967163086,42.537641295757204
2018-01-08,48.29999923706055,49.06999969482422,47.939998626708984,48.97999954223633,15075000,43.02962112426758,42.43223125555456
2018-01-09,49.25,49.36000061035156,48.91999816894531,49.060001373291016,14153700,43.26774215698242,43.43530863395975
2018-01-10,48.86000061035156,49.27000045776367,48.58000183105469,48.79999923706055,13476600,43.0384407043457,43.091358031946875
2018-01-11,48.869998931884766,49.02000045776367,48.439998626708984,48.95000076293945,11687800,43.17073059082031,43.100174156879476
2018-01-12,49.18000030517578,49.83000183105469,49.060001373291016,49.5099983215332,15978200,43.66460037231445,43.37356357174085
2018-01-16,49.849998474121094,50.060001373291016,49.439998626708984,49.59000015258789,17152600,43.735164642333984,43.96446630323329
2018-01-17,49.90999984741211,50.290000915527344,49.849998474121094,50.27000045776367,23183100,44.33488464355469,44.01738742083324
2018-01-18,50.189998626708984,50.68000030517578,50.099998474121094,50.22999954223633,17119200,44.299598693847656,44.26432048318875
2018-01-19,50.5,50.599998474121094,50.27000045776367,50.58000183105469,14011500,44.6082878112793,44.53773137442828
2018-01-22,50.43000030517578,50.7400016784668,50.27000045776367,50.709999084472656,16840000,44.72292709350586,44.475986347719115
2018-01-23,50.75,51.27000045776367,50.56999969482422,51.119998931884766,14141400,45.08452224731445,44.75820719597284
2018-01-24,51.36000061035156,52.0,51.209999084472656,51.45000076293945,17205600,45.37556457519531,45.29619027636205
2018-01-25,51.540000915527344,52.04999923706055,51.540000915527344,51.599998474121094,13904300,45.50785827636719,45.45494431368981
2018-01-26,51.86000061035156,52.75,51.7599983215332,52.75,14909200,46.52207565307617,45.73715396707776
2018-01-29,52.66999816894531,52.790000915527344,51.880001068115234,51.939998626708984,12234900,45.807708740234375,46.45152097156683
2018-01-30,51.7400016784668,51.9900016784668,50.75,50.959999084472656,16863500,44.943416595458984,45.63132833323802
2018-01-31,50.86000061035156,51.849998474121094,50.86000061035156,51.59000015258789,16806800,45.49903869628906,44.855226381455836
2018-02-01,51.36000061035156,51.97999954223633,51.2599983215332,51.630001068115234,11674100,45.534332275390625,45.29620927899365
2018-02-02,51.25,51.40999984741211,50.040000915527344,50.130001068115234,17562200,44.2114143371582,45.199180859793024
2018-02-05,50.040000915527344,50.70000076293945,48.060001373291016,48.09000015258789,19725800,42.41224670410156,44.13202031958415
2018-02-06,47.33000183105469,49.5099983215332,46.810001373291016,49.400001525878906,25921200,43.567596435546875,41.741990999511366
2018-02-07,49.20000076293945,49.849998474121094,48.81999969482422,48.869998931884766,15138000,43.10017013549805,43.39121035187512
2018-02-08,49.09000015258789,49.119998931884766,46.810001373291016,46.84000015258789,21255400,41.30984115600586,43.29419517603628
2018-02-09,47.58000183105469,48.150001525878906,45.91999816894531,47.72999954223633,23191000,42.094757080078125,41.9624688488752
2018-02-12,48.220001220703125,48.4900016784668,47.720001220703125,48.150001525878906,16261600,42.46517562866211,42.52691081537992
2018-02-13,48.0099983215332,48.68000030517578,47.77000045776367,48.4900016784668,12633100,42.7650260925293,42.3416943669525
2018-02-14,48.189998626708984,49.52000045776367,48.13999938964844,49.45000076293945,14271400,43.6116943359375,42.500454150293365
2018-02-15,49.70000076293945,50.689998626708984,49.43000030517578,50.63999938964844,14132500,44.661197662353516,43.832179791583705
2018-02-16,50.54999923706055,51.13999938964844,50.4900016784668,50.709999084472656,11098800,44.72292709350586,44.581817615296956
2018-02-20,50.20000076293945,50.310001373291016,49.65999984741211,49.88999938964844,14144900,43.99974822998047,44.273149363326304
2018-02-21,49.869998931884766,50.34000015258789,49.43000030517578,49.43000030517578,13050800,43.59405517578125,43.98210543456328
2018-02-22,49.59000015258789,50.060001373291016,49.40999984741211,49.59000015258789,9513200,43.735164642333984,43.735164642333984
2018-02-23,49.790000915527344,50.56999969482422,49.619998931884766,50.5,8866800,44.537723541259766,43.91155041375896
2018-02-26,50.59000015258789,51.2599983215332,50.5,51.16999816894531,12956000,45.12862777709961,44.61710705151289
2018-02-27,51.06999969482422,51.400001525878906,50.540000915527344,50.72999954223633,14339600,44.74057388305664,45.040431996290884
2018-02-28,51.060001373291016,51.5,50.66999816894531,50.66999816894531,14947900,44.687652587890625,45.03161012358768
2018-03-01,50.959999084472656,50.959999084472656,49.41999816894531,49.709999084472656,16539800,43.84099197387695,44.943410822733135
2018-03-02,49.33000183105469,50.400001525878906,49.15999984741211,50.31999969482422,17291000,44.37897491455078,43.505861030843704
2018-03-05,49.900001525878906,51.4900016784668,49.849998474121094,51.290000915527344,18771500,45.23444747924805,44.00855835339692
2018-03-06,51.560001373291016,51.790000915527344,51.220001220703125,51.5,13907100,45.419654846191406,45.47257216007831
2018-03-07,51.060001373291016,51.810001373291016,51.029998779296875,51.720001220703125,11727300,45.613704681396484,45.03162739177778
2018-03-08,51.939998626708984,52.15999984741211,51.470001220703125,52.130001068115234,15864400,45.975284576416016,45.80771472920937
2018-03-09,52.349998474121094,53.0,52.20000076293945,52.970001220703125,16218600,46.71611022949219,46.169307964352846
2018-03-12,52.97999954223633,53.439998626708984,52.66999816894531,52.900001525878906,14108400,46.65435791015625,46.72491095324862
2018-03-13,53.2400016784668,53.47999954223633,52.34000015258789,52.58000183105469,12864400,46.37214660644531,46.95422360565815
2018-03-14,52.880001068115234,53.150001525878906,52.18000030517578,52.31999969482422,10885500,46.14284896850586,46.63673388709617
2018-03-15,52.220001220703125,52.66999816894531,52.11000061035156,52.369998931884766,14155200,46.186954498291016,46.05466621105609
2018-03-16,52.400001525878906,52.689998626708984,52.25,52.27000045776367,21011500,46.098758697509766,46.21341122892317
2018-03-19,52.43000030517578,52.58000183105469,51.5099983215332,51.95000076293945,25777400,45.8165397644043,46.2398683070567
2018-03-20,46.79999923706055,47.75,46.43000030517578,47.04999923706055,68601000,41.495052337646484,41.274568527813805
2018-03-21,47.290000915527344,48.060001373291016,47.0099983215332,47.02000045776367,34597700,41.46860122680664,41.70672417884945
2018-03-22,46.720001220703125,47.02000045776367,45.72999954223633,45.88999938964844,25610100,40.47200012207031,41.20400785043261
2018-03-23,45.97999954223633,46.279998779296875,44.7599983215332,44.790000915527344,21398900,39.50187683105469,40.55137846580653
2018-03-26,45.54999923706055,46.63999938964844,45.38999938964844,46.47999954223633,20754800,40.99235153198242,40.172151450010084
2018-03-27,46.630001068115234,46.81999969482422,45.0,45.380001068115234,18925300,40.02223205566406,41.12465137897982
2018-03-28,45.279998779296875,45.36000061035156,44.5099983215332,44.97999954223633,22156900,39.669437408447266,39.934017245669814
2018-03-29,45.310001373291016,46.290000915527344,45.0099983215332,45.75,14256400,40.34852981567383,39.960479592534526
2018-04-02,45.650001525878906,45.849998474121094,44.41999816894531,45.0099983215332,15343300,39.695899963378906,40.26034129026949
2018-04-03,45.33000183105469,45.33000183105469,44.290000915527344,44.88999938964844,15734600,39.59007263183594,39.97812629301455
2018-04-04,44.06999969482422,45.619998931884766,44.040000915527344,45.5099983215332,18505900,40.136863708496094,38.86687841400547
2018-04-05,45.72999954223633,46.18000030517578,45.54999923706055,45.959999084472656,12313000,40.53373718261719,40.33089250936133
2018-04-06,45.5099983215332,45.75,44.599998474121094,44.83000183105469,13893600,39.53715896606445,40.13687184231491
2018-04-09,45.11000061035156,45.650001525878906,44.880001068115234,44.900001525878906,15200000,39.59889221191406,39.784097798284485
2018-04-10,45.54999923706055,46.06999969482422,45.459999084472656,45.81999969482422,14868900,40.410255432128906,40.172132613759395
2018-04-11,45.400001525878906,45.9900016784668,45.36000061035156,45.61000061035156,14911400,40.225059509277344,40.039853950041085
2018-04-12,45.689998626708984,46.16999816894531,45.650001525878906,45.880001068115234,13970300,40.46318817138672,40.2956183291753
2018-04-13,46.310001373291016,46.529998779296875,45.61000061035156,46.08000183105469,12493600,40.639564514160156,40.84240915095531
2018-04-16,46.029998779296875,46.38999938964844,45.599998474121094,46.04999923706055,11639000,40.78126907348633,40.76355693313526
2018-04-17,46.40999984741211,46.93000030517578,46.38999938964844,46.65999984741211,10762700,41.32148361206055,41.10008689245494
2018-04-18,46.68000030517578,47.290000915527344,46.68000030517578,47.08000183105469,11312900,41.69342041015625,41.339184404749545
2018-04-19,46.9900016784668,47.11000061035156,46.70000076293945,46.81999969482422,8563200,41.463165283203125,41.61371676530883
2018-04-20,46.470001220703125,46.619998931884766,45.97999954223633,46.22999954223633,15675600,40.940673828125,41.15321612822463
2018-04-23,46.380001068115234,46.470001220703125,45.720001220703125,45.79999923706055,14904400,40.55986404418945,41.07350587398938
2018-04-24,45.93000030517578,46.369998931884766,45.279998779296875,45.529998779296875,13357000,40.32076644897461,40.67500252489409
2018-04-25,45.41999816894531,45.84000015258789,45.04999923706055,45.75,12637500,40.51559066772461,40.223345441350595
2018-04-26,46.09000015258789,46.209999084472656,45.900001525878906,45.959999084472656,12175800,40.701568603515625,40.81669583366847
2018-04-27,46.119998931884766,46.119998931884766,45.470001220703125,45.529998779296875,14420800,40.32076644897461,40.84326280292077
2018-04-30,45.65999984741211,46.02000045776367,45.560001373291016,45.66999816894531,13896600,40.444740295410156,40.435885915423
2018-05-01,45.38999938964844,45.95000076293945,45.38999938964844,45.95000076293945,8838000,40.692710876464844,40.19678109201675
2018-05-02,45.88999938964844,46.08000183105469,45.470001220703125,45.5099983215332,10715200,40.303043365478516,40.63956720841458
2018-05-03,45.36000061035156,45.38999938964844,44.4900016784668,45.060001373291016,15370200,39.90452575683594,40.17020101021952
2018-05-04,44.93000030517578,45.91999816894531,44.79999923706055,45.709999084472656,10571800,40.48017120361328,39.78941459112251
2018-05-07,45.939998626708984,46.2400016784668,45.779998779296875,46.06999969482422,9006000,40.798973083496094,40.68384588327918
2018-05-08,45.880001068115234,45.9900016784668,45.54999923706055,45.939998626708984,9830600,40.68385696411133,40.630723917420184
2018-05-09,46.22999954223633,46.68000030517578,45.97999954223633,46.58000183105469,11822400,41.25062942504883,40.940672058230106
2018-05-10,46.79999923706055,47.099998474121094,46.61000061035156,46.93000030517578,10974200,41.560585021972656,41.44545780251354
2018-05-11,47.11000061035156,47.150001525878906,46.63999938964844,46.81999969482422,9498100,41.463165283203125,41.71998621381325
2018-05-14,46.810001373291016,47.2599983215332,46.689998626708984,46.81999969482422,9689500,41.463165283203125,41.45431090342978
2018-05-15,46.5099983215332,46.81999969482422,46.25,46.810001373291016,11304900,41.454315185546875,41.188636469474666
2018-05-16,46.93000030517578,46.93000030517578,46.45000076293945,46.72999954223633,9874200,41.38346481323242,41.56058282343577
2018-05-17,46.689998626708984,47.060001373291016,46.41999816894531,46.540000915527344,10162300,41.21520233154297,41.34803829832433
2018-05-18,46.689998626708984,46.790000915527344,46.2400016784668,46.31999969482422,13517300,41.02037811279297,41.3480442653672
2018-05-21,46.529998779296875,47.290000915527344,46.4900016784668,47.209999084472656,13416300,41.80854034423828,41.20634121811319
2018-05-22,47.2400016784668,47.540000915527344,46.310001373291016,46.369998931884766,18505100,41.06466293334961,41.83512595604581
2018-05-23,46.08000183105469,46.970001220703125,46.02000045776367,46.900001525878906,9204400,41.53401565551758,40.80783486544754
2018-05-24,46.65999984741211,46.939998626708984,46.13999938964844,46.459999084472656,12497700,41.14435958862305,41.32147761424802
2018-05-25,46.4900016784668,47.16999816894531,46.47999954223633,47.0,11354300,41.62256622314453,41.1709185867252
2018-05-29,46.54999923706055,46.79999923706055,46.040000915527344,46.2599983215332,12427800,40.96723556518555,41.22405649582959
2018-05-30,46.630001068115234,47.22999954223633,46.43000030517578,47.04999923706055,11906500,41.66686248779297,41.29491761564971
2018-05-31,46.93000030517578,47.16999816894531,46.709999084472656,46.720001220703125,13062400,41.37460708618164,41.560579461641765
2018-06-01,47.08000183105469,47.36000061035156,46.900001525878906,47.349998474121094,10863200,41.93252182006836,41.693416424259
2018-06-04,47.47999954223633,47.56999969482422,47.22999954223633,47.31999969482422,12178400,41.90595626831055,42.047649984536875
2018-06-05,47.33000183105469,47.41999816894531,46.810001373291016,47.130001068115234,13430900,41.737709045410156,41.91482709046096
2018-06-06,47.41999816894531,47.810001373291016,47.099998474121094,47.75,13299100,42.286746978759766,41.99450187022914
2018-06-07,47.93000030517578,48.029998779296875,47.41999816894531,47.68000030517578,13714100,42.224769592285156,42.446166243512224
2018-06-08,47.40999984741211,48.380001068115234,47.40999984741211,48.18000030517578,14515400,42.667564392089844,41.98566227699084
2018-06-11,48.150001525878906,48.38999938964844,47.970001220703125,48.189998626708984,12521100,42.676429748535156,42.64100884145146
2018-06-12,48.209999084472656,48.59000015258789,48.15999984741211,48.45000076293945,14713600,42.906673431396484,42.69413115113219
2018-06-13,48.11000061035156,48.66999816894531,48.09000015258789,48.27000045776367,18053300,42.74726104736328,42.60556734154183
2018-06-14,47.0099983215332,47.02000045776367,45.65999984741211,45.900001525878906,37001300,40.6484260559082,41.63142433849017
2018-06-15,45.869998931884766,46.4900016784668,45.189998626708984,46.279998779296875,28120400,40.984947204589844,40.621856829842635
2018-06-18,45.81999969482422,46.599998474121094,45.459999084472656,46.52000045776367,21474100,41.19749450683594,40.57758312888653
2018-06-19,45.84000015258789,46.40999984741211,45.77000045776367,46.27000045776367,22764900,40.97610092163086,40.59529833406014
2018-06-20,43.5099983215332,44.790000915527344,42.56999969482422,42.81999969482422,59129000,37.92082595825195,38.53187962526137
2018-06-21,43.18000030517578,43.84000015258789,42.97999954223633,43.099998474121094,32635100,38.16879653930664,38.239645117506285
2018-06-22,43.20000076293945,44.29999923706055,43.15999984741211,44.099998474121094,29735100,39.05436706542969,38.257341165504535
2018-06-25,43.56999969482422,44.470001220703125,43.4900016784668,44.279998779296875,24640500,39.213783264160156,38.58501743345104
2018-06-26,44.459999084472656,44.849998474121094,44.369998931884766,44.40999984741211,20717500,39.32891082763672,39.37318949331023
2018-06-27,44.56999969482422,44.7400016784668,43.439998626708984,43.45000076293945,26360100,38.478736877441406,39.4705928831096
2018-06-28,43.5099983215332,44.02000045776367,43.36000061035156,43.84000015258789,20918400,38.82412338256836,38.531878132551306
2018-06-29,44.040000915527344,44.529998779296875,43.75,44.060001373291016,22144900,39.018951416015625,39.001239276536396
2018-07-02,43.959999084472656,44.970001220703125,43.77000045776367,44.95000076293945,20655500,39.80712890625,38.930396453230244
2018-07-03,44.9900016784668,44.9900016784668,44.52000045776367,44.720001220703125,16783300,39.60343933105469,39.84254815163876
2018-07-05,45.150001525878906,45.470001220703125,44.9900016784668,45.40999984741211,21916200,40.21449279785156,39.98424173720668
2018-07-06,45.459999084472656,46.189998626708984,45.27000045776367,46.0,20764300,40.73699188232422,40.25877421031802
2018-07-09,46.130001068115234,46.790000915527344,46.060001373291016,46.72999954223633,25125700,41.38346481323242,40.85211416086742
2018-07-10,46.83000183105469,47.36000061035156,46.68000030517578,46.9900016784668,27422000,41.61371612548828,41.472022403579345
2018-07-11,46.81999969482422,47.7599983215332,46.709999084472656,47.63999938964844,22802600,42.18933868408203,41.463158052490755
2018-07-12,47.790000915527344,48.20000076293945,47.75,48.150001525878906,24857900,42.6410026550293,42.32219088980926
2018-07-13,47.970001220703125,48.810001373291016,47.83000183105469,48.630001068115234,25771400,43.06609344482422,42.48160620489167
2018-07-16,48.619998931884766,48.619998931884766,47.95000076293945,48.459999084472656,22949600,43.08384704589844,43.226096511096614
2018-07-17,48.290000915527344,48.9900016784668,48.150001525878906,48.900001525878906,18823100,43.47505569458008,42.93272829823578
2018-07-18,48.790000915527344,49.0,48.400001525878906,48.63999938964844,19234700,43.2438850402832,43.37724541903261
2018-07-19,48.400001525878906,48.720001220703125,48.209999084472656,48.439998626708984,16656500,43.06608200073242,43.03052216437871
2018-07-20,48.4900016784668,48.709999084472656,48.36000061035156,48.52000045776367,17232900,43.1371955871582,43.11052486997568
2018-07-23,48.619998931884766,48.66999816894531,48.04999923706055,48.66999816894531,17990200,43.27055740356445,43.22610507279072
2018-07-24,48.75,49.099998474121094,48.560001373291016,48.66999816894531,19885500,43.27055740356445,43.34168384599878
2018-07-25,48.52000045776367,48.970001220703125,48.5,48.95000076293945,16354900,43.51949691772461,43.137200765241474
2018-07-26,48.849998474121094,49.16999816894531,48.7599983215332,48.869998931884766,15229900,43.448360443115234,43.430578836466246
2018-07-27,48.9900016784668,49.119998931884766,48.380001068115234,48.630001068115234,14856100,43.23501205444336,43.55507436960465
2018-07-30,48.58000183105469,48.58000183105469,47.459999084472656,47.72999954223633,20167300,42.434844970703125,43.19054821178176
2018-07-31,47.900001525878906,48.08000183105469,47.38999938964844,47.68000030517578,18808100,42.39038848876953,42.58598280827285
2018-08-01,47.90999984741211,48.220001220703125,47.150001525878906,47.349998474121094,22933600,42.09700012207031,42.59487506693807
2018-08-02,47.040000915527344,48.06999969482422,46.630001068115234,47.900001525878906,14227400,42.58598327636719,41.82139099153583
2018-08-03,47.91999816894531,48.47999954223633,47.900001525878906,48.470001220703125,14295800,43.09275436401367,42.60376847971512
2018-08-06,48.290000915527344,48.7599983215332,48.220001220703125,48.66999816894531,13529300,43.27055740356445,42.93271697648775
2018-08-07,48.939998626708984,48.95000076293945,48.470001220703125,48.47999954223633,11608000,43.10164260864258,43.51060952956777
2018-08-08,48.41999816894531,48.619998931884766,48.2599983215332,48.38999938964844,10849400,43.0216178894043,43.04828860724553
2018-08-09,48.27000045776367,48.709999084472656,48.27000045776367,48.540000915527344,14708000,43.15498352050781,42.91493685619896
2018-08-10,48.369998931884766,48.720001220703125,48.22999954223633,48.31999969482422,10502200,42.959381103515625,43.00383342746709
2018-08-13,48.34000015258789,48.59000015258789,47.970001220703125,48.0099983215332,12152100,42.683780670166016,42.97717217755905
2018-08-14,48.119998931884766,48.349998474121094,47.939998626708984,48.22999954223633,11513700,42.87936019897461,42.781563063620275
2018-08-15,48.099998474121094,48.2599983215332,47.529998779296875,47.84000015258789,14091000,42.53264617919922,42.763800371960215
2018-08-16,48.13999938964844,48.45000076293945,48.040000915527344,48.099998474121094,11874300,42.763797760009766,42.799360984876536
2018-08-17,48.209999084472656,48.5,47.9900016784668,48.36000061035156,11412000,42.99495315551758,42.861592764760275
2018-08-20,48.400001525878906,48.599998474121094,48.2599983215332,48.41999816894531,11936700,43.04829788208008,43.03051966068567
2018-08-21,48.58000183105469,48.63999938964844,48.369998931884766,48.40999984741211,10187600,43.03940200805664,43.19054399812527
2018-08-22,48.34000015258789,48.90999984741211,48.2400016784668,48.79999923706055,11639400,43.386131286621094,42.97716446320566
2018-08-23,48.79999923706055,49.34000015258789,48.68000030517578,48.959999084472656,11026700,43.52839279174805,43.38614327510166
2018-08-24,49.0,49.38999938964844,48.970001220703125,49.2599983215332,14011700,43.79510498046875,43.5639508153393
2018-08-27,49.40999984741211,49.70000076293945,49.290000915527344,49.33000183105469,12253300,43.85733413696289,43.92845717777885
2018-08-28,49.38999938964844,49.43000030517578,48.599998474121094,48.63999938964844,15475700,43.2438850402832,43.910680151039614
2018-08-29,48.63999938964844,49.099998474121094,48.63999938964844,48.88999938964844,17307700,43.466163635253906,43.243898529005726
2018-08-30,48.88999938964844,48.88999938964844,48.310001373291016,48.380001068115234,15154900,43.01274108886719,43.46616037939138
2018-08-31,48.380001068115234,48.630001068115234,48.349998474121094,48.58000183105469,17844100,43.190547943115234,43.01273521740895
2018-09-04,48.36000061035156,48.83000183105469,48.15999984741211,48.58000183105469,17289000,43.190547943115234,42.99495360568876
2018-09-05,48.40999984741211,48.4900016784668,47.790000915527344,48.040000915527344,16437700,42.7104606628418,43.03941204761269
2018-09-06,47.95000076293945,48.220001220703125,47.52000045776367,47.709999084472656,18456100,42.41706085205078,42.63043678991438
2018-09-07,47.459999084472656,47.9900016784668,47.33000183105469,47.810001373291016,20513900,42.5059814453125,42.19480825211026
2018-09-10,48.0,49.04999923706055,48.0,48.86000061035156,20390600,43.439491271972656,42.674898792631936
2018-09-11,48.52000045776367,49.04999923706055,48.52000045776367,48.91999816894531,14877200,43.49281692504883,43.13719493252992
2018-09-12,48.75,49.470001220703125,48.619998931884766,49.34000015258789,17058700,43.86623001098633,43.341684362022036
2018-09-13,49.279998779296875,49.75,48.880001068115234,48.959999084472656,22124400,43.52839279174805,43.812891825040836
2018-09-14,48.939998626708984,49.45000076293945,48.939998626708984,49.25,20066100,43.78621292114258,43.51060305034528
2018-09-17,49.310001373291016,49.939998626708984,49.11000061035156,49.18000030517578,29225000,43.7239875793457,43.8395663726011
2018-09-18,47.5099983215332,49.540000915527344,47.36000061035156,49.029998779296875,33451100,43.59061813354492,42.23924629657136
2018-09-19,48.91999816894531,49.540000915527344,48.65999984741211,49.43000030517578,20904800,43.94625473022461,43.492832038471235
2018-09-20,49.65999984741211,51.08000183105469,49.560001373291016,50.43000030517578,26973500,44.83531188964844,44.150735041143776
2018-09-21,50.83000183105469,51.119998931884766,50.349998474121094,51.099998474121094,50751900,45.430973052978516,45.190929793060285
2018-09-24,50.810001373291016,51.599998474121094,50.709999084472656,51.2400016784668,23906100,45.55543518066406,45.1731391153161
2018-09-25,51.38999938964844,51.93000030517578,50.970001220703125,51.720001220703125,18665800,45.982200622558594,45.68880909040035
2018-09-26,51.75,52.11000061035156,51.560001373291016,51.630001068115234,18131000,45.90217971801758,46.00886599389191
2018-09-27,51.560001373291016,52.02000045776367,51.33000183105469,51.689998626708984,17993500,45.95553207397461,45.839956660786434
2018-09-28,51.540000915527344,52.0099983215332,51.4900016784668,51.560001373291016,16234200,45.839942932128906,45.822161322003154
2018-10-01,51.220001220703125,51.9900016784668,51.13999938964844,51.79999923706055,19217800,46.05331039428711,45.53765732346102
2018-10-02,51.650001525878906,51.79999923706055,50.130001068115234,50.22999954223633,22406800,44.65749740600586,45.91996476573019
2018-10-03,49.59000015258789,50.099998474121094,49.59000015258789,49.75,21207600,44.230751037597656,44.08850152167929
2018-10-04,49.68000030517578,49.779998779296875,49.16999816894531,49.470001220703125,19034000,43.9818000793457,44.168501868757765
2018-10-05,49.41999816894531,49.77000045776367,49.119998931884766,49.349998474121094,16900200,43.8751220703125,43.93735601661967
2018-10-08,49.27000045776367,49.63999938964844,48.900001525878906,49.36000061035156,16295800,43.884010314941406,43.80399476438072
2018-10-09,49.11000061035156,49.400001525878906,48.83000183105469,48.869998931884766,19009800,43.448360443115234,43.66173633140842
2018-10-10,48.810001373291016,48.97999954223633,47.369998931884766,47.400001525878906,20885400,42.14146041870117,43.39503533109123
2018-10-11,47.33000183105469,47.88999938964844,46.4900016784668,46.779998779296875,26387600,41.59023666381836,42.07922250574517
2018-10-12,47.400001525878906,47.75,46.65999984741211,47.380001068115234,23152800,42.123680114746094,42.14146172863366
2018-10-15,46.959999084472656,47.619998931884766,46.869998931884766,47.119998931884766,15693400,42.061187744140625,41.91836550785911
2018-10-16,47.56999969482422,48.41999816894531,47.470001220703125,48.22999954223633,13600200,43.0520133972168,42.462871316714306
2018-10-17,47.43000030517578,48.2400016784668,47.43000030517578,47.86000061035156,15071100,42.721744537353516,42.337909122509615
2018-10-18,47.56999969482422,48.13999938964844,47.130001068115234,47.380001068115234,15084800,42.29326629638672,42.46286659892362
2018-10-19,47.5,48.2400016784668,47.349998474121094,47.59000015258789,17768400,42.48073196411133,42.40039423882121
2018-10-22,47.849998474121094,48.4900016784668,47.709999084472656,47.939998626708984,16480200,42.79315948486328,42.71282175032672
2018-10-23,47.15999984741211,48.31999969482422,47.119998931884766,47.9900016784668,18921500,42.83778762817383,42.09689492289872
2018-10-24,47.880001068115234,48.29999923706055,46.70000076293945,46.7599983215332,20028200,41.73984146118164,42.739600630481995
2018-10-25,47.41999816894531,48.290000915527344,47.279998779296875,47.959999084472656,19349300,42.811012268066406,42.32898586563279
2018-10-26,47.2400016784668,48.06999969482422,46.709999084472656,47.31999969482422,23088700,42.23971176147461,42.16830235373539
2018-10-29,47.810001373291016,48.09000015258789,46.34000015258789,47.02000045776367,19248700,41.971923828125,42.67711008775609
2018-10-30,47.08000183105469,48.619998931884766,46.91999816894531,48.56999969482422,24438200,43.35551834106445,42.02548683773524
2018-10-31,49.04999923706055,49.45000076293945,48.59000015258789,48.84000015258789,21082900,43.596534729003906,43.7839882988374
2018-11-01,48.959999084472656,49.2400016784668,48.34000015258789,48.59000015258789,17764900,43.37337112426758,43.703646920477176
2018-11-02,48.93000030517578,49.02000045776367,48.2400016784668,48.83000183105469,17289300,43.587608337402344,43.67687096613229
2018-11-05,49.0,49.130001068115234,48.5,49.02000045776367,13125800,43.757198333740234,43.73934513119111
2018-11-06,49.099998474121094,49.470001220703125,48.83000183105469,49.25,12362700,43.96250915527344,43.82861182624285
2018-11-07,49.58000183105469,50.5,49.470001220703125,50.2599983215332,14329800,44.864078521728516,44.25708654078654
2018-11-08,50.220001220703125,50.5,50.06999969482422,50.43000030517578,11966600,45.015830993652344,44.82837742953899
2018-11-09,50.41999816894531,50.81999969482422,50.310001373291016,50.61000061035156,15316100,45.17650604248047,45.006902281588204
2018-11-12,50.16999816894531,50.380001068115234,49.11000061035156,49.220001220703125,14374400,43.93572235107422,44.78372724983843
2018-11-13,49.470001220703125,50.0,49.2400016784668,49.5099983215332,13550600,44.1945915222168,44.1588885209406
2018-11-14,49.970001220703125,49.970001220703125,48.7400016784668,48.84000015258789,16094000,43.596534729003906,44.60521881286927
2018-11-15,50.040000915527344,50.689998626708984,49.04999923706055,50.630001068115234,24922800,45.19435501098633,44.667697381318895
2018-11-16,50.529998779296875,51.45000076293945,50.41999816894531,51.16999816894531,20929600,45.676395416259766,45.10510625788945
2018-11-19,51.04999923706055,51.099998474121094,49.400001525878906,49.54999923706055,19520500,44.230308532714844,45.56926844836807
2018-11-20,48.66999816894531,49.06999969482422,47.959999084472656,48.33000183105469,19389600,43.14127731323242,43.44477153509686
2018-11-21,48.7599983215332,49.18000030517578,48.529998779296875,48.619998931884766,13859500,43.40013885498047,43.525107861229664
2018-11-23,48.040000915527344,49.119998931884766,48.040000915527344,48.70000076293945,7807300,43.4715576171875,42.88241550333471
2018-11-26,49.15999984741211,49.15999984741211,48.099998474121094,48.2599983215332,21603800,43.07879638671875,43.88217358998264
2018-11-27,47.91999816894531,47.97999954223633,46.790000915527344,47.439998626708984,28054600,42.346839904785156,42.77530669141799
2018-11-28,47.72999954223633,48.25,47.369998931884766,48.189998626708984,29352900,43.01631164550781,42.60569814606362
2018-11-29,48.380001068115234,48.380001068115234,47.439998626708984,47.900001525878906,17052100,42.757450103759766,43.18591682240714
2018-11-30,48.09000015258789,48.84000015258789,47.709999084472656,48.7599983215332,22884500,43.525115966796875,42.92704892404212
2018-12-03,49.439998626708984,50.119998931884766,49.209999084472656,49.83000183105469,21966600,44.4802360534668,44.132103724479116
2018-12-04,49.52000045776367,50.220001220703125,48.709999084472656,48.75,24643500,43.51618576049805,44.20351874420497
2018-12-06,47.75,47.77000045776367,45.650001525878906,46.68000030517578,39877000,41.668434143066406,42.62355864018301
2018-12-07,46.7599983215332,47.040000915527344,45.810001373291016,46.0,23978000,41.06143569946289,41.73984053014409
2018-12-10,46.0099983215332,47.08000183105469,45.34000015258789,46.66999816894531,26375500,41.65950012207031,41.070357957883836
2018-12-11,46.97999954223633,47.130001068115234,46.060001373291016,46.459999084472656,22680200,41.472049713134766,41.936222878442365
2018-12-12,47.11000061035156,48.11000061035156,47.0099983215332,47.31999969482422,21404000,42.23971176147461,42.05225823536504
2018-12-13,47.47999954223633,47.54999923706055,46.75,47.22999954223633,23295400,42.15937423706055,42.38253417060744
2018-12-14,46.779998779296875,47.029998779296875,46.40999984741211,46.599998474121094,21434300,41.59701156616211,41.757686995807624
2018-12-17,46.41999816894531,47.22999954223633,45.529998779296875,45.72999954223633,30441100,40.8204231262207,41.4363434450643
2018-12-18,48.099998474121094,48.34000015258789,45.439998626708984,45.849998474121094,42855600,40.92752456665039,42.93596367983683
2018-12-19,46.060001373291016,47.439998626708984,45.75,46.45000076293945,34397300,41.46311569213867,41.11498674601907
2018-12-20,46.04999923706055,46.95000076293945,45.47999954223633,46.2400016784668,35165200,41.27566146850586,41.10605774521434
2018-12-21,46.08000183105469,46.209999084472656,43.86000061035156,44.0,58768400,39.27614212036133,41.13283410961396
2018-12-24,43.77000045776367,43.81999969482422,42.68000030517578,42.689998626708984,17230400,38.10679244995117,39.070845083951944
2018-12-26,43.0,44.61000061035156,42.400001525878906,44.59000015258789,21428900,39.80280303955078,38.383505827401336
2018-12-27,43.95000076293945,45.09000015258789,43.459999084472656,44.970001220703125,19048700,40.14200973510742,39.231516802176095
2018-12-28,45.13999938964844,45.77000045776367,44.7400016784668,44.81999969482422,39141200,40.008113861083984,40.29375831251663
2018-12-31,45.189998626708984,45.5,44.84000015258789,45.150001525878906,14932600,40.30268859863281,40.3383916029545
2019-01-02,44.47999954223633,45.34000015258789,44.45000076293945,45.220001220703125,14320400,40.36517333984375,39.704618381490235
2019-01-03,44.75,45.5,44.40999984741211,44.779998779296875,19868700,39.972412109375,39.94563400304358
2019-01-04,45.369998931884766,46.95000076293945,45.25,46.709999084472656,20984000,41.6952018737793,40.4990644734765
2019-01-07,46.93000030517578,48.11000061035156,46.470001220703125,47.45000076293945,17967900,42.35576248168945,41.89158934100933
2019-01-08,47.93000030517578,48.36000061035156,47.20000076293945,47.880001068115234,16255700,42.73959732055664,42.78422863239105
2019-01-09,46.63999938964844,48.22999954223633,46.61000061035156,47.779998779296875,19100200,42.65033721923828,41.63272818532388
2019-01-10,47.380001068115234,47.97999954223633,46.880001068115234,47.81999969482422,16652700,42.68603515625,42.29327486833151
2019-01-11,47.66999816894531,48.619998931884766,47.369998931884766,48.290000915527344,16397400,43.1055793762207,42.5521402149124
2019-01-14,47.849998474121094,48.34000015258789,47.619998931884766,48.18000030517578,14869400,43.007389068603516,42.71281627799281
2019-01-15,47.470001220703125,48.529998779296875,47.40999984741211,48.380001068115234,12142100,43.356895446777344,42.541377311809114
2019-01-16,48.58000183105469,48.790000915527344,48.04999923706055,48.060001373291016,14114000,43.07012176513672,43.536132634754686
2019-01-17,48.0099983215332,48.90999984741211,47.810001373291016,48.58000183105469,12711200,43.536136627197266,43.0253142778114
2019-01-18,48.939998626708984,49.56999969482422,48.869998931884766,49.27000045776367,15930600,44.15449905395508,43.85875995507688
2019-01-22,48.84000015258789,49.16999816894531,48.65999984741211,48.939998626708984,13318700,43.8587532043457,43.769137174097295
2019-01-23,49.189998626708984,49.47999954223633,48.83000183105469,49.2400016784668,15551200,44.12760543823242,44.082794007211675
2019-01-24,49.2599983215332,49.43000030517578,48.869998931884766,49.20000076293945,11442200,44.09176254272461,44.145530796091215
2019-01-25,49.599998474121094,49.900001525878906,49.45000076293945,49.79999923706055,16656600,44.62946701049805,44.45023151675454
2019-01-28,49.45000076293945,49.72999954223633,49.209999084472656,49.52000045776367,11799100,44.3785400390625,44.315808128102034
2019-01-29,49.38999938964844,49.91999816894531,49.189998626708984,49.61000061035156,10838600,44.45918273925781,44.26202340940973
2019-01-30,49.86000061035156,50.5,49.599998474121094,50.36000061035156,13483800,45.131324768066406,44.683237752368576
2019-01-31,50.2400016784668,50.5,50.06999969482422,50.22999954223633,20403600,45.014808654785156,45.02377230703793
2019-02-01,50.52000045776367,51.099998474121094,50.290000915527344,50.810001373291016,14849600,45.53459167480469,45.27470045423884
2019-02-04,50.380001068115234,51.25,50.380001068115234,51.029998779296875,12221200,45.73175048828125,45.149239536747146
2019-02-05,51.16999816894531,51.369998931884766,50.88999938964844,51.2400016784668,13345500,45.919944763183594,45.85720945512043
2019-02-06,51.189998626708984,51.4900016784668,50.970001220703125,51.2599983215332,9220900,45.93787384033203,45.87514193914221
2019-02-07,50.790000915527344,50.9900016784668,50.16999816894531,50.220001220703125,14905000,45.005855560302734,45.516674423526894
2019-02-08,50.09000015258789,51.029998779296875,49.81999969482422,51.029998779296875,11535600,45.73175048828125,44.88934829968033
2019-02-11,50.959999084472656,51.47999954223633,50.95000076293945,51.22999954223633,9714500,45.910987854003906,45.669020494102924
2019-02-12,51.459999084472656,51.54999923706055,51.189998626708984,51.220001220703125,14188500,45.90201950073242,46.11709928129343
2019-02-13,51.25,51.54999923706055,50.95000076293945,51.41999816894531,11342600,46.081260681152344,45.92891275782592
2019-02-14,51.2400016784668,51.75,51.09000015258789,51.47999954223633,11155300,46.135032653808594,45.9199528290163
2019-02-15,51.130001068115234,51.720001220703125,51.06999969482422,51.720001220703125,13822200,46.35011291503906,45.82137020338204
2019-02-19,51.47999954223633,52.18000030517578,51.2400016784668,52.02000045776367,12357500,46.61896896362305,46.13503421353136
2019-02-20,52.0,52.209999084472656,51.5,51.77000045776367,13440900,46.394935607910156,46.60105524974035
2019-02-21,51.630001068115234,52.349998474121094,51.5099983215332,52.11000061035156,14759500,46.69962692260742,46.26946381988418
2019-02-22,52.38999938964844,52.599998474121094,52.20000076293945,52.47999954223633,11689700,47.031211853027344,46.95055605500739
2019-02-25,52.75,53.029998779296875,52.459999084472656,52.560001373291016,14722200,47.102909088134766,47.27318092616579
2019-02-26,52.459999084472656,52.880001068115234,52.2400016784668,52.599998474121094,12041300,47.138736724853516,47.013272949915866
2019-02-27,52.52000045776367,52.63999938964844,52.2599983215332,52.380001068115234,10674200,46.94158935546875,47.067053153194664
2019-02-28,52.20000076293945,52.5099983215332,52.04999923706055,52.130001068115234,31856900,46.717552185058594,46.78028409238419
2019-03-01,52.5,52.72999954223633,52.369998931884766,52.5099983215332,15757700,47.05809020996094,47.0491299751162
2019-03-04,52.66999816894531,52.849998474121094,51.56999969482422,52.040000915527344,14850100,46.63689422607422,47.201481365841246
2019-03-05,52.040000915527344,52.59000015258789,52.02000045776367,52.36000061035156,16291900,46.923667907714844,46.63689252124678
2019-03-06,52.310001373291016,52.75,52.130001068115234,52.349998474121094,12389300,46.91470718383789,46.87886282226502
2019-03-07,52.20000076293945,53.130001068115234,52.189998626708984,52.58000183105469,16624100,47.12083053588867,46.780283458852644
2019-03-08,52.349998474121094,52.779998779296875,52.130001068115234,52.77000045776367,15071100,47.29109573364258,46.9147009289342
2019-03-11,51.939998626708984,53.18000030517578,51.90999984741211,52.65999984741211,20027700,47.19252014160156,46.547273802663724
2019-03-12,52.66999816894531,53.290000915527344,52.58000183105469,52.79999923706055,18048500,47.3179931640625,47.201489570477605
2019-03-13,53.060001373291016,53.470001220703125,52.7400016784668,53.060001373291016,19490800,47.55099105834961,47.55099105834961
2019-03-14,52.97999954223633,53.400001525878906,52.849998474121094,53.04999923706055,24000300,47.54202651977539,47.47929461787963
2019-03-15,51.400001525878906,53.38999938964844,51.0,52.939998626708984,43340200,47.443443298339844,46.06333814102731
2019-03-18,52.869998931884766,53.959999084472656,52.779998779296875,53.459999084472656,21953600,47.909454345703125,47.38071162481936
2019-03-19,53.79999923706055,54.380001068115234,53.75,54.040000915527344,19214000,48.42923355102539,48.21415033225796
2019-03-20,53.88999938964844,54.189998626708984,52.5099983215332,52.63999938964844,24111600,47.17460250854492,48.294820096299624
2019-03-21,52.630001068115234,54.04999923706055,52.349998474121094,54.040000915527344,16686300,48.42923355102539,47.165628614675164
2019-03-22,53.619998931884766,53.880001068115234,52.7400016784668,52.77000045776367,16201500,47.29109573364258,48.05284215896778
2019-03-25,52.560001373291016,52.939998626708984,52.22999954223633,52.7400016784668,11755900,47.26421356201172,47.10290198456956
2019-03-26,53.290000915527344,53.540000915527344,53.060001373291016,53.279998779296875,11657600,47.74815368652344,47.757117341719905
2019-03-27,53.279998779296875,53.650001525878906,52.310001373291016,52.810001373291016,12636000,47.32695770263672,47.748157224999126
2019-03-28,53.0,53.29999923706055,52.790000915527344,53.189998626708984,9103100,47.66748809814453,47.497216289324314
2019-03-29,53.470001220703125,53.7400016784668,53.25,53.709999084472656,11485700,48.13349914550781,47.91841932484898
2019-04-01,53.880001068115234,54.650001525878906,53.849998474121094,54.58000183105469,15191700,48.913177490234375,48.285855020239964
2019-04-02,54.40999984741211,54.5,53.880001068115234,54.150001525878906,10812100,48.5278205871582,48.76082430913032
2019-04-03,54.15999984741211,54.38999938964844,53.86000061035156,54.060001373291016,12853400,48.447166442871094,48.53678247314688
2019-04-04,53.86000061035156,54.150001525878906,53.40999984741211,53.81999969482422,9978800,48.232078552246094,48.2679263283668
2019-04-05,53.7400016784668,54.189998626708984,53.7400016784668,53.93000030517578,10016300,48.33066177368164,48.16038995256217
2019-04-08,53.72999954223633,53.93000030517578,53.33000183105469,53.720001220703125,10126700,48.142459869384766,48.1514201036036
2019-04-09,53.5,54.099998474121094,53.470001220703125,53.83000183105469,9789000,48.24104309082031,47.94530406034578
2019-04-10,53.619998931884766,54.15999984741211,53.599998474121094,53.970001220703125,8477300,48.58312225341797,48.26805455651164
2019-04-11,54.04999923706055,54.189998626708984,53.52000045776367,53.790000915527344,8147600,48.421085357666016,48.65513259145543
2019-04-12,54.099998474121094,54.5,53.869998931884766,54.5,9014000,49.06021499633789,48.70013865031069
2019-04-15,54.5,54.75,54.310001373291016,54.630001068115234,7694900,49.17723846435547,49.060213141230314
2019-04-16,54.66999816894531,54.90999984741211,54.33000183105469,54.59000015258789,7265200,49.14122772216797,49.21324092473535
2019-04-17,54.68000030517578,54.83000183105469,54.38999938964844,54.47999954223633,7792200,49.04220199584961,49.222240136411564
2019-04-18,54.439998626708984,54.66999816894531,54.22999954223633,54.52000045776367,8233000,49.07822799682617,49.006211341072344
2019-04-22,54.400001525878906,54.68000030517578,54.20000076293945,54.619998931884766,6088100,49.168235778808594,48.97019688205373
2019-04-23,54.75,55.13999938964844,54.720001220703125,54.939998626708984,10923400,49.456302642822266,49.28526824494967
2019-04-24,55.0,55.529998779296875,54.959999084472656,55.18000030517578,8769800,49.67235565185547,49.51032159736679
2019-04-25,55.150001525878906,55.220001220703125,54.58000183105469,55.0099983215332,8226100,49.51930236816406,49.64533147596342
2019-04-26,55.220001220703125,55.4900016784668,55.0099983215332,55.40999984741211,7101600,49.87939453125,49.70836012431784
2019-04-29,55.290000915527344,55.4900016784668,55.08000183105469,55.08000183105469,6443000,49.58232879638672,49.77136734589877
2019-04-30,55.060001373291016,55.380001068115234,54.84000015258789,55.33000183105469,10562300,49.8073616027832,49.56431063607956
2019-05-01,55.31999969482422,55.41999816894531,54.79999923706055,54.880001068115234,7792700,49.40227508544922,49.798356221944054
2019-05-02,54.810001373291016,55.04999923706055,54.459999084472656,54.599998474121094,9652200,49.150238037109375,49.339280029254795
2019-05-03,54.79999923706055,55.02000045776367,54.66999816894531,54.790000915527344,11066500,49.32127380371094,49.33027416774957
2019-05-06,53.900001525878906,55.0,53.83000183105469,54.849998474121094,9305400,49.375274658203125,48.520099424861165
2019-05-07,54.20000076293945,54.63999938964844,53.650001525878906,54.0,11712400,48.61011505126953,48.7901532012108
2019-05-08,54.349998474121094,54.43000030517578,53.810001373291016,53.9900016784668,10729800,48.60111999511719,48.925184579661
2019-05-09,53.459999084472656,54.349998474121094,53.08000183105469,54.25,10711800,48.835166931152344,48.124018053999514
2019-05-10,53.77000045776367,54.970001220703125,53.5099983215332,54.650001525878906,11200300,49.19525146484375,48.40308545154987
2019-05-13,53.720001220703125,53.95000076293945,53.38999938964844,53.43000030517578,10664700,48.09701919555664,48.35807439902248
2019-05-14,53.63999938964844,54.619998931884766,53.36000061035156,54.130001068115234,11520800,48.72714614868164,48.286052800656286
2019-05-15,53.90999984741211,54.810001373291016,53.84000015258789,54.560001373291016,8573000,49.11421203613281,48.52908901629626
2019-05-16,54.90999984741211,55.150001525878906,54.54999923706055,54.63999938964844,10013800,49.18624496459961,49.429296004212794
2019-05-17,54.189998626708984,54.91999816894531,54.189998626708984,54.5,9057100,49.06021499633789,48.781155656469686
2019-05-20,53.95000076293945,54.36000061035156,53.529998779296875,53.65999984741211,9820200,48.30406188964844,48.56511709299397
2019-05-21,54.209999084472656,54.27000045776367,54.029998779296875,54.16999816894531,8482000,48.763145446777344,48.79915376370179
2019-05-22,54.22999954223633,54.54999923706055,54.040000915527344,54.20000076293945,8389700,48.7901611328125,48.817165657813966
2019-05-23,53.720001220703125,53.720001220703125,52.5099983215332,53.08000183105469,11213900,47.78194808959961,48.35806746711753
2019-05-24,53.380001068115234,53.470001220703125,52.59000015258789,52.77000045776367,9090700,47.50288772583008,48.052002568635714
2019-05-28,53.08000183105469,53.279998779296875,51.75,51.75,28230400,46.58470916748047,47.78196034606789
2019-05-29,51.43000030517578,51.810001373291016,51.04999923706055,51.689998626708984,12448700,46.530677795410156,46.29663062094655
2019-05-30,51.93000030517578,52.029998779296875,51.459999084472656,51.720001220703125,8569500,46.55768966674805,46.74672818133465
2019-05-31,51.2400016784668,51.36000061035156,50.5099983215332,50.599998474121094,11847100,45.54948043823242,46.12560325079851
2019-06-03,50.560001373291016,51.08000183105469,49.88999938964844,50.2400016784668,17434400,45.22541809082031,45.51347779432074
2019-06-04,50.790000915527344,52.2400016784668,50.630001068115234,52.02000045776367,17073200,46.82775115966797,45.7205210177322
2019-06-05,52.779998779296875,53.2400016784668,51.849998474121094,52.099998474121094,15855300,46.89976119995117,47.51188889405234
2019-06-06,52.09000015258789,52.7400016784668,51.86000061035156,52.59000015258789,10266900,47.340850830078125,46.89075717450938
2019-06-07,52.79999923706055,53.41999816894531,52.779998779296875,53.2599983215332,11591800,47.9439811706543,47.529895775620425
2019-06-10,53.68000030517578,54.40999984741211,53.56999969482422,54.0099983215332,12984600,48.61913299560547,48.32207285962745
2019-06-11,54.5,54.61000061035156,53.84000015258789,53.939998626708984,11288400,48.55610275268555,49.060208887565935
2019-06-12,53.68000030517578,54.04999923706055,53.43000030517578,53.619998931884766,10235400,48.26805114746094,48.322063631844
2019-06-13,53.97999954223633,53.97999954223633,53.439998626708984,53.84000015258789,11289100,48.466087341308594,48.59211302160579
2019-06-14,53.61000061035156,53.83000183105469,53.279998779296875,53.279998779296875,12973000,47.96199417114258,48.2590577270761
2019-06-17,53.34000015258789,53.54999923706055,52.95000076293945,53.130001068115234,15207900,47.82695388793945,48.01599240342352
2019-06-18,52.86000061035156,53.599998474121094,52.40999984741211,52.900001525878906,20999700,47.61991882324219,47.58391050007918
2019-06-19,52.75,53.130001068115234,52.25,52.68000030517578,35449500,47.421871185302734,47.48488402683149
2019-06-20,55.97999954223633,57.470001220703125,55.529998779296875,56.9900016784668,54173900,51.30168151855469,50.39249032010043
2019-06-21,57.13999938964844,57.150001525878906,56.060001373291016,56.119998931884766,45169000,50.518516540527344,51.436708111760666
2019-06-24,56.25,57.29999923706055,55.900001525878906,56.7400016784668,19544200,51.07664489746094,50.63555147148548
2019-06-25,56.869998931884766,57.18000030517578,56.060001373291016,56.06999969482422,25462100,50.47350311279297,51.19365228707118
2019-06-26,56.43000030517578,56.849998474121094,56.2400016784668,56.65999984741211,15045200,51.0046272277832,50.79758450018142
2019-06-27,57.0,57.38999938964844,56.7599983215332,56.77000045776367,12605800,51.1036376953125,51.31068037950761
2019-06-28,56.900001525878906,57.08000183105469,56.36000061035156,56.970001220703125,42570500,51.2836799621582,51.22066711557414
2019-07-01,57.150001525878906,58.09000015258789,57.029998779296875,58.0099983215332,20413000,52.2198600769043,51.445701938048025
2019-07-02,57.880001068115234,58.560001373291016,57.77000045776367,58.459999084472656,17569600,52.62495803833008,52.10285109766762
2019-07-03,58.45000076293945,58.95000076293945,58.380001068115234,58.86000061035156,9989100,52.98502731323242,52.61595064166794
2019-07-05,58.529998779296875,59.52000045776367,58.34000015258789,59.279998779296875,13838900,53.36310577392578,52.68796525174982
2019-07-08,59.189998626708984,59.66999816894531,59.0099983215332,59.529998779296875,16105600,53.58816146850586,53.28209757719375
2019-07-09,59.20000076293945,59.630001068115234,59.0099983215332,59.599998474121094,14348600,53.65117263793945,53.29109970493921
2019-07-10,59.939998626708984,60.5,59.75,60.150001525878906,16059100,54.14628219604492,53.95724020183068
2019-07-11,60.18000030517578,60.209999084472656,59.400001525878906,59.9900016784668,11150200,54.00224304199219,54.173277409888634
2019-07-12,60.09000015258789,60.09000015258789,59.29999923706055,59.810001373291016,11234300,53.84020233154297,54.092253670512854
2019-07-15,59.849998474121094,59.849998474121094,59.25,59.529998779296875,10721600,53.58816146850586,53.87622119751221
2019-07-16,59.16999816894531,59.47999954223633,58.59000015258789,58.61000061035156,9698900,52.97355270385742,53.47969602198184
2019-07-17,58.79999923706055,58.95000076293945,57.9900016784668,57.9900016784668,9090900,52.413177490234375,53.14527862105733
2019-07-18,57.689998626708984,58.13999938964844,57.599998474121094,58.119998931884766,11882300,52.530670166015625,52.142022460964085
2019-07-19,58.310001373291016,58.529998779296875,57.52000045776367,57.540000915527344,11663500,52.00645446777344,52.70240499105619
2019-07-22,57.880001068115234,58.08000183105469,57.54999923706055,57.599998474121094,8761700,52.06068420410156,52.31375932577552
2019-07-23,58.060001373291016,58.13999938964844,57.45000076293945,57.45000076293945,8141100,51.925113677978516,52.476451373635676
2019-07-24,57.45000076293945,58.220001220703125,57.380001068115234,58.11000061035156,10778700,52.52163314819336,51.92510467633739
2019-07-25,58.369998931884766,58.630001068115234,58.08000183105469,58.290000915527344,8175900,52.68433380126953,52.756638521307565
2019-07-26,58.34000015258789,58.650001525878906,58.20000076293945,58.5,6057200,52.87413024902344,52.72951738112785
2019-07-29,58.790000915527344,58.790000915527344,57.79999923706055,58.060001373291016,7439300,52.4764518737793,53.136248376362026
2019-07-30,57.7599983215332,58.150001525878906,57.43000030517578,57.4900016784668,6367200,51.96125793457031,52.205289327895116
2019-07-31,57.880001068115234,57.880001068115234,55.619998931884766,56.29999923706055,11966700,50.88570785522461,52.31376314252991
2019-08-01,56.29999923706055,56.849998474121094,55.52000045776367,55.880001068115234,10215200,50.50608825683594,50.885695704634735
2019-08-02,56.189998626708984,56.189998626708984,55.0,55.84000015258789,12644400,50.469940185546875,50.78627976301204
2019-08-05,55.099998474121094,55.099998474121094,53.689998626708984,53.7599983215332,16204600,48.589969635009766,49.80110372649047
2019-08-06,54.20000076293945,54.45000076293945,53.61000061035156,53.959999084472656,13149500,48.770748138427734,48.987669220931465
2019-08-07,53.130001068115234,54.06999969482422,52.970001220703125,53.34000015258789,16344100,48.21036911010742,48.02056533533709
2019-08-08,53.720001220703125,54.75,53.720001220703125,54.650001525878906,12460700,49.39439010620117,48.55382658213639
2019-08-09,54.2400016784668,54.470001220703125,53.52000045776367,53.900001525878906,8471300,48.71651077270508,49.02381356727581
2019-08-12,53.68000030517578,53.790000915527344,53.0,53.25,6580100,48.1290168762207,48.51766461226925
2019-08-13,53.13999938964844,54.2400016784668,53.0,53.970001220703125,11014800,48.77978515625,48.029603387074665
2019-08-14,53.349998474121094,53.369998931884766,52.2400016784668,52.31999969482422,12489200,47.2884521484375,48.21939726066669
2019-08-15,52.650001525878906,52.720001220703125,51.959999084472656,52.59000015258789,11257000,47.53248977661133,47.58672089762793
2019-08-16,53.18000030517578,53.70000076293945,53.0099983215332,53.59000015258789,9913100,48.43631362915039,48.06574297901768
2019-08-19,54.220001220703125,54.369998931884766,53.7599983215332,53.869998931884766,8273100,48.68939208984375,49.005735119554366
2019-08-20,53.52000045776367,53.84000015258789,52.900001525878906,52.97999954223633,7577800,47.88498306274414,48.373052804482796
2019-08-21,53.529998779296875,53.93000030517578,53.16999816894531,53.2400016784668,6113100,48.119972229003906,48.38208064370141
2019-08-22,53.58000183105469,53.720001220703125,52.88999938964844,53.189998626708984,6744900,48.07477569580078,48.42727272632615
2019-08-23,53.060001373291016,53.31999969482422,51.25,51.58000183105469,11374500,46.6196174621582,47.957287296471506
2019-08-26,52.13999938964844,52.31999969482422,51.83000183105469,52.130001068115234,8582300,47.116722106933594,47.12575890201442
2019-08-27,52.439998626708984,52.619998931884766,52.220001220703125,52.38999938964844,13853100,47.35172653198242,47.39691741244971
2019-08-28,52.20000076293945,52.20000076293945,51.619998931884766,51.95000076293945,7499000,46.954036712646484,47.17999453758911
2019-08-29,52.650001525878906,52.810001373291016,52.09000015258789,52.15999984741211,6858000,47.14384078979492,47.586719646849154
2019-08-30,52.5,52.54999923706055,51.75,52.060001373291016,7920000,47.053462982177734,47.4511475489838
2019-09-03,51.939998626708984,52.0,51.54999923706055,51.88999938964844,10128000,46.899803161621094,46.94499403469786
2019-09-04,52.349998474121094,53.130001068115234,52.220001220703125,52.970001220703125,10558300,47.87594223022461,47.31556437495018
2019-09-05,53.72999954223633,54.33000183105469,53.630001068115234,53.84000015258789,10414500,48.66227340698242,48.562851420342525
2019-09-06,54.099998474121094,54.13999938964844,53.13999938964844,53.15999984741211,11636100,48.047672271728516,48.89727246137537
2019-09-09,53.619998931884766,54.68000030517578,53.45000076293945,54.540000915527344,17803800,49.29495620727539,48.46342968118478
2019-09-10,54.540000915527344,55.470001220703125,54.13999938964844,55.470001220703125,19976400,50.135520935058594,49.29495759012128
2019-09-11,55.27000045776367,56.290000915527344,55.15999984741211,56.290000915527344,16749400,50.87666702270508,49.95475864095669
2019-09-12,54.34000015258789,54.880001068115234,52.900001525878906,53.88999938964844,28184400,48.707462310791016,49.114187036137935
2019-09-13,54.0,54.720001220703125,53.33000183105469,53.75,14736700,48.5809326171875,48.806890443313954
2019-09-16,53.400001525878906,53.56999969482422,52.790000915527344,53.13999938964844,15204200,48.02958679199219,48.264584821943565
2019-09-17,53.18000030517578,53.20000076293945,52.349998474121094,52.869998931884766,11111400,47.785560607910156,48.06574955648604
2019-09-18,52.81999969482422,52.84000015258789,51.86000061035156,52.560001373291016,8911800,47.505374908447266,47.740369532063816
2019-09-19,52.38999938964844,53.66999816894531,52.38999938964844,53.369998931884766,14855000,48.23747634887695,47.35172207331723
2019-09-20,53.709999084472656,54.25,53.41999816894531,53.470001220703125,59517000,48.32787322998047,48.54479086736457
2019-09-23,53.16999816894531,54.16999816894531,53.060001373291016,54.02000045776367,13863100,48.824974060058594,48.05671527903553
2019-09-24,54.13999938964844,54.4900016784668,53.119998931884766,53.349998474121094,15354800,48.219398498535156,48.93342605335315
2019-09-25,53.310001373291016,53.95000076293945,52.88999938964844,53.84000015258789,11607200,48.66227340698242,48.18324395990929
2019-09-26,54.11000061035156,54.33000183105469,53.470001220703125,53.959999084472656,13324300,48.770748138427734,48.90632424597302
2019-09-27,54.189998626708984,54.599998474121094,53.619998931884766,54.09000015258789,12391100,48.88822937011719,48.97861111028548
2019-09-30,54.25,55.279998779296875,54.04999923706055,55.029998779296875,17445100,49.73783874511719,49.03285138610144
2019-10-01,55.040000915527344,55.63999938964844,53.75,53.79999923706055,16443200,48.62613296508789,49.7468855180456
2019-10-02,53.5,53.560001373291016,52.68000030517578,53.150001525878906,15923700,48.038639068603516,48.3549786714289
2019-10-03,53.060001373291016,53.880001068115234,52.939998626708984,53.86000061035156,11268500,48.68034744262695,47.9572831950848
2019-10-04,54.0,55.18000030517578,53.84000015258789,55.13999938964844,13659500,49.837257385253906,48.80689025377354
2019-10-07,55.06999969482422,55.36000061035156,54.75,54.79999923706055,12352100,49.52995681762695,49.7739916935386
2019-10-08,54.290000915527344,54.709999084472656,53.77000045776367,54.04999923706055,14771500,48.852088928222656,49.06900999214274
2019-10-09,54.150001525878906,54.9900016784668,54.060001373291016,54.529998779296875,12803100,49.5057373046875,49.16075207407431
2019-10-10,54.45000076293945,55.599998474121094,54.349998474121094,55.4900016784668,13789000,50.377296447753906,49.43311852663866
2019-10-11,55.91999816894531,57.33000183105469,55.709999084472656,56.88999938964844,18675200,51.64829635620117,50.76766863515628
2019-10-14,56.83000183105469,57.209999084472656,56.40999984741211,56.459999084472656,11079600,51.25791931152344,51.59383095227583
2019-10-15,56.630001068115234,56.81999969482422,56.349998474121094,56.349998474121094,9150100,51.15805435180664,51.41225822598736
2019-10-16,55.790000915527344,56.0099983215332,55.54999923706055,55.880001068115234,8912300,50.73134994506836,50.649642193658686
2019-10-17,56.0099983215332,56.2400016784668,54.9900016784668,55.060001373291016,9917700,49.98691177368164,50.84937840013699
2019-10-18,54.95000076293945,55.2599983215332,54.18000030517578,54.54999923706055,12562900,49.52391052246094,49.88705699456971
2019-10-21,55.060001373291016,55.29999923706055,54.81999969482422,55.130001068115234,8256600,50.05046081542969,49.98691071720707
2019-10-22,55.220001220703125,55.43000030517578,54.02000045776367,54.11000061035156,7777100,49.12443923950195,50.13216714421378
2019-10-23,54.0,54.630001068115234,53.869998931884766,54.130001068115234,10491000,49.1425895690918,49.02456649486552
2019-10-24,54.470001220703125,54.650001525878906,53.939998626708984,54.2599983215332,6449200,49.260623931884766,49.4512777129504
2019-10-25,54.040000915527344,54.41999816894531,54.0099983215332,54.16999816894531,6307000,49.17892074584961,49.06090108849091
2019-10-28,54.349998474121094,54.68000030517578,54.27000045776367,54.63999938964844,7280200,49.6056022644043,49.3423213304245
2019-10-29,54.720001220703125,55.310001373291016,54.560001373291016,54.79999923706055,8333900,49.7508659362793,49.67823873477607
2019-10-30,55.18000030517578,55.18000030517578,54.45000076293945,54.849998474121094,6284900,49.7962532043457,50.095849470421264
2019-10-31,54.720001220703125,54.849998474121094,54.2400016784668,54.4900016784668,8260600,49.46942901611328,49.67823697496667
2019-11-01,54.810001373291016,55.150001525878906,54.54999923706055,55.0,7313600,49.932430267333984,49.75993766407879
2019-11-04,55.2599983215332,55.75,55.2599983215332,55.45000076293945,8757000,50.34097671508789,50.168480622264845
2019-11-05,55.7599983215332,55.84000015258789,55.5099983215332,55.66999816894531,10759300,50.54071044921875,50.62241822363839
2019-11-06,55.709999084472656,55.88999938964844,55.599998474121094,55.70000076293945,10572100,50.56793975830078,50.57701685909162
2019-11-07,55.959999084472656,56.630001068115234,55.86000061035156,55.97999954223633,9677700,50.822139739990234,50.803982075330694
2019-11-08,55.97999954223633,56.4900016784668,55.77000045776367,56.4900016784668,5869600,51.28516387939453,50.82215197714155
2019-11-11,56.20000076293945,56.61000061035156,56.18000030517578,56.43000030517578,5018000,51.230674743652344,51.02186681035843
2019-11-12,56.529998779296875,56.849998474121094,56.41999816894531,56.59000015258789,6184900,51.375938415527344,51.32146541940198
2019-11-13,56.209999084472656,56.560001373291016,56.16999816894531,56.209999084472656,6802300,51.03094482421875,51.03094482421875
2019-11-14,55.810001373291016,56.33000183105469,55.63999938964844,56.09000015258789,9056100,50.922000885009766,50.66780052757762
2019-11-15,56.400001525878906,56.560001373291016,56.27000045776367,56.41999816894531,7216900,51.22161102294922,51.20345681688482
2019-11-18,56.560001373291016,56.560001373291016,55.959999084472656,56.189998626708984,6923300,51.01279830932617,51.3487099652541
2019-11-19,56.470001220703125,56.95000076293945,56.2599983215332,56.27000045776367,7199500,51.08543395996094,51.26700719052727
2019-11-20,56.220001220703125,56.619998931884766,55.810001373291016,56.2400016784668,9117000,51.058189392089844,51.04003172619459
2019-11-21,56.220001220703125,56.59000015258789,56.119998931884766,56.22999954223633,8067100,51.04909896850586,51.040021868921606
2019-11-22,56.41999816894531,57.060001373291016,56.25,56.38999938964844,6346900,51.19437026977539,51.221605038911555
2019-11-25,56.459999084472656,56.68000030517578,56.279998779296875,56.560001373291016,7977700,51.348697662353516,51.257909346062874
2019-11-26,56.75,56.86000061035156,56.41999816894531,56.5099983215332,12076900,51.303306579589844,51.52119509588284
2019-11-27,56.900001525878906,56.90999984741211,56.380001068115234,56.61000061035156,5790000,51.39409255981445,51.6573734948851
2019-11-29,56.33000183105469,56.4900016784668,56.09000015258789,56.13999938964844,6479400,50.9674072265625,51.13990334181858
2019-12-02,56.22999954223633,56.459999084472656,55.380001068115234,55.43000030517578,14314000,50.32282638549805,51.049115804467604
2019-12-03,54.619998931884766,54.9900016784668,54.459999084472656,54.59000015258789,11963700,49.560211181640625,49.587445946853826
2019-12-04,54.900001525878906,54.900001525878906,54.18000030517578,54.40999984741211,11436800,49.39680480957031,49.841659015331494
2019-12-05,54.5,54.83000183105469,54.29999923706055,54.68000030517578,10557400,49.64192199707031,49.47850646928841
2019-12-06,55.029998779296875,55.130001068115234,54.61000061035156,54.83000183105469,9088600,49.77811050415039,49.95968026263349
2019-12-09,54.84000015258789,55.47999954223633,54.7599983215332,55.310001373291016,11996700,50.2138786315918,49.7871821270337
2019-12-10,55.400001525878906,55.90999984741211,55.22999954223633,55.81999969482422,10719700,50.6768798828125,50.29557932969522
2019-12-11,55.79999923706055,56.5,55.650001525878906,56.310001373291016,12159600,51.121734619140625,50.658722840988986
2019-12-12,56.29999923706055,56.65999984741211,55.7599983215332,56.470001220703125,15413200,51.266998291015625,51.11265985969861
2019-12-13,55.0,55.400001525878906,54.41999816894531,54.5099983215332,21427700,49.48758316040039,49.93243730750247
2019-12-16,54.599998474121094,54.97999954223633,53.70000076293945,53.9900016784668,19951000,49.01549530029297,49.56928848682869
2019-12-17,53.88999938964844,54.060001373291016,52.83000183105469,52.84000015258789,19778400,47.9714469909668,48.92470177135572
2019-12-18,53.060001373291016,53.61000061035156,52.95000076293945,53.38999938964844,14123100,48.47078323364258,48.171190379152044
2019-12-19,53.29999923706055,53.599998474121094,53.040000915527344,53.2400016784668,11910100,48.33460235595703,48.38907189099707
2019-12-20,53.90999984741211,53.95000076293945,53.349998474121094,53.599998474121094,27423700,48.66142272949219,48.942861317213804
2019-12-23,53.650001525878906,54.06999969482422,53.61000061035156,53.709999084472656,10591500,48.761295318603516,48.70682578364069
2019-12-24,53.779998779296875,53.959999084472656,53.36000061035156,53.439998626708984,3331700,48.51617431640625,48.824847727604926
2019-12-26,53.45000076293945,53.65999984741211,53.279998779296875,53.56999969482422,6702000,48.63419723510742,48.525254697221804
2019-12-27,53.65999984741211,53.79999923706055,53.34000015258789,53.459999084472656,7262000,48.53432846069336,48.71590165349411
2019-12-30,53.400001525878906,53.4900016784668,52.619998931884766,52.70000076293945,5936100,47.84436798095703,48.47987260342713
2019-12-31,52.56999969482422,53.0,52.54999923706055,52.97999954223633,7094500,48.09855651855469,47.72633301905034
2020-01-02,53.27000045776367,53.959999084472656,53.22999954223633,53.95000076293945,13899600,48.97917938232422,48.3618326454152
2020-01-03,52.9900016784668,54.04999923706055,52.95000076293945,53.7599983215332,11026700,48.806678771972656,48.10762780495306
2020-01-06,53.36000061035156,54.20000076293945,53.349998474121094,54.040000915527344,10982400,49.06088638305664,48.44353965567924
2020-01-07,53.88999938964844,54.33000183105469,53.61000061035156,54.15999984741211,12015400,49.16983413696289,48.92471084001779
2020-01-08,53.939998626708984,54.599998474121094,53.70000076293945,54.130001068115234,11856700,49.361324310302734,49.18806046502401
2020-01-09,54.25,54.79999923706055,54.029998779296875,54.380001068115234,10671000,49.58930587768555,49.47075746642095
2020-01-10,54.54999923706055,54.650001525878906,54.220001220703125,54.45000076293945,9734800,49.653141021728516,49.74432997063431
2020-01-13,54.459999084472656,54.790000915527344,54.36000061035156,54.58000183105469,10858900,49.771690368652344,49.66225945355717
2020-01-14,54.52000045776367,55.18000030517578,54.5,54.880001068115234,12627200,50.045257568359375,49.71697180088191
2020-01-15,54.880001068115234,55.18000030517578,54.68000030517578,54.7599983215332,9090800,49.935829162597656,50.04526007633102
2020-01-16,54.97999954223633,55.45000076293945,54.93000030517578,55.43000030517578,9866000,50.54681396484375,50.13645667234678
2020-01-17,55.630001068115234,55.689998626708984,54.849998474121094,55.130001068115234,11166600,50.27323913574219,50.729190869478124
2020-01-21,54.97999954223633,55.36000061035156,54.91999816894531,55.220001220703125,8773000,50.35531234741211,50.13645397696774
2020-01-22,55.40999984741211,55.650001525878906,54.599998474121094,54.720001220703125,6380500,49.89936065673828,50.52857281972667
2020-01-23,54.40999984741211,55.0,54.279998779296875,54.97999954223633,6583200,50.136444091796875,49.6166594779403
2020-01-24,55.060001373291016,55.20000076293945,53.880001068115234,54.06999969482422,6426000,49.306617736816406,50.20940365496838
2020-01-27,53.18000030517578,53.52000045776367,52.630001068115234,52.689998626708984,8259100,48.048194885253906,48.495029137573276
2020-01-28,52.86000061035156,53.68000030517578,52.65999984741211,53.459999084472656,8620300,48.7503547668457,48.2032141201212
2020-01-29,53.779998779296875,53.939998626708984,53.18000030517578,53.20000076293945,6332500,48.51325988769531,49.04216203240161
2020-01-30,52.81999969482422,53.33000183105469,52.279998779296875,53.310001373291016,7176200,48.61357116699219,48.166736973511455
2020-01-31,53.34000015258789,53.4900016784668,52.290000915527344,52.45000076293945,8884700,47.8293342590332,48.640927732410404
2020-02-03,52.72999954223633,53.40999984741211,52.689998626708984,53.09000015258789,8892500,48.4129524230957,48.0846666372388
2020-02-04,53.75,54.560001373291016,53.75,54.040000915527344,9769800,49.279258728027344,49.01480591704431
2020-02-05,54.66999816894531,55.029998779296875,54.58000183105469,54.7400016784668,9612900,49.917598724365234,49.853762279527025
2020-02-06,55.0,55.349998474121094,54.709999084472656,54.709999084472656,8832000,49.890235900878906,50.15468873087788
2020-02-07,54.27000045776367,54.970001220703125,54.189998626708984,54.720001220703125,7864800,49.89936065673828,49.489003385817256
2020-02-10,54.720001220703125,55.06999969482422,54.45000076293945,54.9900016784668,7198200,50.14556884765625,49.89935451540631
2020-02-11,55.16999816894531,55.540000915527344,55.11000061035156,55.150001525878906,8466600,50.29147720336914,50.30971221136721
2020-02-12,55.54999923706055,55.88999938964844,55.25,55.72999954223633,7541100,50.820377349853516,50.65623445541137
2020-02-13,55.310001373291016,55.63999938964844,55.0099983215332,55.310001373291016,8480100,50.437381744384766,50.437381744384766
2020-02-14,55.380001068115234,55.84000015258789,55.2400016784668,55.470001220703125,7496800,50.583282470703125,50.50121102594785
2020-02-18,55.41999816894531,55.7599983215332,55.099998474121094,55.45000076293945,7185700,50.56504440307617,50.53768493550814
2020-02-19,55.59000015258789,55.77000045776367,55.38999938964844,55.439998626708984,6819200,50.55592727661133,50.692714188977185
2020-02-20,55.400001525878906,55.869998931884766,54.880001068115234,55.5099983215332,6114600,50.61975860595703,50.51945214924995
2020-02-21,55.08000183105469,55.34000015258789,54.439998626708984,54.68000030517578,9078600,49.862876892089844,50.22763963404725
2020-02-24,53.099998474121094,53.529998779296875,52.5099983215332,52.650001525878906,10992500,48.01171875,48.42207252571153
2020-02-25,53.06999969482422,53.220001220703125,50.79999923706055,50.959999084472656,12202600,46.47060012817383,48.394717011914636
2020-02-26,51.310001373291016,53.13999938964844,51.2400016784668,52.04999923706055,16413100,47.464576721191406,46.78977007578808
2020-02-27,50.880001068115234,53.459999084472656,50.7599983215332,50.779998779296875,16161100,46.306453704833984,46.39764613234213
2020-02-28,49.2400016784668,49.88999938964844,47.900001525878906,49.459999084472656,24426000,45.102745056152344,44.90212865704667
2020-03-02,49.72999954223633,50.900001525878906,48.66999816894531,50.900001525878906,17328500,46.41587448120117,45.34894592348985
2020-03-03,50.619998931884766,51.84000015258789,48.25,48.849998474121094,21830500,44.54646682739258,46.16053579646346
2020-03-04,49.849998474121094,50.59000015258789,48.83000183105469,50.540000915527344,14813700,46.08759689331055,45.45838134525223
2020-03-05,49.22999954223633,49.68000030517578,47.75,48.0,15843000,43.771358489990234,44.89299913386003
2020-03-06,46.56999969482422,48.29999923706055,46.459999084472656,47.369998931884766,24581400,43.196861267089844,42.46733927350117
2020-03-09,44.95000076293945,47.56999969482422,44.65999984741211,46.0099983215332,25949300,41.95668029785156,40.99006477286019
2020-03-10,47.45000076293945,48.90999984741211,46.15999984741211,48.58000183105469,27067700,44.30026626586914,43.269814509767706
2020-03-11,46.810001373291016,47.47999954223633,44.27000045776367,44.720001220703125,24139200,40.78031921386719,42.686197368005246
2020-03-12,41.119998931884766,43.400001525878906,39.709999084472656,39.79999923706055,24123800,36.293758392333984,37.497470727014
2020-03-13,44.45000076293945,47.9900016784668,43.41999816894531,47.93000030517578,28339400,43.70753479003906,40.53411104513687
2020-03-16,42.5099983215332,47.56999969482422,41.2599983215332,42.720001220703125,27493700,38.95651626586914,38.76501389874308
2020-03-17,43.619998931884766,47.709999084472656,41.65999984741211,46.86000061035156,25588900,42.73179244995117,39.777224002268476
2020-03-18,43.66999816894531,47.79999923706055,42.560001373291016,47.27000045776367,29557000,43.10566711425781,39.8228133217975
2020-03-19,46.470001220703125,47.970001220703125,44.869998931884766,45.06999969482422,20159100,41.099491119384766,42.37615743111303
2020-03-20,45.02000045776367,46.70000076293945,44.5099983215332,45.650001525878906,26340800,41.62839126586914,41.05389115448253
2020-03-23,45.0,46.4900016784668,43.88999938964844,44.189998626708984,23063700,40.29700469970703,41.0356476089772
2020-03-24,45.33000183105469,48.0099983215332,45.29999923706055,47.84000015258789,19323700,43.62545394897461,41.336578199835905
2020-03-25,47.099998474121094,48.7400016784668,45.47999954223633,45.939998626708984,25625800,41.892845153808594,42.95065306497
2020-03-26,46.380001068115234,50.7400016784668,46.189998626708984,50.47999954223633,22417900,46.03288650512695,42.294083689320736
2020-03-27,49.09000015258789,51.599998474121094,48.560001373291016,49.83000183105469,20025300,45.440147399902344,44.76533736357699
2020-03-30,50.400001525878906,51.59000015258789,49.59000015258789,50.36000061035156,20611900,45.92344665527344,45.95992361889771
2020-03-31,51.119998931884766,51.18000030517578,48.0,48.33000183105469,15802000,44.07229995727539,46.61650820161902
2020-04-01,46.54999923706055,48.9900016784668,46.040000915527344,48.709999084472656,17918200,44.4188117980957,42.44910068108814
2020-04-02,48.18000030517578,49.88999938964844,48.099998474121094,49.79999923706055,16434400,45.41278839111328,43.9355058647159
2020-04-03,49.29999923706055,50.04999923706055,48.95000076293945,49.400001525878906,13362500,45.048030853271484,44.95683842305005
2020-04-06,50.400001525878906,51.880001068115234,50.349998474121094,51.4900016784668,13845800,46.95390701293945,45.95993218014963
2020-04-07,52.150001525878906,52.33000183105469,50.709999084472656,50.7599983215332,14063000,46.28821563720703,47.555764301247635
2020-04-08,50.97999954223633,52.68000030517578,50.880001068115234,52.130001068115234,15710700,47.76335906982422,46.709686814194896
2020-04-09,52.2400016784668,53.619998931884766,52.029998779296875,53.18000030517578,15521200,48.725406646728516,47.86414649120152
2020-04-13,52.70000076293945,53.13999938964844,52.400001525878906,52.970001220703125,12694800,48.53299331665039,48.28560932363256
2020-04-14,53.709999084472656,54.099998474121094,53.45000076293945,54.0,11674600,49.47671127319336,49.21100217010988
2020-04-15,53.209999084472656,53.45000076293945,52.810001373291016,53.15999984741211,10398100,48.70708084106445,48.752891918726036
2020-04-16,53.150001525878906,53.869998931884766,53.06999969482422,53.70000076293945,14098300,49.20185470581055,48.69792580142149
2020-04-17,54.52000045776367,54.720001220703125,53.970001220703125,54.619998931884766,13608800,50.044776916503906,49.95315477393262
2020-04-20,54.04999923706055,54.58000183105469,53.79999923706055,53.90999984741211,10358900,49.394256591796875,49.522529004977415
2020-04-21,53.22999954223633,53.34000015258789,51.119998931884766,51.310001373291016,14111700,47.01203918457031,48.77120945814091
2020-04-22,52.029998779296875,52.58000183105469,51.77000045776367,52.27000045776367,9668300,47.891632080078125,47.671734012676716
2020-04-23,52.22999954223633,52.9900016784668,51.45000076293945,51.970001220703125,10330200,47.61676025390625,47.85497994703823
2020-04-24,52.40999984741211,53.04999923706055,51.959999084472656,53.0099983215332,9403500,48.569637298583984,48.019897453451264
2020-04-27,53.36000061035156,53.63999938964844,53.060001373291016,53.369998931884766,9123200,48.89948654174805,48.89032572482772
2020-04-28,53.900001525878906,54.150001525878906,53.130001068115234,53.20000076293945,8350500,48.74372100830078,49.3850864482443
2020-04-29,53.95000076293945,54.279998779296875,53.689998626708984,53.880001068115234,9064100,49.36676788330078,49.43090408630346
2020-04-30,53.470001220703125,53.599998474121094,52.79999923706055,52.970001220703125,11808800,48.53299331665039,48.99111104553654
2020-05-01,52.380001068115234,52.439998626708984,51.310001373291016,51.790000915527344,8702400,47.45183563232422,47.99241469717712
2020-05-04,51.709999084472656,51.790000915527344,51.099998474121094,51.75,7567900,47.415191650390625,47.378541388054
2020-05-05,52.220001220703125,52.86000061035156,51.9900016784668,52.04999923706055,7271800,47.690059661865234,47.84582152279486
2020-05-06,52.43000030517578,52.5,51.70000076293945,51.86000061035156,7050000,47.515968322753906,48.03822222025658
2020-05-07,52.400001525878906,52.91999816894531,52.27000045776367,52.599998474121094,7154700,48.19399642944336,48.01075208554426
2020-05-08,53.189998626708984,53.779998779296875,52.77000045776367,53.56999969482422,8130800,49.082733154296875,48.73456270197466
2020-05-11,53.130001068115234,53.83000183105469,53.060001373291016,53.529998779296875,8138600,49.04608154296875,48.679589467366405
2020-05-12,53.79999923706055,53.83000183105469,52.25,52.27000045776367,8598800,47.891632080078125,49.29347133738334
2020-05-13,52.43000030517578,52.4900016784668,51.279998779296875,51.650001525878906,10274300,47.32356262207031,48.03822515811495
2020-05-14,51.13999938964844,53.029998779296875,50.86000061035156,52.90999984741211,13794000,48.478023529052734,46.85628616210209
2020-05-15,52.70000076293945,53.9900016784668,52.52000045776367,52.91999816894531,39055700,48.487178802490234,48.28560937826168
2020-05-18,53.90999984741211,53.95000076293945,53.06999969482422,53.150001525878906,9901900,48.69792175292969,49.394259245532794
2020-05-19,53.18000030517578,53.25,52.31999969482422,52.34000015258789,9805100,47.95576095581055,48.72539883129606
2020-05-20,53.09000015258789,53.27000045776367,52.650001525878906,52.900001525878906,9115900,48.4688606262207,48.64294411755342
2020-05-21,52.7599983215332,52.939998626708984,52.119998931884766,52.220001220703125,7464000,47.84583282470703,48.34059748208316
2020-05-22,52.34000015258789,52.63999938964844,52.08000183105469,52.619998931884766,7211700,48.212310791015625,47.95576597074604
2020-05-26,53.650001525878906,53.68000030517578,52.650001525878906,52.779998779296875,11200600,48.35891342163086,49.15604090309348
2020-05-27,53.0,53.25,52.56999969482422,53.20000076293945,9228100,48.74372100830078,48.56047324043685
2020-05-28,53.7599983215332,54.150001525878906,53.220001220703125,53.619998931884766,9465400,49.12854766845703,49.256820082200186
2020-05-29,53.619998931884766,53.939998626708984,52.9900016784668,53.77000045776367,14734800,49.26597595214844,49.12853924945507
2020-06-01,53.279998779296875,53.38999938964844,52.790000915527344,53.060001373291016,7363200,48.61545944213867,48.81702888601805
2020-06-02,53.2400016784668,53.290000915527344,52.63999938964844,53.279998779296875,8756300,48.81703567504883,48.78038890434959
2020-06-03,53.33000183105469,53.619998931884766,52.9900016784668,53.4900016784668,9188700,49.00944137573242,48.862843826736146
2020-06-04,53.22999954223633,53.689998626708984,52.630001068115234,52.849998474121094,9696000,48.423038482666016,48.77120890605418
2020-06-05,53.09000015258789,54.27000045776367,52.7400016784668,53.97999954223633,12210100,49.45838928222656,48.64294028912802
2020-06-08,53.349998474121094,55.119998931884766,53.279998779296875,55.099998474121094,11519500,50.48456954956055,48.88115758661421
2020-06-09,55.0,55.060001373291016,53.880001068115234,54.18000030517578,8852500,49.64164352416992,50.39295641289472
2020-06-10,54.5,54.65999984741211,53.900001525878906,54.11000061035156,7436700,49.57750701904297,49.934838330438645
2020-06-11,53.25,53.560001373291016,51.22999954223633,51.310001373291016,12805700,47.01203918457031,48.78953458538569
2020-06-12,52.45000076293945,53.0,50.97999954223633,51.86000061035156,11537200,47.515968322753906,48.05654734764482
2020-06-15,50.959999084472656,53.43000030517578,50.90999984741211,53.25,16038100,48.78953552246094,46.69135559730433
2020-06-16,54.459999084472656,55.0,53.779998779296875,54.59000015258789,19380200,50.01728820800781,49.89817663312059
2020-06-17,53.029998779296875,53.7400016784668,51.5,51.52000045776367,28692600,47.20445251464844,48.58796655643203
2020-06-18,51.599998474121094,54.0,51.31999969482422,53.689998626708984,19259500,49.19268035888672,47.27774811664348
2020-06-19,54.209999084472656,54.459999084472656,52.97999954223633,54.400001525878906,33051200,49.84321212768555,49.669125147425355
2020-06-22,54.09000015258789,55.38999938964844,53.880001068115234,55.119998931884766,16705900,50.502891540527344,49.55917024797095
2020-06-23,55.29999923706055,55.970001220703125,55.130001068115234,55.189998626708984,18695000,50.56704330444336,50.66782978325423
2020-06-24,55.119998931884766,55.68000030517578,54.33000183105469,54.439998626708984,18287400,49.879859924316406,50.50290035095631
2020-06-25,54.400001525878906,54.59000015258789,53.540000915527344,54.529998779296875,16008700,49.962318420410156,49.84321032735233
2020-06-26,54.349998474121094,54.59000015258789,53.630001068115234,54.18000030517578,17969400,49.64164352416992,49.79740189358689
2020-06-29,54.22999954223633,54.959999084472656,53.849998474121094,54.7599983215332,14366900,50.17305374145508,49.687450051688145
2020-06-30,54.79999923706055,55.439998626708984,54.5,55.27000045776367,18885900,50.64033508300781,50.20970329164357
2020-07-01,54.689998626708984,55.880001068115234,54.68000030517578,55.4900016784668,17856800,50.841915130615234,50.108923852341626
2020-07-02,55.790000915527344,56.43000030517578,55.650001525878906,55.939998626708984,15478900,51.25421905517578,51.116785809994965
2020-07-06,56.20000076293945,56.83000183105469,56.15999984741211,56.599998474121094,15309700,51.85893630981445,51.49244414749179
2020-07-07,56.349998474121094,56.95000076293945,56.220001220703125,56.310001373291016,13232100,51.59321975708008,51.62986651897753
2020-07-08,56.630001068115234,56.68000030517578,55.9900016784668,56.65999984741211,12582200,51.913917541503906,51.88643158741005
2020-07-09,56.9900016784668,57.79999923706055,56.81999969482422,57.529998779296875,15692600,52.71103286743164,52.21626830052511
2020-07-10,57.470001220703125,57.52000045776367,56.689998626708984,57.38999938964844,12615800,52.5827522277832,52.65605274189466
2020-07-13,57.400001525878906,57.84000015258789,56.970001220703125,57.0099983215332,15965600,52.234580993652344,52.59191575185186
2020-07-14,56.66999816894531,57.290000915527344,56.47999954223633,57.20000076293945,15510300,52.63023376464844,52.14257362398889
2020-07-15,57.41999816894531,57.84000015258789,56.380001068115234,56.619998931884766,10570800,52.0965690612793,52.832655537590156
2020-07-16,56.41999816894531,56.4900016784668,55.58000183105469,55.81999969482422,8779300,51.3604850769043,51.912549083438485
2020-07-17,56.08000183105469,56.119998931884766,54.7599983215332,54.900001525878906,14344800,50.513980865478516,51.59970966657537
2020-07-20,54.880001068115234,55.52000045776367,54.689998626708984,55.400001525878906,11469300,50.97404098510742,50.49558387470575
2020-07-21,55.79999923706055,56.34000015258789,55.58000183105469,55.90999984741211,11875100,51.44329071044922,51.3420781654289
2020-07-22,55.70000076293945,56.18000030517578,55.70000076293945,56.0099983215332,13842400,51.53529739379883,51.25006588420711
2020-07-23,56.0,56.36000061035156,55.599998474121094,55.7599983215332,12576000,51.30528259277344,51.526110324249956
2020-07-24,55.470001220703125,56.040000915527344,55.2599983215332,55.650001525878906,8939700,51.20407485961914,51.038454934223644
2020-07-27,55.65999984741211,55.95000076293945,55.31999969482422,55.34000015258789,10319600,50.91883087158203,51.21326546310326
2020-07-28,55.25,55.7400016784668,55.20000076293945,55.349998474121094,13030100,50.92802047729492,50.83601100162857
2020-07-29,55.560001373291016,55.900001525878906,55.349998474121094,55.70000076293945,7242700,51.25007629394531,51.12126158474764
2020-07-30,55.0,55.47999954223633,54.88999938964844,55.25,7633200,50.83600616455078,50.60597898733562
2020-07-31,55.0,55.470001220703125,54.33000183105469,55.45000076293945,9355800,51.02003479003906,50.60598511889713
2020-08-03,55.779998779296875,56.09000015258789,55.4900016784668,55.97999954223633,9164900,51.5077018737793,51.323679370094894
2020-08-04,55.779998779296875,56.0099983215332,55.529998779296875,56.0,6364300,51.526092529296875,51.32366747118067
2020-08-05,56.31999969482422,56.31999969482422,55.380001068115234,55.5,6629000,51.0660400390625,51.82052899848435
2020-08-06,55.4900016784668,55.599998474121094,54.939998626708984,55.279998779296875,8169600,50.86362838745117,51.056853960163494
2020-08-07,55.0099983215332,55.2400016784668,54.7599983215332,55.22999954223633,8772300,50.817626953125,50.61520182084931
2020-08-10,55.2400016784668,55.619998931884766,54.880001068115234,54.939998626708984,10046900,50.55078887939453,50.82682439653433
2020-08-11,55.2400016784668,55.459999084472656,54.13999938964844,54.27000045776367,8075100,49.93431091308594,50.82681767800404
2020-08-12,54.52000045776367,54.70000076293945,53.970001220703125,54.16999816894531,9068200,49.84230422973633,50.164344494644254
2020-08-13,53.90999984741211,54.20000076293945,53.68000030517578,54.02000045776367,8260300,49.704288482666016,49.6030759313174
2020-08-14,54.029998779296875,54.560001373291016,53.77000045776367,54.20000076293945,5454400,49.869911193847656,49.71349083023706
2020-08-17,54.20000076293945,54.38999938964844,53.65999984741211,53.9900016784668,9523700,49.676692962646484,49.86991503557607
2020-08-18,55.619998931884766,56.93000030517578,54.869998931884766,55.18000030517578,21102600,50.77161407470703,51.17646076454248
2020-08-19,55.58000183105469,56.79999923706055,55.459999084472656,56.20000076293945,16751500,51.71011734008789,51.139650843944494
2020-08-20,55.59000015258789,55.810001373291016,55.09000015258789,55.2599983215332,10974800,50.845218658447266,51.148856294482535
2020-08-21,55.380001068115234,55.45000076293945,54.72999954223633,55.189998626708984,9552000,50.78082275390625,50.95564573886626
2020-08-24,55.7599983215332,56.11000061035156,55.439998626708984,56.0099983215332,7892100,51.53529739379883,51.30527017125745
2020-08-25,56.150001525878906,56.75,56.02000045776367,56.09000015258789,7427000,51.608917236328125,51.66412504342062
2020-08-26,56.34000015258789,57.4900016784668,56.060001373291016,57.4900016784668,11597600,52.897071838378906,51.83894500671025
2020-08-27,57.45000076293945,58.45000076293945,56.58000183105469,57.18000030517578,15834700,52.61183547973633,52.860265343106406
2020-08-28,57.33000183105469,58.15999984741211,57.209999084472656,57.880001068115234,8613800,53.25591278076172,52.74985350540145
2020-08-31,57.130001068115234,57.7599983215332,57.040000915527344,57.220001220703125,18683500,52.64862823486328,52.56581829998746
2020-09-01,57.369998931884766,58.0099983215332,57.08000183105469,57.65999984741211,10169500,53.05349349975586,52.786661003613496
2020-09-02,57.720001220703125,59.31999969482422,57.720001220703125,59.029998779296875,14342800,54.31404113769531,53.10870041672115
2020-09-03,58.720001220703125,58.9900016784668,56.650001525878906,57.099998474121094,15387400,52.53822326660156,54.02880239561868
2020-09-04,56.880001068115234,57.27000045776367,55.15999984741211,55.72999954223633,14697200,51.27767562866211,52.33580241317417
2020-09-08,55.349998474121094,55.790000915527344,54.869998931884766,55.31999969482422,16472800,50.900428771972656,50.928030918344135
2020-09-09,56.15999984741211,57.400001525878906,55.86000061035156,56.95000076293945,13993200,52.40019989013672,51.67331305374597
2020-09-10,57.439998626708984,58.18000030517578,56.75,57.33000183105469,20500900,52.74985885620117,52.85106791358961
2020-09-11,60.709999084472656,61.86000061035156,56.869998931884766,57.0,40220600,52.446205139160156,55.8598081751312
2020-09-14,60.86000061035156,61.5,59.349998474121094,59.459999084472656,50107400,54.70968246459961,55.99783651959675
2020-09-15,60.0099983215332,61.68000030517578,59.38999938964844,60.939998626708984,30385600,56.071441650390625,55.21573999266767
2020-09-16,61.119998931884766,61.38999938964844,59.650001525878906,60.43000030517578,21223300,55.60218811035156,56.2370620677305
2020-09-17,59.41999816894531,60.61000061035156,59.0,60.18000030517578,22831200,55.372154235839844,54.67286950181664
2020-09-18,59.97999954223633,60.290000915527344,59.43000030517578,59.75,49311700,54.97650909423828,55.18813372897345
2020-09-21,62.459999084472656,62.599998474121094,60.029998779296875,60.81999969482422,32560400,55.961029052734375,57.47000724989134
2020-09-22,60.380001068115234,60.75,59.459999084472656,60.619998931884766,13306000,55.777000427246094,55.55617625723822
2020-09-23,60.11000061035156,60.4900016784668,58.900001525878906,58.959999084472656,15513500,54.24961853027344,55.30774514250049
2020-09-24,58.7400016784668,59.900001525878906,58.290000915527344,59.29999923706055,9560500,54.562461853027344,54.047203070199835
2020-09-25,59.27000045776367,59.9900016784668,58.959999084472656,59.79999923706055,9371900,55.022518157958984,54.5348615052899
2020-09-28,60.029998779296875,60.540000915527344,59.470001220703125,59.58000183105469,9356300,54.82009506225586,55.23414129794268
2020-09-29,59.58000183105469,60.15999984741211,59.400001525878906,59.470001220703125,6340600,54.7188835144043,54.82009606629248
2020-09-30,59.52000045776367,60.38999938964844,59.369998931884766,59.70000076293945,11001500,54.93050765991211,54.76488776014851
2020-10-01,60.16999816894531,60.27000045776367,59.45000076293945,59.68000030517578,7357700,54.912105560302734,55.36295700604748
2020-10-02,58.709999084472656,59.52000045776367,58.5099983215332,58.83000183105469,7329800,54.13001251220703,54.01959690840272
2020-10-05,59.439998626708984,59.66999816894531,59.09000015258789,59.560001373291016,6899200,54.80169677734375,54.691281163189885
2020-10-06,59.5099983215332,60.529998779296875,59.40999984741211,59.5099983215332,9743600,54.75568389892578,54.75568389892578
2020-10-07,59.77000045776367,60.900001525878906,59.63999938964844,60.59000015258789,8690900,55.97513961791992,55.21759551346629
2020-10-08,60.790000915527344,61.29999923706055,60.630001068115234,60.88999938964844,7202800,56.25230026245117,56.15991819235046
2020-10-09,61.150001525878906,61.380001068115234,60.86000061035156,61.150001525878906,7355700,56.49250411987305,56.49250411987305
2020-10-12,61.2400016784668,61.83000183105469,61.06999969482422,61.459999084472656,8275000,56.77888107299805,56.575639830921126
2020-10-13,61.56999969482422,61.779998779296875,60.880001068115234,60.970001220703125,8896300,56.32620620727539,56.88050565127671
2020-10-14,61.349998474121094,61.529998779296875,60.849998474121094,60.959999084472656,6651100,56.31696701049805,56.6772620087068
2020-10-15,60.27000045776367,60.7400016784668,60.08000183105469,60.52000045776367,6251600,55.91048049926758,55.6795218076104
2020-10-16,60.709999084472656,61.11000061035156,60.2599983215332,60.290000915527344,6070800,55.6980094909668,56.0860184749587
2020-10-19,60.38999938964844,60.75,59.38999938964844,59.619998931884766,8311000,55.07902526855469,55.79037842906745
2020-10-20,59.91999816894531,60.33000183105469,59.630001068115234,59.75,9241200,55.19912338256836,55.356173590140294
2020-10-21,59.34000015258789,60.119998931884766,59.220001220703125,59.66999816894531,10114900,55.125221252441406,54.82035759863226
2020-10-22,59.439998626708984,59.869998931884766,58.689998626708984,59.689998626708984,11900600,55.14369201660156,54.91273334142441
2020-10-23,59.900001525878906,60.15999984741211,59.709999084472656,59.900001525878906,9739300,55.337703704833984,55.337703704833984
2020-10-26,58.099998474121094,58.47999954223633,56.529998779296875,57.4900016784668,18876900,53.111263275146484,53.6747995330194
2020-10-27,57.63999938964844,57.97999954223633,57.02000045776367,57.08000183105469,10806500,52.73249435424805,53.249839609147315
2020-10-28,56.27000045776367,56.599998474121094,55.529998779296875,55.59000015258789,13910600,51.355979919433594,51.98418790507776
2020-10-29,55.20000076293945,56.7599983215332,55.13999938964844,56.02000045776367,13573700,51.75322723388672,50.99568296057041
2020-10-30,55.75,56.63999938964844,55.45000076293945,56.11000061035156,12602300,51.836360931396484,51.503779905363416
2020-11-02,56.439998626708984,57.470001220703125,56.119998931884766,56.45000076293945,11413200,52.15046691894531,52.14122659888232
2020-11-03,57.0,57.5,56.56999969482422,56.79999923706055,8911200,52.47381591796875,52.6585835827382
2020-11-04,58.0,58.09000015258789,56.349998474121094,56.4900016784668,12054900,52.18742752075195,53.58241646782274
2020-11-05,57.459999084472656,57.650001525878906,56.41999816894531,56.65999984741211,9017100,52.344482421875,53.08354959650617
2020-11-06,56.77000045776367,56.97999954223633,56.150001525878906,56.79999923706055,7510400,52.47381591796875,52.44610200170587
2020-11-09,58.189998626708984,59.08000183105469,56.77000045776367,56.84000015258789,11486600,52.510765075683594,53.757940524958755
2020-11-10,56.90999984741211,57.2400016784668,56.20000076293945,56.66999816894531,9015900,52.35371780395508,52.575439712423595
2020-11-11,57.060001373291016,57.630001068115234,56.79999923706055,57.20000076293945,7724400,52.843345642089844,52.71400934771575
2020-11-12,57.2599983215332,57.4900016784668,56.099998474121094,56.45000076293945,7324000,52.15046691894531,52.89877073316957
2020-11-13,56.880001068115234,57.09000015258789,56.54999923706055,56.90999984741211,5870300,52.575435638427734,52.547721723573
2020-11-16,57.02000045776367,57.61000061035156,56.880001068115234,57.150001525878906,6309200,52.797157287597656,52.67705778352804
2020-11-17,57.0,57.38999938964844,56.810001373291016,57.119998931884766,5569700,52.769439697265625,52.65858051452334
2020-11-18,57.119998931884766,57.290000915527344,56.2400016784668,56.25,8998800,51.9656982421875,52.76943338823815
2020-11-19,56.09000015258789,56.47999954223633,55.560001373291016,56.45000076293945,9643100,52.15046691894531,51.817885879668076
2020-11-20,56.36000061035156,56.439998626708984,55.68000030517578,55.70000076293945,8395800,51.45759963989258,52.0673304737406
2020-11-23,55.849998474121094,56.56999969482422,55.77000045776367,56.08000183105469,8235900,51.808650970458984,51.59616589106643
2020-11-24,56.599998474121094,57.900001525878906,56.36000061035156,57.56999969482422,10427200,53.18516159057617,52.289040834285984
2020-11-25,57.720001220703125,57.7599983215332,57.2599983215332,57.40999984741211,6848900,53.037349700927734,53.32373972508211
2020-11-27,57.400001525878906,57.869998931884766,57.150001525878906,57.7599983215332,5627000,53.360694885253906,53.02811732758773
2020-11-30,57.61000061035156,58.20000076293945,57.20000076293945,57.720001220703125,26676900,53.32373809814453,53.22211572092741
2020-12-01,58.20000076293945,59.279998779296875,58.0099983215332,58.7400016784668,11855300,54.266056060791016,53.7671844380885
2020-12-02,58.290000915527344,59.27000045776367,58.13999938964844,59.08000183105469,9330400,54.580162048339844,53.85033170555955
2020-12-03,59.220001220703125,59.97999954223633,59.060001373291016,59.27000045776367,9783900,54.75568771362305,54.70949667955417
2020-12-04,59.310001373291016,60.54999923706055,59.27000045776367,59.959999084472656,10872700,55.39312744140625,54.79263700441705
2020-12-07,59.959999084472656,60.20000076293945,59.630001068115234,59.79999923706055,14922900,55.24531936645508,55.3931327908972
2020-12-08,58.9900016784668,59.709999084472656,58.220001220703125,59.029998779296875,15237800,54.53396987915039,54.49701916363241
2020-12-09,58.88999938964844,59.90999984741211,58.79999923706055,59.72999954223633,12204100,55.1806526184082,54.404631239292236
2020-12-10,59.5099983215332,59.810001373291016,59.040000915527344,59.47999954223633,14219900,54.94969177246094,54.977405687871155
2020-12-11,60.939998626708984,61.0,59.41999816894531,60.61000061035156,16209900,55.99362564086914,56.29848928059976
2020-12-14,60.83000183105469,61.65999984741211,60.689998626708984,60.7599983215332,16193600,56.132205963134766,56.19687764718927
2020-12-15,61.09000015258789,62.189998626708984,60.900001525878906,61.86000061035156,15506700,57.14842224121094,56.43706901049596
2020-12-16,61.869998931884766,63.189998626708984,61.849998474121094,62.779998779296875,16119900,57.99834442138672,57.15765494066277
2020-12-17,62.9900016784668,64.05000305175781,62.72999954223633,63.61000061035156,15320500,58.765132904052734,58.19235630787314
2020-12-18,63.47999954223633,65.33000183105469,63.43000030517578,65.05999755859375,33728700,60.10468292236328,58.645025938736765
2020-12-21,63.88999938964844,65.19000244140625,63.880001068115234,64.4800033569336,18210200,59.56887435913086,59.023808131326156
2020-12-22,64.55999755859375,66.0,64.43000030517578,65.1500015258789,17136000,60.18783187866211,59.642765742683636
2020-12-23,65.26000213623047,66.19999694824219,65.1500015258789,65.30000305175781,13075200,60.32640838623047,60.2894541526447
2020-12-24,65.05000305175781,65.58999633789062,64.77999877929688,64.95999908447266,3796500,60.012298583984375,60.09544736838377
2020-12-28,65.41000366210938,65.69000244140625,64.75,64.87000274658203,6463500,59.929161071777344,60.428032668437645
2020-12-29,65.25,65.2699966430664,64.22000122070312,64.45999908447266,7770200,59.55038833618164,60.280218649147386
2020-12-30,64.80000305175781,64.91000366210938,64.3499984741211,64.4000015258789,6192000,59.494956970214844,59.86449226534403
2020-12-31,64.33999633789062,64.7699966430664,64.01000213623047,64.69000244140625,6928600,59.762874603271484,59.43952678930703
2021-01-04,64.69000244140625,64.69999694824219,63.16999816894531,63.75,11249900,58.894466400146484,59.76287333663991
2021-01-05,63.68000030517578,63.790000915527344,62.47999954223633,62.959999084472656,11005700,58.16463088989258,58.82979299045553
2021-01-06,62.27000045776367,63.349998474121094,61.90999984741211,62.56999969482422,8685400,58.02552795410156,57.74731772234243
2021-01-07,62.849998474121094,63.7400016784668,62.849998474121094,63.06999969482422,7382800,58.48921203613281,58.285189551462196
2021-01-08,63.18000030517578,63.540000915527344,62.90999984741211,63.380001068115234,7751700,58.776695251464844,58.591220595496964
2021-01-11,62.95000076293945,63.56999969482422,62.84000015258789,63.029998779296875,6284700,58.452117919921875,58.37793017478392
2021-01-12,63.0,63.02000045776367,62.18000030517578,62.41999816894531,7758200,57.88642883300781,58.4243050858313
2021-01-13,62.31999969482422,62.59000015258789,61.970001220703125,62.060001373291016,8298000,57.552574157714844,57.79368876212671
2021-01-14,62.06999969482422,62.16999816894531,61.5099983215332,61.599998474121094,10258600,57.12598419189453,57.561849175159715
2021-01-15,61.599998474121094,62.0,61.209999084472656,61.779998779296875,7532600,57.29290771484375,57.12598086024925
2021-01-19,62.099998474121094,62.290000915527344,61.099998474121094,61.290000915527344,8903400,56.838504791259766,57.58967218279714
2021-01-20,61.369998931884766,62.029998779296875,61.150001525878906,61.560001373291016,7025000,57.088890075683594,56.91268753751635
2021-01-21,61.650001525878906,61.849998474121094,60.91999816894531,61.209999084472656,6943600,56.764305114746094,57.172350094468264
2021-01-22,60.939998626708984,61.150001525878906,59.7400016784668,60.36000061035156,9896700,55.97604751586914,56.51392021624093
2021-01-25,60.380001068115234,60.95000076293945,59.77000045776367,60.900001525878906,8524700,56.47682571411133,55.99459296388886
2021-01-26,61.060001373291016,62.040000915527344,60.84000015258789,61.79999923706055,8186500,57.311458587646484,56.62520684900663
2021-01-27,61.400001525878906,63.18000030517578,61.369998931884766,62.54999923706055,14789000,58.006980895996094,56.94050773729734
2021-01-28,62.54999923706055,63.2400016784668,61.16999816894531,61.220001220703125,11166400,56.77357482910156,58.00697470493641
2021-01-29,61.15999984741211,61.5,60.209999084472656,60.43000030517578,11451800,56.04096603393555,56.71794566896213
2021-02-01,60.91999816894531,62.0099983215332,60.7400016784668,61.5099983215332,10553500,57.042518615722656,56.495370256014574
2021-02-02,61.880001068115234,62.91999816894531,61.79999923706055,62.369998931884766,10528000,57.840057373046875,57.38564812118762
2021-02-03,62.18000030517578,62.75,61.97999954223633,62.16999816894531,9933500,57.65458297729492,57.66385865704776
2021-02-04,62.47999954223633,63.38999938964844,62.25,63.349998474121094,9928700,58.74887466430664,57.942063939153144
2021-02-05,63.5,64.06999969482422,63.279998779296875,63.599998474121094,9170200,58.98072052001953,58.88798495089897
2021-02-08,63.790000915527344,63.869998931884766,62.84000015258789,63.11000061035156,7003400,58.52630615234375,59.156917872507115
2021-02-09,63.08000183105469,63.849998474121094,62.90999984741211,63.66999816894531,5437400,59.04563522338867,58.49849042125145
2021-02-10,63.84000015258789,63.900001525878906,62.93000030517578,63.27000045776367,9577500,58.67469024658203,59.20329077277901
2021-02-11,63.560001373291016,63.970001220703125,62.279998779296875,62.70000076293945,7690800,58.146080017089844,58.94361851303521
2021-02-12,62.31999969482422,63.119998931884766,62.310001373291016,63.08000183105469,6663400,58.498497009277344,57.79369387987358
2021-02-16,63.11000061035156,63.2599983215332,62.099998474121094,62.13999938964844,7526000,57.62676239013672,58.5263122841284
2021-02-17,61.83000183105469,62.150001525878906,61.36000061035156,62.09000015258789,6244500,57.58039474487305,57.33928013784945
2021-02-18,61.810001373291016,62.209999084472656,61.65999984741211,62.06999969482422,6262400,57.56184005737305,57.320725479108795
2021-02-19,62.2599983215332,62.36000061035156,61.08000183105469,61.130001068115234,10905100,56.69012451171875,57.73804997998081
2021-02-22,62.849998474121094,64.97000122070312,62.279998779296875,64.44999694824219,20940300,59.76898193359375,58.28519164000663
2021-02-23,64.41999816894531,65.22000122070312,64.05000305175781,64.5,18175400,59.81535720825195,59.74116591985118
2021-02-24,64.48999786376953,65.1500015258789,64.08000183105469,64.69999694824219,10609300,60.00082778930664,59.806080965540396
2021-02-25,64.63999938964844,66.36000061035156,64.58000183105469,65.30000305175781,15356100,60.55725860595703,59.94519106262848
2021-02-26,65.54000091552734,66.27999877929688,64.5,64.51000213623047,20512600,59.824623107910156,60.7798127952848
2021-03-01,64.94999694824219,66.7300033569336,64.7699966430664,66.16999816894531,11758900,61.36406326293945,60.23267087727025
2021-03-02,66.1500015258789,67.41999816894531,66.0,66.66000366210938,13282000,61.8184700012207,61.345509454759735
2021-03-03,66.25,67.54000091552734,66.19999694824219,66.91000366210938,15827600,62.05031967163086,61.43825217832828
2021-03-04,66.68000030517578,67.30999755859375,65.30999755859375,65.61000061035156,19951100,60.8447380065918,61.837023488882146
2021-03-05,67.30999755859375,71.72000122070312,67.30999755859375,69.97000122070312,34211500,64.88807678222656,62.42126930964235
2021-03-08,70.47000122070312,72.94000244140625,70.0999984741211,72.16000366210938,23300500,66.91901397705078,65.35175661482452
2021-03-09,72.4000015258789,73.22000122070312,72.0,72.63999938964844,17296400,67.36414337158203,67.1415765951546
2021-03-10,73.5,73.62000274658203,71.5,72.12000274658203,21378600,66.88191223144531,68.1616800027674
2021-03-11,67.6500015258789,68.0999984741211,65.43000030517578,67.41000366210938,38095400,62.51401138305664,62.736578188761044
2021-03-12,66.95999908447266,67.87000274658203,66.44999694824219,67.16000366210938,11606300,62.282161712646484,62.09668349989488
2021-03-15,66.94999694824219,67.77999877929688,66.9000015258789,67.7300033569336,8919600,62.81076431274414,62.08740987201635
2021-03-16,68.0,68.06999969482422,66.68000030517578,66.8499984741211,14512500,61.99465560913086,63.06113205152655
2021-03-17,66.80000305175781,66.8499984741211,66.16000366210938,66.22000122070312,11892400,61.410438537597656,61.94831480067665
2021-03-18,66.47000122070312,67.01000213623047,66.08999633789062,66.73999786376953,13750300,61.89266586303711,61.64227910025115
2021-03-19,66.79000091552734,66.83000183105469,65.95999908447266,66.26000213623047,30963600,61.44752883911133,61.93903373234361
2021-03-22,66.22000122070312,66.5199966430664,65.86000061035156,66.31999969482422,10263700,61.503173828125,61.41043824964615
2021-03-23,66.33000183105469,67.94000244140625,66.33000183105469,67.2699966430664,12390100,62.384159088134766,61.51243634663223
2021-03-24,67.11000061035156,67.41000366210938,66.73999786376953,66.83000183105469,11391100,61.97611999511719,62.2357823842947
2021-03-25,66.95999908447266,68.7300033569336,66.76000213623047,68.62999725341797,14844700,63.64540481567383,62.09669851001147
2021-03-26,68.56999969482422,70.37000274658203,68.27999877929688,70.25,12617000,65.14773559570312,63.58975387780573
2021-03-29,70.20999908447266,72.33000183105469,70.16999816894531,71.12999725341797,15183700,65.96380615234375,65.11062770133653
2021-03-30,70.83000183105469,71.05000305175781,69.94999694824219,70.55000305175781,12000200,65.42594146728516,65.68560387625415
2021-03-31,70.69999694824219,71.0999984741211,69.91000366210938,70.16999816894531,9971700,65.07354736328125,65.56505230224418
2021-04-01,70.45999908447266,71.83000183105469,70.33000183105469,71.80999755859375,13228700,66.59442901611328,65.34248108945638
2021-04-05,72.19000244140625,74.9000015258789,72.05999755859375,74.16000366210938,25010200,68.77376556396484,66.94684545308324
2021-04-06,73.62000274658203,74.6500015258789,73.16000366210938,74.27999877929688,14699800,68.88502502441406,68.27296465854546
2021-04-07,73.5999984741211,74.18000030517578,73.44999694824219,74.06999969482422,12356800,68.98747253417969,68.54972180597828
2021-04-08,74.2699966430664,75.52999877929688,74.1500015258789,75.27999877929688,13507700,70.11446380615234,69.17376562106757
2021-04-09,75.3499984741211,75.69000244140625,74.9000015258789,75.58000183105469,13285700,70.39385986328125,70.17963885661523
2021-04-12,75.25,76.19000244140625,75.19999694824219,76.12000274658203,10634900,70.89681243896484,70.08650740322862
2021-04-13,76.16000366210938,77.01000213623047,75.9000015258789,76.66999816894531,13142400,71.40910339355469,70.93410337609619
2021-04-14,77.04000091552734,77.36000061035156,76.51000213623047,76.81999969482422,12730700,71.54879760742188,71.75370287787236
2021-04-15,77.0,78.55000305175781,76.83000183105469,78.29000091552734,13604200,72.91792297363281,71.71643892337931
2021-04-16,78.30999755859375,79.33999633789062,77.86000061035156,78.94999694824219,13334100,73.53264617919922,72.93656194242877
2021-04-19,78.80999755859375,80.20999908447266,78.33999633789062,78.75,19967200,73.34634399414062,73.40222464901588
2021-04-20,78.69999694824219,79.41999816894531,78.6500015258789,79.23999786376953,12562300,73.80272674560547,73.29977948304297
2021-04-21,78.79000091552734,79.33999633789062,76.52999877929688,76.66000366210938,18672800,71.3997573852539,73.38359876094208
2021-04-22,76.11000061035156,76.4800033569336,74.75,74.87000274658203,16769300,69.73260498046875,70.88751720217043
2021-04-23,74.29000091552734,75.0,73.8499984741211,74.97000122070312,10664700,69.82573699951172,69.1923967074526
2021-04-26,74.97000122070312,75.04000091552734,74.19999694824219,74.5,9402200,69.38796997070312,69.82572071685537
2021-04-27,74.38999938964844,75.43000030517578,74.22000122070312,75.22000122070312,9300200,70.05855560302734,69.2855068329144
2021-04-28,75.16000366210938,75.2699966430664,74.66000366210938,74.7699966430664,6107800,69.63945007324219,70.00269570050243
2021-04-29,75.37999725341797,75.9000015258789,74.63999938964844,75.87000274658203,7940400,70.66397857666016,70.20759612749845
2021-04-30,75.55999755859375,75.91999816894531,75.19000244140625,75.79000091552734,7825300,70.58946990966797,70.37524884030181
2021-05-03,76.27999877929688,77.4800033569336,76.08000183105469,77.33000183105469,15319600,72.02379608154297,71.04584180902111
2021-05-04,77.06999969482422,78.69999694824219,76.93000030517578,78.52999877929688,15316500,73.14144897460938,71.7816317047779
2021-05-05,78.97000122070312,79.83000183105469,78.41999816894531,79.19000244140625,12271900,73.75615692138672,73.55125170536425
2021-05-06,79.18000030517578,79.95999908447266,78.55999755859375,79.73999786376953,14089700,74.26841735839844,73.74684558117845
2021-05-07,79.80999755859375,80.54000091552734,78.58000183105469,80.4000015258789,14073400,74.88312530517578,74.33360614877944
2021-05-10,78.7699966430664,80.72000122070312,78.5999984741211,80.1500015258789,17356700,74.65028381347656,73.36497184585701
2021-05-11,79.75,79.9000015258789,77.25,77.69000244140625,12980400,72.35911560058594,74.27776145970572
2021-05-12,77.56999969482422,78.19000244140625,76.52999877929688,76.75,12302600,71.48357391357422,72.2473069271778
2021-05-13,77.52999877929688,78.44000244140625,76.87999725341797,78.13999938964844,11399300,72.7781982421875,72.21005458087718
2021-05-14,78.12000274658203,79.05000305175781,78.12000274658203,78.88999938964844,9033400,73.47676086425781,72.75959950481312
2021-05-17,78.87999725341797,79.52999877929688,78.8499984741211,79.08000183105469,6637900,73.6537094116211,73.46742869966916
2021-05-18,78.98999786376953,79.47000122070312,78.38999938964844,78.69000244140625,6643100,73.29045867919922,73.5698690416914
2021-05-19,77.80999755859375,78.7699966430664,77.55000305175781,78.73999786376953,8165000,73.33704376220703,72.47085789822539
2021-05-20,78.94999694824219,79.31999969482422,78.68000030517578,78.72000122070312,8802700,73.31841278076172,73.53262672166656
2021-05-21,79.19000244140625,79.8499984741211,78.9800033569336,79.02999877929688,8629000,73.60714721679688,73.75617180611772
2021-05-24,79.48999786376953,79.87999725341797,79.13999938964844,79.37999725341797,7044700,73.93312072753906,74.03557334389859
2021-05-25,79.61000061035156,79.68000030517578,78.6500015258789,78.83000183105469,7160600,73.4208755493164,74.14735267697282
2021-05-26,78.58999633789062,79.37000274658203,78.55000305175781,79.26000213623047,12851100,73.82137298583984,73.1973413606967
2021-05-27,79.5,80.05000305175781,78.83999633789062,78.9800033569336,12867800,73.5605697631836,74.04488538375959
2021-05-28,78.94999694824219,79.36000061035156,78.66999816894531,78.73999786376953,6929700,73.33704376220703,73.53263320170181
2021-06-01,79.58000183105469,79.83000183105469,78.4800033569336,79.56999969482422,10485300,74.11009979248047,74.11941560644328
2021-06-02,79.69999694824219,80.93000030517578,79.51000213623047,80.2699966430664,12249300,74.76205444335938,74.2311668141168
2021-06-03,79.80000305175781,81.45999908447266,79.6500015258789,81.08999633789062,12038700,75.52577209472656,74.32429542273084
2021-06-04,81.41999816894531,83.95999908447266,81.37000274658203,82.88999938964844,14502900,77.20227813720703,75.83314502177201
2021-06-07,82.94000244140625,84.25,82.8499984741211,83.94000244140625,10445600,78.18022155761719,77.24883938840424
2021-06-08,84.02999877929688,85.02999877929688,84.0,84.61000061035156,10726800,78.80426025390625,78.26405679199321
2021-06-09,84.5999984741211,84.83000183105469,84.02999877929688,84.5199966430664,9720300,78.72042083740234,78.79493311921162
2021-06-10,84.16000366210938,84.45999908447266,81.70999908447266,82.30000305175781,16680800,76.65275573730469,78.38512714884465
2021-06-11,81.9800033569336,83.23999786376953,81.83999633789062,82.9000015258789,11066500,77.21158599853516,76.35471607775668
2021-06-14,83.0,83.0999984741211,82.12999725341797,82.62000274658203,10173200,76.9508056640625,77.30472836835403
2021-06-15,82.0,82.51000213623047,81.3499984741211,81.63999938964844,17298000,76.03804779052734,76.37334597547567
2021-06-16,77.98999786376953,78.55000305175781,75.9000015258789,77.08000183105469,36560600,71.79096221923828,72.6385165686463
2021-06-17,76.98999786376953,77.73999786376953,76.55999755859375,77.55999755859375,14836100,72.23800659179688,71.70711898209927
2021-06-18,76.9000015258789,76.91000366210938,75.97000122070312,76.2300033569336,22521200,70.999267578125,71.62329194096107
2021-06-21,76.61000061035156,78.0999984741211,76.55000305175781,77.98999786376953,8924300,72.63848876953125,71.3531840158437
2021-06-22,78.05999755859375,79.19000244140625,77.66000366210938,78.68000030517578,9845800,73.28115844726562,72.70369887261144
2021-06-23,78.76000213623047,78.87000274658203,78.05999755859375,78.0999984741211,7295900,72.740966796875,73.35568261517585
2021-06-24,78.6500015258789,78.95999908447266,77.61000061035156,77.73999786376953,9624000,72.40565490722656,73.25321617470264
2021-06-25,78.02999877929688,78.61000061035156,77.55999755859375,78.45999908447266,12845000,73.07625579833984,72.67576111746993
2021-06-28,78.48999786376953,78.97000122070312,78.33000183105469,78.5,5605400,73.11349487304688,73.10417906239712
2021-06-29,78.54000091552734,78.58999633789062,77.81999969482422,78.0999984741211,5392900,72.740966796875,73.1507773424089
2021-06-30,77.58999633789062,78.20999908447266,77.58000183105469,77.83999633789062,7899800,72.49879455566406,72.26594898151681
2021-07-01,77.9800033569336,79.62000274658203,77.91000366210938,79.54000091552734,13108000,74.08214569091797,72.62919164159688
2021-07-02,79.44999694824219,82.26000213623047,79.3499984741211,81.81999969482422,15258100,76.20570373535156,73.99832500360336
2021-07-06,81.5999984741211,83.62999725341797,81.36000061035156,83.08000183105469,14200400,77.37923431396484,76.00078554148526
2021-07-07,83.16999816894531,87.16999816894531,82.95999908447266,86.08999633789062,20976600,80.18269348144531,77.46305905112213
2021-07-08,85.0199966430664,86.88999938964844,84.66000366210938,85.58999633789062,16383300,79.71698760986328,79.1861001165335
2021-07-09,85.87999725341797,88.4000015258789,85.77999877929688,87.76000213623047,15685300,81.73810577392578,79.98710264919607
2021-07-12,87.52999877929688,88.8499984741211,86.97000122070312,87.08000183105469,16076800,81.10476684570312,81.5238860097021
2021-07-13,86.69999694824219,87.93000030517578,86.52999877929688,87.06999969482422,12789300,81.09545135498047,80.75083736805247
2021-07-14,87.08000183105469,88.66999816894531,86.66000366210938,88.27999877929688,13330500,82.52574157714844,81.4039626984289
2021-07-15,88.0999984741211,88.7699966430664,85.51000213623047,86.23999786376953,18306300,80.61868286132812,82.35744449215146
2021-07-16,86.75,88.4800033569336,86.5199966430664,87.48999786376953,14617500,81.78722381591797,81.09546050142276
2021-07-19,86.91000366210938,87.87000274658203,86.19000244140625,86.9800033569336,15619900,81.31045532226562,81.24501836159754
2021-07-20,87.0999984741211,89.05000305175781,87.0199966430664,88.66000366210938,12813900,82.8809585571289,81.42263778119802
2021-07-21,88.88999938964844,90.25,88.45999908447266,89.69000244140625,13108100,83.84381866455078,83.09596150124555
2021-07-22,90.0,91.13999938964844,89.68000030517578,90.69000244140625,13638900,84.77863311767578,84.1336065187618
2021-07-23,90.98999786376953,91.19999694824219,87.12000274658203,87.69000244140625,12680900,81.97419738769531,85.05909268476243
2021-07-26,87.44000244140625,88.0999984741211,86.66999816894531,87.86000061035156,10454100,82.13310241699219,81.74048060518594
2021-07-27,87.76000213623047,88.5999984741211,87.12000274658203,87.80000305175781,8465200,82.0770034790039,82.03960991216125
2021-07-28,87.9000015258789,87.94999694824219,87.12000274658203,87.18000030517578,6396800,81.49742889404297,82.17049895692979
2021-07-29,87.68000030517578,88.26000213623047,87.33000183105469,87.62999725341797,6201400,81.91809844970703,81.964842202361
2021-07-30,87.41000366210938,88.1500015258789,86.87000274658203,87.13999938964844,7962800,81.46004486083984,81.71244973003128
2021-08-02,87.7300033569336,87.93000030517578,87.08999633789062,87.5999984741211,5579100,81.89004516601562,82.01157605540786
2021-08-03,87.87999725341797,90.16999816894531,87.80999755859375,89.73999786376953,9889800,83.89056396484375,82.15180194242629
2021-08-04,89.79000091552734,90.08999633789062,89.27999877929688,90.05000305175781,7509900,84.18035125732422,83.93729661641594
2021-08-05,90.18000030517578,90.5199966430664,88.76000213623047,89.43000030517578,8231300,83.60077667236328,84.30189019456287
2021-08-06,89.23999786376953,89.87999725341797,88.81999969482422,89.5199966430664,6513900,83.68489837646484,83.42315049588326
2021-08-09,89.45999908447266,90.47000122070312,89.0999984741211,89.9000015258789,5798700,84.0401382446289,83.62881604912137
2021-08-10,89.0999984741211,90.12000274658203,88.93000030517578,89.63999938964844,5473300,83.79708099365234,83.29227844163094
2021-08-11,89.9000015258789,90.41999816894531,89.51000213623047,89.62999725341797,8009800,83.78772735595703,84.04013218758875
2021-08-12,89.11000061035156,89.9800033569336,88.66999816894531,89.80999755859375,5687200,83.95599365234375,83.30162397256574
2021-08-13,90.62000274658203,91.33999633789062,89.94999694824219,90.37999725341797,6640400,84.48885345458984,84.71321492345976
2021-08-16,89.86000061035156,90.83999633789062,89.54000091552734,90.81999969482422,7122800,84.90015411376953,84.00272986256188
2021-08-17,90.98999786376953,91.77999877929688,90.37000274658203,90.94999694824219,6738500,85.0217056274414,85.05909920829804
2021-08-18,90.48999786376953,91.05000305175781,88.86000061035156,88.94000244140625,7666300,83.1427001953125,84.59166355452263
2021-08-19,88.29000091552734,89.38999938964844,88.2300033569336,88.70999908447266,8099400,82.92768859863281,82.53506682289446
2021-08-20,88.80000305175781,89.4000015258789,88.30000305175781,88.94000244140625,8716400,83.1427001953125,83.0118262695024
2021-08-23,89.48999786376953,89.56999969482422,88.70999908447266,89.12000274658203,7147300,83.31098175048828,83.65685984189084
2021-08-24,89.20999908447266,89.6500015258789,88.47000122070312,88.55000305175781,6320100,82.77813720703125,83.39511338172694
2021-08-25,88.55000305175781,88.9000015258789,88.05000305175781,88.62000274658203,5748500,82.84355926513672,82.77812230184419
2021-08-26,88.80999755859375,89.18000030517578,88.45999908447266,88.72000122070312,9093200,82.93704223632812,83.02117242088687
2021-08-27,88.79000091552734,89.5199966430664,88.61000061035156,89.3499984741211,5426800,83.5259780883789,83.00248234571032
2021-08-30,89.45999908447266,89.9800033569336,89.30000305175781,89.44999694824219,5357000,83.61946868896484,83.62881886611275
2021-08-31,89.44999694824219,89.5,88.48999786376953,89.12999725341797,8113300,83.32032775878906,83.61946924063673
2021-09-01,89.26000213623047,90.16999816894531,88.87000274658203,89.94999694824219,8208000,84.08686065673828,83.44184120615523
2021-09-02,90.16999816894531,90.5,89.41000366210938,89.80000305175781,7717400,83.9466552734375,84.29253335250051
2021-09-03,89.33999633789062,90.4800033569336,89.30000305175781,90.0,8456900,84.13363647460938,83.51665305038914
2021-09-07,90.04000091552734,90.66999816894531,88.54000091552734,88.72000122070312,11046000,82.93704223632812,84.17100153451656
2021-09-08,88.13999938964844,89.5999984741211,87.97000122070312,89.47000122070312,8851200,83.63816833496094,82.39485867234949
2021-09-09,89.5999984741211,90.83000183105469,89.41000366210938,89.54000091552734,11034700,83.70360565185547,83.75969245030595
2021-09-10,89.6500015258789,90.55000305175781,89.51000213623047,89.68000030517578,10547400,83.83446502685547,83.80642163250607
2021-09-13,90.12000274658203,90.51000213623047,88.2300033569336,88.88999938964844,18883400,83.0959701538086,84.24579941400253
2021-09-14,86.19000244140625,86.94999694824219,84.7300033569336,86.38999938964844,22714200,80.7589111328125,80.57195042110934
2021-09-15,86.55000305175781,88.36000061035156,86.16999816894531,87.7300033569336,14951100,82.0115737915039,80.90848843416963
2021-09-16,87.66999816894531,87.97000122070312,86.19000244140625,87.25,12410500,81.56285095214844,81.95547270634742
2021-09-17,86.20999908447266,87.56999969482422,85.94999694824219,86.38999938964844,58069000,80.7589111328125,80.59064363944205
2021-09-20,85.02999877929688,87.41000366210938,84.93000030517578,86.16999816894531,13897700,80.55326843261719,79.48757644238032
2021-09-21,86.73999786376953,87.66000366210938,86.12000274658203,86.91999816894531,11124400,81.25437927246094,81.08611174629874
2021-09-22,87.62000274658203,89.0,87.23999786376953,88.44000244140625,9908000,82.67529296875,81.90874261673262
2021-09-23,88.94000244140625,90.05999755859375,88.66000366210938,89.41999816894531,9720200,83.59140014648438,83.14269162768622
2021-09-24,89.2699966430664,90.05999755859375,88.94000244140625,89.94000244140625,7617800,84.07754516601562,83.45121159649955
2021-09-27,89.77999877929688,91.30999755859375,89.1500015258789,91.04000091552734,11533000,85.10582733154297,83.92795471329791
2021-09-28,90.63999938964844,92.2699966430664,90.05000305175781,90.48999786376953,15041800,84.59168243408203,84.73190656648703
2021-09-29,91.1500015258789,92.08000183105469,91.0,91.25,12007300,85.30213928222656,85.2086589121719
2021-09-30,91.25,91.58000183105469,87.12000274658203,87.12999725341797,15649900,81.45069885253906,85.30215200945193
2021-10-01,87.76000213623047,90.2699966430664,87.5999984741211,89.73999786376953,13320900,83.89056396484375,82.03962834878338
2021-10-04,89.4800033569336,90.43000030517578,88.95999908447266,89.26000213623047,10853900,83.44185638427734,83.64751748469115
2021-10-05,89.3499984741211,91.97000122070312,89.16999816894531,91.48999786376953,9788600,85.52649688720703,83.52598693627313
2021-10-06,90.41999816894531,91.5,89.6500015258789,91.33999633789062,10268300,85.38626861572266,84.52623780852905
2021-10-07,91.70999908447266,92.87999725341797,91.6500015258789,92.30999755859375,9124400,86.29305267333984,85.73216326481841
2021-10-08,92.37999725341797,95.0199966430664,92.11000061035156,94.38999938964844,13202300,88.54443359375,86.65891074360077
2021-10-11,94.29000091552734,96.80000305175781,94.19999694824219,95.29000091552734,12959300,89.38868713378906,88.45061717602896
2021-10-12,95.83000183105469,96.5199966430664,95.26000213623047,95.56999969482422,9964100,89.65133666992188,89.89523683864144
2021-10-13,96.0999984741211,96.98999786376953,95.94999694824219,96.4000015258789,9453900,90.42993927001953,90.1485154388799
2021-10-14,96.80000305175781,97.3499984741211,94.37000274658203,95.27999877929688,7911200,89.37928009033203,90.80515004569885
2021-10-15,95.08999633789062,96.04000091552734,94.7300033569336,95.33000183105469,7422800,89.42619323730469,89.20105133866358
2021-10-18,95.5,96.6500015258789,95.0999984741211,96.51000213623047,7344100,90.53311920166016,89.58566669135752
2021-10-19,97.0,97.27999877929688,96.31999969482422,97.05999755859375,5616500,91.04905700683594,90.99277510625815
2021-10-20,97.2699966430664,97.97000122070312,96.25,96.63999938964844,6574100,90.65507507324219,91.24605653707961
2021-10-21,96.56999969482422,96.83000183105469,95.70999908447266,96.30000305175781,6224400,90.33612823486328,90.58940394200859
2021-10-22,96.29000091552734,98.2699966430664,96.22000122070312,98.25,6819600,92.16536712646484,90.32675099223627
2021-10-25,98.44000244140625,98.94999694824219,97.55000305175781,97.88999938964844,5083100,91.82763671875,92.34357788481319
2021-10-26,98.30000305175781,98.55999755859375,96.94000244140625,96.9800033569336,7089700,90.97402954101562,92.21228162468587
2021-10-27,96.80999755859375,97.30000305175781,96.0,96.02999877929688,5941200,90.08283996582031,90.81453325023264
2021-10-28,96.6500015258789,97.69999694824219,95.93000030517578,96.2300033569336,5177200,90.27045440673828,90.664441980656
2021-10-29,95.79000091552734,96.97000122070312,95.45999908447266,95.94000244140625,7578600,89.99842071533203,89.85770881111631
2021-11-01,96.0,96.02999877929688,93.91000366210938,94.37999725341797,7327600,88.53502655029297,90.05470222685688
2021-11-02,93.7300033569336,95.91999816894531,93.5,95.87000274658203,6229600,89.93274688720703,87.92527825328241
2021-11-03,96.5,96.87000274658203,94.75,96.1500015258789,5746400,90.19542694091797,90.5237499913708
2021-11-04,96.2300033569336,96.61000061035156,95.31999969482422,95.62999725341797,5857500,89.70761108398438,90.27045868126665
2021-11-05,96.19999694824219,96.55000305175781,94.0999984741211,94.94999694824219,6160200,89.06974792480469,90.24233548124975
2021-11-08,95.25,95.25,94.30999755859375,95.13999938964844,5056400,89.24796295166016,89.35115120539463
2021-11-09,95.11000061035156,95.61000061035156,94.05999755859375,94.58999633789062,6102600,88.73204803466797,89.21984849844443
2021-11-10,94.0999984741211,94.8499984741211,93.36000061035156,93.83000183105469,5828800,88.01909637451172,88.27237208679026
2021-11-11,94.11000061035156,94.76000213623047,93.80000305175781,94.04000091552734,3620600,88.21607971191406,88.28174430781267
2021-11-12,94.29000091552734,94.47000122070312,93.43000030517578,93.54000091552734,6435300,87.74705505371094,88.45060744462565
2021-11-15,93.81999969482422,94.25,92.91999816894531,94.0199966430664,5700900,88.19731140136719,88.00970032124341
2021-11-16,94.13999938964844,96.37000274658203,94.0199966430664,95.61000061035156,7392900,89.68885040283203,88.30988670934839
2021-11-17,95.76000213623047,96.13999938964844,94.81999969482422,95.33000183105469,6257600,89.42619323730469,89.8295635262395
2021-11-18,95.1500015258789,95.33000183105469,93.5,94.66000366210938,5725300,88.79768371582031,89.25733587771697
2021-11-19,94.80999755859375,96.95999908447266,93.94000244140625,93.97000122070312,8936600,88.15042114257812,88.93839634723278
2021-11-22,93.7300033569336,95.66999816894531,93.41000366210938,94.61000061035156,6488200,88.75079345703125,87.9252945248147
2021-11-23,94.16000366210938,94.29000091552734,92.26000213623047,92.94000244140625,8905500,87.18421936035156,88.32866579086178
2021-11-24,92.2300033569336,93.69999694824219,92.1500015258789,93.58000183105469,10908500,87.78457641601562,86.51818357679622
2021-11-26,92.88999938964844,94.08000183105469,92.06999969482422,92.33000183105469,4519300,86.61199188232422,87.13730871365921
2021-11-29,93.16999816894531,94.12999725341797,92.87000274658203,92.94000244140625,9552500,87.18421936035156,87.39997143088063
2021-11-30,93.0199966430664,93.5199966430664,90.61000061035156,90.73999786376953,23271200,85.12046813964844,87.2592665529231
2021-12-01,91.69000244140625,92.38999938964844,89.66000366210938,89.75,12084900,84.19178009033203,86.0116381284555
2021-12-02,89.4000015258789,91.04000091552734,89.0,89.98999786376953,7089800,84.41690826416016,83.86345045869047
2021-12-03,90.3499984741211,90.79000091552734,87.72000122070312,88.23999786376953,10808600,82.77528381347656,84.75461182341265
2021-12-06,88.33999633789062,89.16999816894531,87.8499984741211,88.94000244140625,8398500,83.43193054199219,82.86908293485088
2021-12-07,89.9800033569336,90.7300033569336,89.20999908447266,90.05000305175781,6803700,84.47320556640625,84.40754095330153
2021-12-08,90.05000305175781,90.16999816894531,87.91000366210938,88.94000244140625,7695800,83.43193054199219,84.47318859553712
2021-12-09,89.12000274658203,89.98999786376953,88.23999786376953,88.7699966430664,8615800,83.27245330810547,83.60078346485594
2021-12-10,104.29000091552734,106.33999633789062,100.0999984741211,102.62999725341797,45824600,96.27410125732422,97.83130056484076
2021-12-13,102.44000244140625,104.36000061035156,100.5199966430664,100.88999938964844,16317600,94.64186096191406,96.09587200564945
2021-12-14,100.0,101.45999908447266,99.38999938964844,99.88999938964844,9511600,93.70379638671875,93.80698464237777
2021-12-15,100.58000183105469,103.76000213623047,100.23999786376953,103.6500015258789,14452200,97.23094940185547,94.35107501114803
2021-12-16,103.94999694824219,104.0,102.27999877929688,103.22000122070312,9053200,96.82756805419922,97.51235501555983
2021-12-17,97.69000244140625,99.94999694824219,95.80999755859375,96.62000274658203,28872300,90.63631439208984,91.64004887752442
2021-12-20,96.41999816894531,96.41999816894531,91.5199966430664,91.63999938964844,17205400,85.96472930908203,90.44870250743207
2021-12-21,91.80999755859375,91.83999633789062,89.70999908447266,91.51000213623047,15823000,85.84278106689453,86.12419775099278
2021-12-22,91.2699966430664,91.86000061035156,89.51000213623047,89.86000061035156,10539000,84.29495239257812,85.6176270825862
2021-12-23,90.02999877929688,90.36000061035156,89.05999755859375,89.72000122070312,9655400,84.16361999511719,84.45441933044843
2021-12-27,89.69999694824219,90.33000183105469,89.0199966430664,89.54000091552734,7666200,83.99478149414062,84.1448689597471
2021-12-28,89.69999694824219,89.80000305175781,88.5199966430664,88.6500015258789,5610500,83.15989685058594,84.1448659370425
2021-12-29,88.5,89.19000244140625,87.72000122070312,88.20999908447266,5628500,82.74715423583984,83.0191953959661
2021-12-30,88.6500015258789,88.91000366210938,87.7699966430664,88.01000213623047,7382400,82.55953216552734,83.15989631634068
2021-12-31,88.05000305175781,88.0999984741211,87.18000030517578,87.20999908447266,5908200,81.8090591430664,82.59704142676622
2022-01-03,87.33000183105469,87.94000244140625,85.76000213623047,87.9000015258789,10644400,82.45632934570312,81.92162989465092
2022-01-04,87.9000015258789,89.58000183105469,87.7300033569336,88.83999633789062,11959000,83.33811950683594,82.45633874132022
2022-01-05,88.48999786376953,88.5999984741211,86.22000122070312,86.45999908447266,11236700,81.10552978515625,83.00981070351752
2022-01-06,86.0,87.41999816894531,85.55000305175781,86.33999633789062,7918400,81.2938461303711,80.97372091436804
2022-01-07,86.44999694824219,88.0,86.27999877929688,87.51000213623047,9836800,82.39545440673828,81.39740153271562
2022-01-10,87.37999725341797,89.37999725341797,86.94999694824219,89.27999877929688,11025500,84.0619888305664,82.27303375406242
2022-01-11,88.63999938964844,89.0,87.41000366210938,88.4800033569336,7249800,83.30876159667969,83.45940661069585
2022-01-12,88.88999938964844,89.5199966430664,87.66999816894531,88.30999755859375,5840300,83.14869689941406,83.6948003733664
2022-01-13,88.7300033569336,88.91999816894531,87.55000305175781,87.79000091552734,6044300,82.6590805053711,83.54414414210814
2022-01-14,87.4800033569336,88.0999984741211,86.66000366210938,87.69000244140625,6054800,82.56494903564453,82.36722337451683
2022-01-18,86.87000274658203,86.97000122070312,85.33999633789062,85.55000305175781,6824700,80.54998779296875,81.79283940619997
2022-01-19,85.7699966430664,86.69000244140625,83.2300033569336,83.37999725341797,10501800,78.50682830810547,80.75714346666005
2022-01-20,83.91999816894531,85.0,82.5199966430664,82.72000122070312,10836900,77.8853988647461,79.0152615288067
2022-01-21,83.36000061035156,83.38999938964844,82.02999877929688,82.22000122070312,11609000,77.41463470458984,78.48800657278275
2022-01-24,81.22000122070312,82.41999816894531,79.58999633789062,82.41999816894531,16770400,77.60294342041016,76.47308055523249
2022-01-25,81.33000183105469,82.0999984741211,80.19999694824219,81.06999969482422,13469900,76.33184814453125,76.57665440646177
2022-01-26,81.91000366210938,82.02999877929688,79.27999877929688,79.58999633789062,13971300,74.93834686279297,77.1227610050984
2022-01-27,80.11000061035156,81.1500015258789,79.19999694824219,79.77999877929688,10331900,75.11722564697266,75.4279403923542
2022-01-28,79.98999786376953,80.5,78.56999969482422,80.4800033569336,7854700,75.77632141113281,75.31495446040664
2022-01-31,80.48999786376953,81.63999938964844,80.12000274658203,81.16000366210938,10594200,76.41656494140625,75.78571798120757
2022-02-01,81.4000015258789,81.4000015258789,79.6500015258789,81.04000091552734,8016900,76.30360412597656,76.64256443874862
2022-02-02,81.16000366210938,82.87999725341797,80.83999633789062,82.5,9287600,77.67826080322266,76.41658098491925
2022-02-03,81.62999725341797,82.76000213623047,81.62999725341797,81.94000244140625,8207200,77.15098571777344,76.85909890890957
2022-02-04,82.02999877929688,82.91000366210938,81.47000122070312,82.11000061035156,5570200,77.3110580444336,77.23573194336973
2022-02-07,82.13999938964844,82.25,80.66000366210938,80.73999786376953,6292200,76.0211410522461,77.3393193565331
2022-02-08,80.29000091552734,80.86000061035156,79.80000305175781,80.79000091552734,6585300,76.0682144165039,75.59743700869053
2022-02-09,81.75,83.6500015258789,81.6500015258789,83.44999694824219,8755900,78.57273864746094,76.97209849406991
2022-02-10,82.75,83.77999877929688,81.62000274658203,81.8499984741211,6336300,77.06625366210938,77.91365436073735
2022-02-11,81.83999633789062,82.43000030517578,79.52999877929688,79.75,7670500,75.0889892578125,77.05683518338913
2022-02-14,79.58000183105469,79.7300033569336,78.44000244140625,78.94999694824219,5389800,74.33574676513672,74.92893087203734
2022-02-15,79.38999938964844,79.93000030517578,79.20999908447266,79.7699966430664,5712800,75.10781860351562,74.7500303876372
2022-02-16,79.47000122070312,79.77999877929688,78.22000122070312,79.19000244140625,6227000,74.56172180175781,74.82535597833476
2022-02-17,78.76000213623047,78.9800033569336,75.33000183105469,75.52999877929688,9247100,71.11563110351562,74.15685619165596
2022-02-18,75.5,75.7300033569336,74.27999877929688,74.56999969482422,7790100,70.21173095703125,71.087377081266
2022-02-22,73.81999969482422,74.91000366210938,73.62000274658203,74.12000274658203,8039000,69.78804016113281,69.50557086473897
2022-02-23,74.06999969482422,74.37999725341797,72.3499984741211,72.47000122070312,6807100,68.23446655273438,69.74095255422284
2022-02-24,70.94000244140625,74.94000244140625,70.2300033569336,74.80999755859375,11240500,70.43770599365234,66.79389384076704
2022-02-25,74.6500015258789,76.83000183105469,74.31999969482422,76.3499984741211,8291800,71.88770294189453,70.28706275774594
2022-02-28,75.56999969482422,76.69999694824219,75.0199966430664,75.97000122070312,9234400,71.52991485595703,71.15329152268566
2022-03-01,75.9800033569336,76.5,75.62000274658203,76.01000213623047,8752100,71.56755828857422,71.5393128034331
2022-03-02,76.44999694824219,78.86000061035156,76.25,78.27999877929688,8527200,73.70490264892578,71.98185577988426
2022-03-03,78.95999908447266,79.04000091552734,77.43000030517578,78.25,8203000,73.6766586303711,74.34516163579688
2022-03-04,77.66999816894531,77.91000366210938,75.77999877929688,76.48999786376953,8841300,72.01952362060547,73.13055855620954
2022-03-07,76.29000091552734,76.38999938964844,73.44000244140625,74.31999969482422,11110100,69.97634887695312,71.83121288763672
2022-03-08,73.83999633789062,75.2300033569336,73.11000061035156,73.33000183105469,9134100,69.0442123413086,69.5244000972561
2022-03-09,74.91999816894531,76.94999694824219,74.69000244140625,76.0999984741211,8959500,71.65230560302734,70.54127085699022
2022-03-10,75.0999984741211,76.8499984741211,75.02999877929688,76.6500015258789,13812600,72.170166015625,70.7107534214541
2022-03-11,76.69999694824219,79.9000015258789,74.0,77.81999969482422,22795800,73.27178955078125,72.21724565633667
2022-03-14,77.91999816894531,78.5999984741211,75.44000244140625,77.06999969482422,13306200,72.56562042236328,73.36594048045201
2022-03-15,78.05000305175781,81.54000091552734,77.06999969482422,80.5999984741211,16847200,75.88929748535156,73.48833762359492
2022-03-16,81.0,81.2300033569336,77.75,79.95999908447266,14071300,75.28671264648438,76.26593039255602
2022-03-17,79.77999877929688,81.29000091552734,79.26000213623047,80.5999984741211,10462400,75.88929748535156,75.11722301938997
2022-03-18,79.62999725341797,81.98999786376953,78.83999633789062,81.68000030517578,24176000,76.90618133544922,74.97599149892054
2022-03-21,81.27999877929688,81.9800033569336,80.2699966430664,80.95999908447266,8131300,76.22825622558594,76.52955339709058
2022-03-22,81.45999908447266,82.2300033569336,80.83000183105469,81.80000305175781,9292300,77.01918029785156,76.69904795211374
2022-03-23,81.25,81.41000366210938,80.22000122070312,80.38999938964844,7451100,75.69158935546875,76.50132705342132
2022-03-24,80.6500015258789,82.81999969482422,80.48999786376953,82.23999786376953,7025700,77.4334487915039,75.93638041593465
2022-03-25,82.04000091552734,82.83999633789062,81.2300033569336,81.7300033569336,5682300,76.95327758789062,77.24515727953644
2022-03-28,81.73999786376953,83.70999908447266,81.73999786376953,83.5999984741211,6626700,78.7139663696289,76.96267416672266
2022-03-29,84.48999786376953,84.51000213623047,83.11000061035156,84.29000091552734,5762000,79.3636474609375,79.55195552976127
2022-03-30,83.95999908447266,84.36000061035156,83.12000274658203,83.36000061035156,5533100,78.48800659179688,79.05293801990481
2022-03-31,83.11000061035156,83.91000366210938,82.58999633789062,82.7300033569336,9433300,77.89482879638672,78.25261702069493
2022-04-01,83.04000091552734,83.36000061035156,81.47000122070312,82.01000213623047,6147500,77.2168960571289,78.18669616209439
2022-04-04,82.25,84.30000305175781,82.0,84.06999969482422,7882400,79.15650939941406,77.44288000161173
2022-04-05,83.4000015258789,84.5199966430664,82.66999816894531,82.94000244140625,5143400,78.09255981445312,78.52567417376548
2022-04-06,81.91999816894531,82.47000122070312,81.37000274658203,82.12000274658203,5492400,77.32048797607422,77.13217269327957
2022-04-07,81.25,82.01000213623047,80.77999877929688,81.54000091552734,7112200,77.07469177246094,76.80057194259784
2022-04-08,81.70999908447266,81.83000183105469,80.26000213623047,80.94000244140625,6182500,76.50756072998047,77.23539076648103
2022-04-11,80.62999725341797,81.12999725341797,79.69999694824219,79.76000213623047,5738400,75.39218139648438,76.21453380285752
2022-04-12,79.94999694824219,80.98999786376953,79.0199966430664,79.33000183105469,6174700,74.9857406616211,75.57178367177887
2022-04-13,79.26000213623047,79.95999908447266,78.62999725341797,79.75,4728600,75.38273620605469,74.91957157024191
2022-04-14,79.83000183105469,80.36000061035156,79.31999969482422,79.44999694824219,5590400,75.09915924072266,75.4583543106127
2022-04-18,79.1500015258789,79.9800033569336,77.91000366210938,78.22000122070312,4955900,73.9365005493164,74.8155719760795
2022-04-19,78.25,79.77999877929688,78.23999786376953,79.55999755859375,5412400,75.20313262939453,73.96487316275045
2022-04-20,79.79000091552734,81.86000061035156,79.79000091552734,80.29000091552734,9472600,75.8931655883789,75.42054655286397
2022-04-21,81.48999786376953,81.5999984741211,79.33000183105469,79.4800033569336,5616100,75.12751007080078,77.02743302219304
2022-04-22,79.2699966430664,79.69999694824219,76.16000366210938,76.20999908447266,9357100,72.03659057617188,74.92901668745121
2022-04-25,76.19999694824219,77.05999755859375,74.69999694824219,76.9800033569336,7305900,72.76441955566406,72.02712790714381
2022-04-26,76.3499984741211,76.6500015258789,74.4800033569336,74.51000213623047,7555200,70.42969512939453,72.16892982811193
2022-04-27,74.58000183105469,76.0199966430664,74.41999816894531,74.76000213623047,7279200,70.66597747802734,70.49583439150882
2022-04-28,75.5199966430664,76.62999725341797,74.5999984741211,76.13999938964844,6177900,71.97042083740234,71.38437068046052
2022-04-29,75.33999633789062,75.87000274658203,73.1500015258789,73.4000015258789,7946900,69.3804702758789,71.21422708231007
2022-05-02,73.93000030517578,74.5999984741211,72.52999877929688,74.0,7379900,69.94761657714844,69.88145020128246
2022-05-03,73.8499984741211,74.20999908447266,72.80999755859375,73.29000091552734,5211500,69.27649688720703,69.80582788243348
2022-05-04,73.37999725341797,75.3499984741211,72.79000091552734,75.20999908447266,6759900,71.09136962890625,69.36158185897203
2022-05-05,74.0,74.72000122070312,71.98999786376953,72.80000305175781,7197200,68.8133316040039,69.94761435759767
2022-05-06,72.12999725341797,72.94000244140625,71.62999725341797,72.48999786376953,6222500,68.52030944824219,68.1800231473762
2022-05-09,71.63999938964844,72.58999633789062,71.16999816894531,71.54000091552734,7019700,67.62232971191406,67.71685207284735
2022-05-10,72.5,73.62000274658203,71.2699966430664,72.52999877929688,8129000,68.55811309814453,68.52975711112597
2022-05-11,72.30999755859375,73.45999908447266,70.87000274658203,71.02999877929688,6932100,67.14025115966797,68.35015459487835
2022-05-12,70.87999725341797,70.93000030517578,68.97000122070312,70.7300033569336,11698900,66.856689453125,66.99846938923662
2022-05-13,70.95999908447266,71.9800033569336,70.52999877929688,71.16999816894531,6700100,67.27259063720703,67.07409151106708
2022-05-16,70.69000244140625,70.91000366210938,69.38999938964844,69.70999908447266,6942100,65.89254760742188,66.81888412585921
2022-05-17,71.05000305175781,71.9000015258789,70.69999694824219,71.87999725341797,5952500,67.94371032714844,67.15916820464399
2022-05-18,70.80000305175781,70.94000244140625,67.80999755859375,68.30000305175781,7977300,64.55976104736328,66.92285614848794
2022-05-19,67.4800033569336,67.9000015258789,66.72000122070312,67.04000091552734,9451600,63.36875915527344,63.78466620116292
2022-05-20,67.87999725341797,68.69000244140625,66.8499984741211,68.62999725341797,7531100,64.87169647216797,64.16276780684295
2022-05-23,69.30999755859375,70.47000122070312,68.66999816894531,70.04000091552734,7370200,66.2044677734375,65.51444088755981
2022-05-24,69.66999816894531,70.52999877929688,68.30999755859375,69.02999877929688,6644100,65.2497787475586,65.85473049769041
2022-05-25,68.87999725341797,70.22000122070312,68.7699966430664,69.83000183105469,7103300,66.00597381591797,65.10799335433641
2022-05-26,70.12999725341797,72.12000274658203,69.91000366210938,71.66000366210938,6758900,67.73575592041016,66.28953577863555
2022-05-27,72.36000061035156,72.8499984741211,71.55000305175781,72.77999877929688,6566700,68.79441833496094,68.39742011815744
2022-05-31,72.2300033569336,72.9800033569336,71.5199966430664,71.91999816894531,16890300,67.98152160644531,68.27455031781749
2022-06-01,73.0199966430664,73.2699966430664,71.1500015258789,71.5999984741211,5804700,67.67904663085938,69.02128300432132
2022-06-02,71.4800033569336,73.19000244140625,71.01000213623047,73.13999938964844,6200400,69.13471221923828,67.56562076497912
2022-06-03,72.55999755859375,72.95999908447266,71.2300033569336,71.79000091552734,8169500,67.858642578125,68.58647272608225
2022-06-06,72.62999725341797,74.83999633789062,72.62999725341797,72.97000122070312,5274700,68.97403717041016,68.65265241112144
2022-06-07,71.58999633789062,73.12999725341797,71.58999633789062,72.69000244140625,5675700,68.7093505859375,67.66958304604714
2022-06-08,72.01000213623047,72.1500015258789,70.94000244140625,71.37999725341797,5253500,67.47108459472656,68.06658913912185
2022-06-09,70.7699966430664,71.16000366210938,69.19999694824219,69.22000122070312,6824900,65.42935943603516,66.89447364905952
2022-06-10,67.9800033569336,68.22000122070312,66.95999908447266,67.13999938964844,10256100,63.463279724121094,64.2572834064239
2022-06-13,65.77999877929688,66.0999984741211,63.7599983215332,64.05000305175781,16547200,60.54249954223633,62.17775731822687
2022-06-14,72.0,72.43000030517578,69.0199966430664,70.72000122070312,29661300,66.84723663330078,68.05714019400583
2022-06-15,70.44999694824219,71.41999816894531,68.66999816894531,69.69999694824219,11765500,65.88308715820312,66.59201567372867
2022-06-16,68.5,68.95999908447266,67.58000183105469,68.70999908447266,10686000,64.94731140136719,64.74881225837521
2022-06-17,68.75,69.37000274658203,67.38999938964844,67.72000122070312,16445600,64.01152801513672,64.98512214579308
2022-06-21,68.61000061035156,69.52999877929688,67.38999938964844,67.68000030517578,10047700,63.97370910644531,64.85278074834764
2022-06-22,66.93000030517578,67.56999969482422,66.37999725341797,66.52999877929688,8219900,62.88667678833008,63.26477339338538
2022-06-23,66.44999694824219,67.87000274658203,66.30999755859375,67.62999725341797,8775800,63.92644500732422,62.81106384983596
2022-06-24,68.33000183105469,70.77999877929688,67.97000122070312,70.69999694824219,20132600,66.82831573486328,64.58810655780435
2022-06-27,69.37000274658203,70.8499984741211,68.94000244140625,70.41000366210938,8840600,66.55420684814453,65.5711585246928
2022-06-28,70.56999969482422,71.06999969482422,68.52999877929688,68.58000183105469,7252100,64.82441711425781,66.70543852185806
2022-06-29,69.02999877929688,70.08999633789062,68.77999877929688,69.20999908447266,8077900,65.419921875,65.24977874455864
2022-06-30,68.20999908447266,70.25,68.20999908447266,69.87000274658203,9888600,66.04378509521484,64.47468647194358
2022-07-01,69.8499984741211,70.9800033569336,69.80999755859375,70.87000274658203,7805600,66.9890365600586,66.02488951827515
2022-07-05,70.37999725341797,72.0,70.18000030517578,71.98999786376953,9040400,68.04768371582031,66.525849911591
2022-07-06,72.31999969482422,72.73999786376953,71.30999755859375,71.66000366210938,6043700,67.73575592041016,68.35960922624037
2022-07-07,71.83000183105469,71.9800033569336,71.18000030517578,71.83000183105469,7814500,67.89644622802734,67.89644622802734
2022-07-08,71.69000244140625,72.23999786376953,71.33000183105469,71.87000274658203,4927300,67.93425750732422,67.76411437923328
2022-07-11,71.0,71.97000122070312,70.9000015258789,71.56999969482422,4543300,67.95325469970703,67.41205958155271
2022-07-12,71.5999984741211,71.94000244140625,70.06999969482422,70.41000366210938,7140800,66.85186004638672,67.9817189086345
2022-07-13,69.05000305175781,70.52999877929688,68.68000030517578,70.02999877929688,6454800,66.4910659790039,65.56059387112482
2022-07-14,69.16000366210938,69.58000183105469,68.2300033569336,69.44999694824219,4915500,65.94036865234375,65.66503006293311
2022-07-15,70.26000213623047,70.87000274658203,70.0,70.73999786376953,5134100,67.16516876220703,66.70942950550837
2022-07-18,71.25,71.70999908447266,70.1500015258789,70.20999908447266,4642300,66.66197204589844,67.64941703753247
2022-07-19,70.63999938964844,72.30000305175781,70.26000213623047,72.23999786376953,7160300,68.58937072753906,67.07022770774078
2022-07-20,72.55000305175781,73.0999984741211,72.16000366210938,72.58999633789062,5655700,68.92169952392578,68.88372727721303
2022-07-21,72.1500015258789,74.62999725341797,72.12999725341797,74.54000091552734,7005100,70.77315521240234,68.50393337602455
2022-07-22,74.81999969482422,75.29000091552734,74.26000213623047,74.9000015258789,6659800,71.11495971679688,71.03900074647886
2022-07-25,75.0999984741211,75.43000030517578,74.33999633789062,74.86000061035156,5721600,71.07699584960938,71.30486556678787
2022-07-26,74.80000305175781,75.30000305175781,73.70999908447266,74.02999877929688,7284400,70.2889404296875,71.02003303174152
2022-07-27,74.37999725341797,76.12000274658203,74.31999969482422,75.87000274658203,6677200,72.03594207763672,70.62123342447588
2022-07-28,75.63999938964844,77.27999877929688,75.30999755859375,77.04000091552734,5688100,73.1468276977539,71.81757446341993
2022-07-29,77.01000213623047,78.16000366210938,77.0,77.83999633789062,5926600,73.9063949584961,73.118344057069
2022-08-01,77.18000030517578,77.80999755859375,76.69999694824219,77.44000244140625,5227500,73.5266342163086,73.27977107886821
2022-08-02,76.98999786376953,77.26000213623047,76.05999755859375,76.3499984741211,6403400,72.49168395996094,73.09934125421339
2022-08-03,76.72000122070312,77.76000213623047,76.30000305175781,77.37000274658203,6127800,73.46015167236328,72.84299762062142
2022-08-04,77.44999694824219,77.8499984741211,77.11000061035156,77.4000015258789,3656200,73.48861694335938,73.53608586287545
2022-08-05,76.2699966430664,77.4000015258789,76.0,77.3499984741211,4858100,73.441162109375,72.41573753125499
2022-08-08,76.91999816894531,77.43000030517578,76.2699966430664,76.47000122070312,4733500,72.60562896728516,73.03288555076794
2022-08-09,76.20999908447266,76.91000366210938,75.83999633789062,76.7699966430664,4243700,72.89045715332031,72.35875883580673
2022-08-10,77.58999633789062,77.9800033569336,77.19999694824219,77.54000091552734,5258500,73.6215591430664,73.66902807395294
2022-08-11,77.94999694824219,78.0,77.08000183105469,77.16000366210938,5554600,73.2607650756836,74.0108364831473
2022-08-12,78.0,79.41999816894531,77.66000366210938,79.1500015258789,6692300,75.15019989013672,74.05831305655902
2022-08-15,78.83999633789062,79.41999816894531,78.5,79.11000061035156,3733500,75.11222076416016,74.85586100731673
2022-08-16,78.9000015258789,79.66000366210938,78.8499984741211,79.5199966430664,6185100,75.5014877319336,74.91282380197514
2022-08-17,79.0,79.7699966430664,78.94999694824219,79.25,5185100,75.2451400756836,75.0077737032051
2022-08-18,79.27999877929688,79.87999725341797,79.01000213623047,79.31999969482422,4120500,75.31161499023438,75.27363549501194
2022-08-19,79.02999877929688,79.12999725341797,78.44000244140625,78.66000366210938,4679000,74.6849594116211,75.03625700916949
2022-08-22,77.93000030517578,77.93000030517578,76.16999816894531,76.45999908447266,5757700,72.59612274169922,73.99183802192975
2022-08-23,76.25,77.01000213623047,76.25,76.41000366210938,4432300,72.54866027832031,72.39674232557434
2022-08-24,76.47000122070312,76.55999755859375,76.05000305175781,76.16999816894531,3876400,72.32078552246094,72.6056280704959
2022-08-25,76.33999633789062,76.91000366210938,75.9800033569336,76.88999938964844,3523400,73.00439453125,72.48218566010095
2022-08-26,76.9800033569336,77.26000213623047,74.56999969482422,74.6500015258789,4904100,70.87760162353516,73.0898579957785
2022-08-29,74.11000061035156,74.86000061035156,74.06999969482422,74.19000244140625,4295500,70.44084167480469,70.36488270284659
2022-08-30,74.41999816894531,74.66999816894531,73.45999908447266,74.13999938964844,5099100,70.39335632324219,70.65920544656805
2022-08-31,74.45999908447266,75.1500015258789,74.04000091552734,74.1500015258789,8612900,70.40287017822266,70.69720217315357
2022-09-01,74.12000274658203,75.37000274658203,73.52999877929688,75.30000305175781,8139800,71.4947509765625,70.37438146060349
2022-09-02,75.73999786376953,76.7699966430664,74.4800033569336,74.68000030517578,11027700,70.90608215332031,71.91251324149424
2022-09-06,74.69999694824219,75.19000244140625,73.55000305175781,73.83000183105469,7090100,70.09904479980469,70.92507520997441
2022-09-07,73.68000030517578,74.66999816894531,73.41999816894531,74.48999786376953,5792600,70.72566986083984,69.95660526747044
2022-09-08,74.02999877929688,74.80000305175781,73.61000061035156,74.6500015258789,6897100,70.87760162353516,70.28893040076895
2022-09-09,74.6500015258789,76.01000213623047,74.44000244140625,75.91000366210938,7762400,72.07392883300781,70.8776002871637
2022-09-12,76.62999725341797,77.37999725341797,76.2699966430664,77.08000183105469,15628900,73.184814453125,72.75755056190735
2022-09-13,76.05999755859375,79.41000366210938,75.77999877929688,76.04000091552734,29476500,72.1973648071289,72.21635093176069
2022-09-14,75.79000091552734,75.87000274658203,71.7699966430664,72.12000274658203,21601400,68.4754409790039,71.9599769390719
2022-09-15,71.5,72.08999633789062,69.75,70.23999786376953,12478100,66.69046020507812,67.88678886225672
2022-09-16,69.58000183105469,69.80000305175781,68.25,68.83000183105469,23412000,65.35171508789062,66.06381424540952
2022-09-19,68.19999694824219,69.12999725341797,67.91000366210938,69.06999969482422,8364000,65.57958221435547,64.7535446162915
2022-09-20,68.2699966430664,68.45999908447266,67.44999694824219,68.11000061035156,8624300,64.6681137084961,64.82002446380064
2022-09-21,68.70999908447266,68.87999725341797,66.73999786376953,66.75,6768200,63.37682342529297,65.2377749742122
2022-09-22,66.8499984741211,66.94000244140625,65.83999633789062,66.02999877929688,7190700,62.693214416503906,63.47177594368057
2022-09-23,65.3499984741211,65.44000244140625,63.869998931884766,64.55000305175781,9282500,61.28800582885742,62.04757394335537
2022-09-26,64.33000183105469,64.91999816894531,63.38999938964844,63.45000076293945,6897800,60.24358367919922,61.07911429145022
2022-09-27,64.16000366210938,64.4000015258789,62.040000915527344,62.41999816894531,9284800,59.26563262939453,60.9177077552521
2022-09-28,62.619998931884766,63.349998474121094,62.25,63.06999969482422,8549900,59.882781982421875,59.45552183164629
2022-09-29,62.290000915527344,62.599998474121094,60.779998779296875,61.400001525878906,8882100,58.297183990478516,59.14220771817143
2022-09-30,61.2599983215332,62.13999938964844,61.060001373291016,61.06999969482422,9794400,57.98386001586914,58.164257163885416
2022-10-03,60.9900016784668,63.2400016784668,60.810001373291016,63.08000183105469,9661400,59.892276763916016,57.907894012776076
2022-10-04,63.79999923706055,65.83000183105469,63.79999923706055,65.69000244140625,9892600,62.370391845703125,60.57589898433016
2022-10-05,65.33999633789062,67.19000244140625,64.9800033569336,66.63999938964844,9201600,63.27238082885742,62.03807277179171
2022-10-06,66.33000183105469,66.80999755859375,65.22000122070312,65.30000305175781,6992000,62.00009536743164,62.97804359959524
2022-10-07,64.48999786376953,64.62000274658203,62.7400016784668,63.290000915527344,7137900,60.091678619384766,61.23103444044498
2022-10-10,63.61000061035156,63.900001525878906,62.02000045776367,62.56999969482422,6407200,59.40805435180664,60.39549931292093
2022-10-11,61.849998474121094,63.099998474121094,61.650001525878906,62.40999984741211,7376900,59.56074905395508,59.026313845719145
2022-10-12,62.619998931884766,64.27999877929688,62.16999816894531,63.779998779296875,9008600,60.868202209472656,59.761160713288795
2022-10-13,62.47999954223633,65.70999908447266,62.27000045776367,65.19999694824219,10147100,62.22336959838867,59.62755039865903
2022-10-14,65.72000122070312,66.61000061035156,64.20999908447266,64.30999755859375,8044500,61.37399673461914,62.71962826065452
2022-10-17,65.87999725341797,67.56999969482422,65.87000274658203,67.0199966430664,11368300,63.96028518676758,62.872330998065024
2022-10-18,68.0,68.58000183105469,66.33000183105469,67.02999877929688,6688600,63.96983337402344,64.89555047966276
2022-10-19,66.48999786376953,67.19000244140625,65.77999877929688,66.30000305175781,5506000,63.273155212402344,63.45447603708743
2022-10-20,67.52999877929688,69.91999816894531,67.19000244140625,69.25,17600500,66.0884780883789,64.4470013665533
2022-10-21,71.02999877929688,72.79000091552734,70.30999755859375,72.69999694824219,15652600,69.38096618652344,67.78720977173789
2022-10-24,72.93000030517578,73.69000244140625,71.77999877929688,72.91999816894531,11489400,69.5909194946289,69.60046499483005
2022-10-25,73.44999694824219,74.11000061035156,72.61000061035156,73.13999938964844,9137700,69.80088806152344,70.09673308568692
2022-10-26,72.61000061035156,75.72000122070312,72.55000305175781,74.81999969482422,10693600,71.40418243408203,69.29507820459142
2022-10-27,74.75,75.87999725341797,74.55000305175781,75.1500015258789,7053000,71.71910858154297,71.33736869751365
2022-10-28,75.30000305175781,77.68000030517578,75.30000305175781,77.36000061035156,8758100,73.82823181152344,71.86228072456493
2022-10-31,76.5,78.33000183105469,76.4000015258789,78.06999969482422,12349000,74.50582122802734,73.00749771005779
2022-11-01,78.5999984741211,79.2300033569336,76.33999633789062,77.11000061035156,7753000,73.58964538574219,75.01161936515354
2022-11-02,76.6500015258789,77.43000030517578,75.01000213623047,75.12000274658203,7524300,71.69048309326172,73.15063149061896
2022-11-03,74.72000122070312,75.69000244140625,74.05000305175781,75.02999877929688,6761200,71.60460662841797,71.30876158510176
2022-11-04,75.94000244140625,76.66999816894531,74.23999786376953,76.0,7219000,72.53032684326172,72.47306838885906
2022-11-07,76.11000061035156,77.08999633789062,75.48999786376953,76.73999786376953,5394300,73.23653411865234,72.63529856185042
2022-11-08,76.94999694824219,77.13999938964844,75.0199966430664,75.63999938964844,9104200,72.18675231933594,73.43694362108367
2022-11-09,75.37999725341797,76.54000091552734,75.0,75.66000366210938,6013700,72.20584869384766,71.93862559841178
2022-11-10,77.69999694824219,78.47000122070312,76.70999908447266,77.16999816894531,10437300,73.64689636230469,74.15269869607657
2022-11-11,77.12999725341797,77.88999938964844,76.56999969482422,77.73999786376953,7712900,74.19087219238281,73.60872042285003
2022-11-14,77.4800033569336,79.54000091552734,77.33000183105469,78.52999877929688,7153000,74.94481658935547,73.94275730536341
2022-11-15,78.93000030517578,80.68000030517578,78.01000213623047,79.18000030517578,7618500,75.56513214111328,75.32654559195355
2022-11-16,79.12000274658203,80.2300033569336,78.86000061035156,79.88999938964844,6011900,76.24272918701172,75.5078857024613
2022-11-17,79.16999816894531,79.58000183105469,78.19000244140625,79.19999694824219,5717300,75.58422088623047,75.55559166340142
2022-11-18,80.0,80.45999908447266,78.8499984741211,79.7300033569336,6107000,76.09003448486328,76.34770478483492
2022-11-21,79.56999969482422,80.0999984741211,78.9000015258789,79.81999969482422,5235400,76.1759262084961,75.9373396183566
2022-11-22,79.88999938964844,82.20999908447266,79.83000183105469,82.12000274658203,8796200,78.37091827392578,76.24272288922583
2022-11-23,82.12000274658203,82.91999816894531,81.77999877929688,82.55999755859375,6347900,78.79082489013672,78.37091748690334
2022-11-25,82.8499984741211,83.48999786376953,82.54000091552734,82.72000122070312,2754900,78.94351959228516,79.06758197829461
2022-11-28,82.11000061035156,82.13999938964844,81.06999969482422,81.38999938964844,5112200,77.67423248291016,78.36136287514833
2022-11-29,81.33000183105469,81.5,80.5199966430664,80.8499984741211,4928200,77.15888977050781,77.61697915586467
2022-11-30,80.47000122070312,83.18000030517578,80.0,83.02999877929688,9610300,79.2393798828125,76.79625544553907
2022-12-01,83.05000305175781,84.52999877929688,82.3499984741211,84.11000061035156,6127200,80.27005767822266,79.25845305868086
2022-12-02,83.19999694824219,83.62000274658203,82.58000183105469,83.3499984741211,4798900,79.54476165771484,79.40160825828154
2022-12-05,82.41000366210938,82.41999816894531,79.41000366210938,79.43000030517578,9102900,75.8037338256836,78.64768926318493
2022-12-06,79.3499984741211,79.81999969482422,78.05999755859375,78.91000366210938,7656100,75.30746459960938,75.72737199020419
2022-12-07,78.66999816894531,79.44000244140625,78.58000183105469,78.77999877929688,5105500,75.18338775634766,75.07840909844407
2022-12-08,79.12999725341797,80.20999908447266,78.52999877929688,80.06999969482422,5918700,76.41452026367188,75.51743226716246
2022-12-09,79.6500015258789,80.36000061035156,79.54000091552734,79.86000061035156,6850800,76.2140884399414,76.01367661081564
2022-12-12,80.30999755859375,81.41000366210938,79.94000244140625,81.27999877929688,15807600,77.56926727294922,76.64355018296602
2022-12-13,84.94000244140625,85.58000183105469,79.69999694824219,80.55999755859375,22812200,76.88214111328125,81.06218286703538
2022-12-14,80.80999755859375,82.88999938964844,80.56999969482422,81.81999969482422,11183100,78.08460235595703,77.12071069767812
2022-12-15,80.79000091552734,81.02999877929688,79.45999908447266,80.06999969482422,8196800,76.41452026367188,77.10165087537392
2022-12-16,79.95999908447266,80.45999908447266,79.4800033569336,79.58000183105469,19200700,75.94686126708984,76.30951014900967
2022-12-19,79.91999816894531,81.0999984741211,79.68000030517578,80.5,7738800,76.82487487792969,76.27135229283967
2022-12-20,80.5,81.48999786376953,80.3499984741211,80.94000244140625,6390200,77.24478149414062,76.82486684850025
2022-12-21,81.3499984741211,82.13999938964844,80.94000244140625,81.5,5932400,77.77921295166016,77.63605956976556
2022-12-22,80.94000244140625,81.16999816894531,79.43000030517578,80.48999786376953,8181400,76.8153076171875,77.24476768648472
2022-12-23,80.51000213623047,80.9000015258789,79.98999786376953,80.8499984741211,4129100,77.15888977050781,76.8344155534047
2022-12-27,80.87999725341797,81.47000122070312,80.61000061035156,80.9800033569336,4290700,77.28296661376953,77.18752615885741
2022-12-28,81.08999633789062,81.63999938964844,80.19000244140625,80.33000183105469,3794000,76.66264343261719,77.38794141046172
2022-12-29,80.97000122070312,81.80000305175781,80.69999694824219,81.4000015258789,3867800,77.68380737304688,77.27343808248848
2022-12-30,81.12999725341797,81.93000030517578,80.76000213623047,81.73999786376953,5375700,78.00825500488281,77.42610325042907
2023-01-03,82.47000122070312,83.83999633789062,82.26000213623047,83.72000122070312,8997500,79.89786529541016,78.70493254143206
2023-01-04,84.19999694824219,85.16999816894531,83.63999938964844,84.4800033569336,7836200,80.62318420410156,80.35596110550775
2023-01-05,85.0,85.4000015258789,83.22000122070312,84.30999755859375,7643800,80.46092987060547,81.11943111193158
2023-01-06,84.73999786376953,86.33999633789062,83.81999969482422,85.66000366210938,8641600,81.7492904663086,80.87128652019808
2023-01-09,86.83999633789062,87.58999633789062,86.16000366210938,86.41999816894531,7519700,82.78385162353516,83.18617824742786
2023-01-10,85.63999938964844,86.61000061035156,85.56999969482422,86.5,5703300,82.8604965209961,82.03668059519158
2023-01-11,87.37000274658203,88.66000366210938,87.08999633789062,88.5999984741211,8359700,84.87213134765625,83.69388799841688
2023-01-12,88.69999694824219,89.19999694824219,88.16999816894531,88.77999877929688,6071100,85.04456329345703,84.9679275547966
2023-01-13,87.94999694824219,89.47000122070312,87.66000366210938,89.19999694824219,5090800,85.44689178466797,84.24948574896138
2023-01-17,89.19000244140625,89.44000244140625,88.43000030517578,88.5999984741211,6550400,84.87213134765625,85.43731075024608
2023-01-18,88.5999984741211,88.62999725341797,86.5999984741211,86.70999908447266,6397700,83.06167602539062,84.87215369404137
2023-01-19,86.4000015258789,86.98999786376953,85.26000213623047,85.94000244140625,5597000,82.32405853271484,82.7647030577245
2023-01-20,86.02999877929688,87.37999725341797,85.5,87.25,5567300,83.57894897460938,82.41027940699783
2023-01-23,87.19000244140625,89.12999725341797,86.97000122070312,88.97000122070312,7390200,85.22657012939453,83.52146516465861
2023-01-24,89.05000305175781,90.0999984741211,88.0,89.69999694824219,7004600,85.92585754394531,85.30321222784818
2023-01-25,88.69999694824219,89.86000061035156,87.73999786376953,89.63999938964844,5896800,85.86836242675781,84.96791094449208
2023-01-26,89.88999938964844,90.48999786376953,89.08999633789062,89.83000183105469,7302800,86.0503921508789,86.10786530394415
2023-01-27,89.5,89.72000122070312,88.95999908447266,88.98999786376953,5676800,85.24571990966797,85.7342635696531
2023-01-30,88.47000122070312,88.62000274658203,86.98999786376953,87.3499984741211,6255300,83.67473602294922,84.74761450952406
2023-01-31,87.69000244140625,88.4800033569336,87.3499984741211,88.45999908447266,6200400,84.73802185058594,84.0004230144981
2023-02-01,88.37000274658203,90.6500015258789,88.20999908447266,90.05000305175781,6141300,86.26112365722656,84.65180984092773
2023-02-02,90.66000366210938,91.22000122070312,88.94999694824219,89.37999725341797,8269200,85.61930847167969,86.84545824701195
2023-02-03,88.47000122070312,90.26000213623047,88.2699966430664,89.62000274658203,5671800,85.84923553466797,84.74762039480265
2023-02-06,89.51000213623047,89.61000061035156,88.4000015258789,88.52999877929688,4097200,84.80508422851562,85.743853779797
2023-02-07,87.87000274658203,88.0199966430664,86.30000305175781,87.73999786376953,9226000,84.04830932617188,84.17284421186338
2023-02-08,86.93000030517578,87.91999816894531,86.51000213623047,86.69000244140625,7624400,83.04249572753906,83.27239561236338
2023-02-09,87.13999938964844,87.9000015258789,86.33000183105469,86.6500015258789,4960300,83.00418090820312,83.47356198855789
2023-02-10,86.52999877929688,87.37999725341797,86.33999633789062,87.13999938964844,5318400,83.47354888916016,82.8892142996806
2023-02-13,87.27999877929688,89.44999694824219,87.19999694824219,89.41999816894531,5560900,85.65763092041016,83.60767250347888
2023-02-14,89.0,89.41000366210938,87.70999908447266,89.08999633789062,7484800,85.34151458740234,85.25530486578808
2023-02-15,88.8499984741211,89.20999908447266,88.02999877929688,88.33999633789062,4329900,84.62307739257812,85.11162111041503
2023-02-16,87.45999908447266,88.2699966430664,87.01000213623047,87.72000122070312,5942500,84.0291519165039,83.78008945982477
2023-02-17,87.19999694824219,87.43000030517578,86.51000213623047,87.27999877929688,6398400,83.60768127441406,83.53104553099358
2023-02-21,86.76000213623047,86.94000244140625,86.1500015258789,86.19999694824219,5260300,82.57312774658203,83.1095706881551
2023-02-22,86.68000030517578,87.18000030517578,85.9800033569336,86.31999969482422,5840100,82.68806457519531,83.03291807173262
2023-02-23,87.1500015258789,89.4800033569336,87.05999755859375,88.58000183105469,8637100,84.85297393798828,83.483141288201
2023-02-24,87.30999755859375,88.88999938964844,87.13999938964844,88.66000366210938,7659200,84.92962646484375,83.6364219829919
2023-02-27,88.86000061035156,88.97000122070312,87.36000061035156,87.95999908447266,6748800,84.25907135009766,85.12120520154758
2023-02-28,87.69999694824219,88.01000213623047,87.18000030517578,87.4000015258789,7468000,83.72261047363281,84.00998346507329
2023-03-01,86.9000015258789,87.20999908447266,85.98999786376953,86.33999633789062,5119800,82.70721435546875,83.24365715240683
2023-03-02,86.05999755859375,87.27999877929688,85.87000274658203,86.97000122070312,5293600,83.31071472167969,82.43899971161215
2023-03-03,87.31999969482422,89.29000091552734,87.08000183105469,89.25,5498500,85.4947738647461,83.64597902273047
2023-03-06,89.41000366210938,90.66999816894531,89.1500015258789,89.73999786376953,7424800,85.96416473388672,85.6480551218071
2023-03-07,89.58000183105469,90.08000183105469,88.05000305175781,88.36000061035156,5382400,84.6422348022461,85.81090421225608
2023-03-08,88.4000015258789,89.08999633789062,88.1500015258789,88.48999786376953,5159200,84.76676177978516,84.68055205756579
2023-03-09,88.33000183105469,89.63999938964844,86.52999877929688,86.87000274658203,10572300,83.21493530273438,84.61350472273159
2023-03-10,84.41000366210938,85.25,82.87999725341797,84.06999969482422,16029300,80.5327377319336,80.85843596465142
2023-03-13,83.31999969482422,85.52999877929688,82.04000091552734,84.93000030517578,10299800,81.3565673828125,79.81430760803592
2023-03-14,85.93000030517578,85.93000030517578,83.43000030517578,84.55999755859375,8732200,81.00210571289062,82.31446510869941
2023-03-15,83.08000183105469,83.37000274658203,82.12000274658203,82.9800033569336,11463000,79.48860931396484,79.58440033975226
2023-03-16,82.91999816894531,85.11000061035156,82.08000183105469,84.81999969482422,10148100,81.25119018554688,79.43113140356793
2023-03-17,85.0,85.9800033569336,84.61000061035156,85.26000213623047,13065800,81.67266845703125,81.42360596889594
2023-03-20,85.27999877929688,87.51000213623047,85.25,86.95999908447266,9177300,83.30113983154297,81.69182587326499
2023-03-21,87.48999786376953,87.8499984741211,86.66000366210938,87.58000183105469,6683700,83.8950424194336,83.80882540075996
2023-03-22,87.54000091552734,89.16000366210938,87.44000244140625,87.9000015258789,7233700,84.20158386230469,83.8567303804299
2023-03-23,88.6500015258789,89.63999938964844,87.63999938964844,87.77999877929688,10747100,84.08662414550781,84.92002121744599
2023-03-24,87.9800033569336,88.4800033569336,87.51000213623047,88.01000213623047,5852100,84.30695343017578,84.2782168590162
2023-03-27,88.62000274658203,90.5,88.55000305175781,90.13999938964844,8170100,86.34734344482422,84.89130092138808
2023-03-28,90.22000122070312,90.87999725341797,89.4800033569336,89.8499984741211,6378900,86.06953430175781,86.4239690778236
2023-03-29,90.12999725341797,90.66000366210938,89.80999755859375,90.62000274658203,5233600,86.80714416503906,86.33775577177555
2023-03-30,90.8499984741211,91.18000030517578,89.70999908447266,90.51000213623047,5640700,86.7017822265625,87.02747317507504
2023-03-31,90.55999755859375,93.0,90.41000366210938,92.91999816894531,10476300,89.0103759765625,86.74967272891095
2023-04-03,92.37999725341797,94.0,92.08999633789062,93.91999816894531,8410900,89.96829223632812,88.49308722021273
2023-04-04,93.8499984741211,94.0199966430664,92.93000030517578,94.0,6651500,90.04492950439453,89.90123932542306
2023-04-05,93.62000274658203,95.11000061035156,93.4800033569336,94.88999938964844,7478800,90.89749145507812,89.68093007080543
2023-04-06,94.33000183105469,96.08000183105469,93.98999786376953,95.91999816894531,9146200,91.88414001464844,90.36104317433991
2023-04-10,94.68000030517578,95.11000061035156,93.55000305175781,93.76000213623047,8681500,90.19114685058594,91.07612645881008
2023-04-11,93.45999908447266,94.12999725341797,93.19999694824219,93.97000122070312,8196000,90.39314270019531,89.90255320058031
2023-04-12,94.37999725341797,95.31999969482422,93.5999984741211,93.9000015258789,8040300,90.3258056640625,90.78753090475193
2023-04-13,94.18000030517578,95.75,93.94000244140625,95.55000305175781,6240200,91.91300964355469,90.59515436740068
2023-04-14,95.5,95.98999786376953,94.68000030517578,95.70999908447266,6485100,92.0669174194336,91.86491168802368
2023-04-17,95.63999938964844,95.98999786376953,95.30999755859375,95.58999633789062,4772400,91.95146179199219,91.99956152919626
2023-04-18,96.0,96.73999786376953,95.7699966430664,96.47000122070312,7219400,92.79798126220703,92.3458700989425
2023-04-19,95.58999633789062,96.47000122070312,95.58999633789062,95.80999755859375,4766200,92.16310119628906,91.9514740667239
2023-04-20,96.0,96.1500015258789,94.5999984741211,94.83000183105469,5815500,91.22041320800781,92.3458768203986
2023-04-21,95.01000213623047,95.30999755859375,94.26000213623047,95.1500015258789,7335800,91.52822875976562,91.3935582820307
2023-04-24,95.33999633789062,96.08000183105469,94.97000122070312,95.44000244140625,4901700,91.80719757080078,91.71099807510838
2023-04-25,95.13999938964844,95.69999694824219,94.0199966430664,94.05999755859375,5768800,90.47972106933594,91.51861397774078
2023-04-26,93.75,94.80999755859375,93.33999633789062,93.70999908447266,6395500,90.14302825927734,90.18150658276477
2023-04-27,94.30999755859375,95.08999633789062,93.29000091552734,95.04000091552734,5615700,91.42241668701172,90.72020003678442
2023-04-28,94.2699966430664,95.4000015258789,94.23999786376953,94.72000122070312,8498500,91.11459350585938,90.68171783399775
2023-05-01,94.80000305175781,95.7300033569336,94.69999694824219,94.87000274658203,5459800,91.25888061523438,91.19154538167135
2023-05-02,94.93000030517578,95.23999786376953,93.8499984741211,94.80000305175781,5995100,91.1915512084961,91.31660026767763
2023-05-03,95.06999969482422,95.41999816894531,94.54000091552734,94.77999877929688,6744800,91.17230987548828,91.45127224808972
2023-05-04,94.9800033569336,95.12000274658203,94.41000366210938,94.97000122070312,5038200,91.3550796508789,91.36470106753963
2023-05-05,95.0,97.30999755859375,94.83000183105469,96.97000122070312,8068600,93.2789535522461,91.3839380830228
2023-05-08,97.08000183105469,97.27999877929688,96.44000244140625,96.79000091552734,5314800,93.10580444335938,93.38476681833703
2023-05-09,96.19999694824219,96.88999938964844,96.0999984741211,96.13999938964844,6333500,92.48054504394531,92.53825886707078
2023-05-10,96.79000091552734,97.68000030517578,96.26000213623047,97.5199966430664,5935300,93.80801391601562,93.10580460792615
2023-05-11,97.54000091552734,97.62999725341797,96.33999633789062,97.44000244140625,5144500,93.73106384277344,93.82725599309343
2023-05-12,97.61000061035156,97.91999816894531,96.93000030517578,97.8499984741211,4994700,94.12545776367188,93.8945951255331
2023-05-15,97.87000274658203,97.95999908447266,97.05000305175781,97.26000213623047,4443700,93.55792236328125,94.1447040668729
2023-05-16,97.16999816894531,98.8499984741211,96.91999816894531,98.25,6896500,94.51023864746094,93.47134571318436
2023-05-17,98.77999877929688,100.4000015258789,98.43000030517578,99.7699966430664,9436000,95.97236633300781,95.02005160064897
2023-05-18,99.7699966430664,102.45999908447266,99.7300033569336,102.33999633789062,10005700,98.44454193115234,95.97236632265567
2023-05-19,102.38999938964844,103.06999969482422,101.91999816894531,102.83999633789062,8560300,98.92550659179688,98.49263827543328
2023-05-22,102.4800033569336,103.0999984741211,101.7300033569336,101.7699966430664,5890500,97.89623260498047,98.57921368687653
2023-05-23,101.06999969482422,101.43000030517578,98.47000122070312,98.54000091552734,10047300,94.78919219970703,97.22288956450994
2023-05-24,97.94999694824219,98.87999725341797,97.29000091552734,98.31999969482422,6815900,94.57756805419922,94.22164901378302
2023-05-25,99.19999694824219,104.66000366210938,98.7699966430664,104.29000091552734,16729600,100.32032012939453,95.42406139916847
2023-05-26,104.3499984741211,106.2300033569336,104.02999877929688,104.08000183105469,13994100,100.11832427978516,100.37804383195095
2023-05-30,104.9000015258789,105.9800033569336,104.19000244140625,105.1500015258789,10296700,101.1475830078125,100.9070989813265
2023-05-31,104.47000122070312,106.48999786376953,104.1500015258789,105.94000244140625,13713500,101.90751647949219,100.49346918695477
2023-06-01,104.87999725341797,106.61000061035156,104.77999877929688,105.98999786376953,7835900,101.95560455322266,100.88785490171027
2023-06-02,106.5199966430664,106.7699966430664,105.75,105.88999938964844,8652400,101.85942077636719,102.46543792334745
2023-06-05,105.88999938964844,107.5999984741211,105.52999877929688,106.93000030517578,7442000,102.8598403930664,101.85942584266444
2023-06-06,106.80999755859375,107.48999786376953,106.1500015258789,107.0999984741211,7023000,103.02336120605469,102.74439883914411
2023-06-07,107.13999938964844,108.37000274658203,104.83999633789062,105.25,9842500,101.24378967285156,103.06184858674595
2023-06-08,105.66999816894531,107.79000091552734,105.3499984741211,107.4800033569336,9526700,103.38890838623047,101.64779883361851
2023-06-09,107.69999694824219,110.1500015258789,107.41000366210938,109.8499984741211,12597100,105.66866302490234,103.60049925706537
2023-06-12,114.33999633789062,117.51000213623047,114.33999633789062,116.43000030517578,39081500,111.99822998046875,109.98777954351475
2023-06-13,123.31999969482422,123.98999786376953,116.0199966430664,116.68000030517578,39190900,112.23871612548828,118.62597190727548
2023-06-14,116.5,122.51000213623047,115.73999786376953,122.2699966430664,26264200,117.61593627929688,112.06556761866979
2023-06-15,121.94999694824219,127.54000091552734,121.66000366210938,126.55000305175781,27476700,121.73301696777344,117.30810501560143
2023-06-16,127.13999938964844,127.4000015258789,125.1500015258789,125.45999908447266,19514700,120.68450927734375,122.30056231333504
2023-06-20,124.44999694824219,125.25,121.95999908447266,122.04000091552734,16273000,117.39469146728516,119.71295382860528
2023-06-21,121.94999694824219,123.36000061035156,120.36000061035156,122.0999984741211,17583000,117.45240783691406,117.30811593999464
2023-06-22,121.61000061035156,122.58999633789062,120.06999969482422,120.58000183105469,12203400,115.99026489257812,116.9810579713265
2023-06-23,119.58999633789062,119.9000015258789,118.13999938964844,118.63999938964844,19734300,114.12410736083984,115.03794379266236
2023-06-26,117.98999786376953,119.43000030517578,116.69999694824219,116.77999877929688,8987000,112.33489990234375,113.49884173704996
2023-06-27,116.56999969482422,118.45999908447266,116.26000213623047,117.83999633789062,6970400,113.35455322265625,112.13289753237363
2023-06-28,116.77999877929688,118.62000274658203,116.38999938964844,116.52999877929688,9240500,112.09442138671875,112.33490543065798
2023-06-29,115.6500015258789,117.80000305175781,114.62999725341797,117.77999877929688,9234300,113.29683685302734,111.2479155266645
2023-06-30,119.83999633789062,121.7300033569336,119.02999877929688,119.08999633789062,13703100,114.55697631835938,115.27842845439771
2023-07-03,118.01000213623047,118.25,116.83000183105469,117.1500015258789,4284700,112.69082641601562,113.5180921286617
2023-07-05,116.5199966430664,117.01000213623047,115.41000366210938,115.95999908447266,8466500,111.5461196899414,112.0848016077592
2023-07-06,114.66999816894531,115.80999755859375,114.63999938964844,115.44999694824219,7982800,111.05552673339844,110.30521770285722
2023-07-07,114.83999633789062,115.9800033569336,114.48999786376953,114.61000061035156,7001600,110.24751281738281,110.46875404227393
2023-07-10,114.27999877929688,115.02999877929688,113.66000366210938,114.37999725341797,6931000,110.02625274658203,109.93006060064639
2023-07-11,114.19999694824219,115.0,113.43000030517578,114.87999725341797,6117100,110.8950424194336,110.2386299499821
2023-07-12,115.66999816894531,118.08999633789062,115.63999938964844,116.0199966430664,11011600,111.9955062866211,111.6576485255204
2023-07-13,117.08999633789062,118.58000183105469,116.76000213623047,117.44999694824219,9359600,113.3758773803711,113.02836451432935
2023-07-14,118.18000030517578,119.97000122070312,117.68000030517578,119.2699966430664,7723800,115.13275146484375,114.08056498878044
2023-07-17,118.8499984741211,119.97000122070312,118.25,118.88999938964844,6735900,114.76593780517578,114.72732444318463
2023-07-18,118.77999877929688,121.29000091552734,117.80999755859375,120.7699966430664,8903600,116.58073425292969,114.65976531553979
2023-07-19,120.81999969482422,121.36000061035156,118.41999816894531,118.69000244140625,7609000,114.57286834716797,116.62897998147484
2023-07-20,117.48999786376953,119.05000305175781,115.2300033569336,115.87999725341797,12913000,111.86035919189453,113.41451220226477
2023-07-21,116.48999786376953,119.2699966430664,116.20999908447266,117.6500015258789,9159600,113.5689468383789,112.44918149604318
2023-07-24,117.94000244140625,118.54000091552734,116.7300033569336,118.06999969482422,6200400,113.97438049316406,113.84889259223732
2023-07-25,117.9800033569336,118.51000213623047,116.80999755859375,117.94999694824219,6266300,113.85855102539062,113.88751657268587
2023-07-26,117.41999816894531,117.62000274658203,115.0,115.5,8160000,111.49353790283203,113.34693520692443
2023-07-27,117.55000305175781,117.5999984741211,115.63999938964844,116.4000015258789,7843000,112.3623275756836,113.4724379405414
2023-07-28,116.68000030517578,117.30000305175781,115.6500015258789,115.98999786376953,6910400,111.96653747558594,112.6326051162173
2023-07-31,116.43000030517578,117.23999786376953,115.83000183105469,117.2300033569336,6703100,113.16354370117188,112.39129105495277
2023-08-01,116.91999816894531,118.04000091552734,116.4800033569336,117.91000366210938,5246000,113.8199462890625,112.86428206585782
2023-08-02,116.91999816894531,116.9800033569336,114.31999969482422,115.70999908447266,6387800,111.69625091552734,112.86427755467847
2023-08-03,115.23999786376953,116.16999816894531,114.26000213623047,114.55000305175781,5193800,110.57649230957031,111.24255258011945
2023-08-04,115.33999633789062,116.4000015258789,114.26000213623047,114.44000244140625,5579300,110.47029876708984,111.33907360553928
2023-08-07,115.47000122070312,116.37999725341797,115.06999969482422,116.0999984741211,7347000,112.07271575927734,111.46457188296905
2023-08-08,115.04000091552734,115.61000061035156,114.22000122070312,115.2300033569336,4694800,111.23291778564453,111.04950612784437
2023-08-09,115.33999633789062,115.70999908447266,112.33000183105469,113.0999984741211,6542400,109.1767807006836,111.33907741900515
2023-08-10,113.77999877929688,115.08999633789062,112.4800033569336,112.98999786376953,6004100,109.07061767578125,109.83321515741753
2023-08-11,112.38999938964844,113.4800033569336,111.12999725341797,113.05999755859375,5288900,109.13816833496094,108.491411086372
2023-08-14,113.18000030517578,115.80999755859375,113.1500015258789,115.56999969482422,6494200,111.56110382080078,109.25400880700577
2023-08-15,115.44999694824219,118.05999755859375,114.83999633789062,117.29000091552734,10412200,113.22142791748047,111.44525028150369
2023-08-16,117.16000366210938,117.80999755859375,115.2699966430664,115.33999633789062,5722000,111.3390884399414,113.09596344311812
2023-08-17,115.73999786376953,116.77999877929688,114.36000061035156,114.87999725341797,6183900,110.8950424194336,111.72521134740889
2023-08-18,114.5,116.98999786376953,113.94999694824219,116.45999908447266,9412800,112.42022705078125,110.5282165422124
2023-08-21,116.9000015258789,117.3499984741211,115.19000244140625,116.58999633789062,5811200,112.54573059082031,112.84498234024117
2023-08-22,117.51000213623047,117.68000030517578,115.7300033569336,116.54000091552734,4960300,112.49746704101562,113.43382090662861
2023-08-23,117.0999984741211,120.44999694824219,112.11000061035156,117.83999633789062,16517300,113.75235748291016,113.03802869682688
2023-08-24,119.68000030517578,119.7300033569336,112.41000366210938,112.91000366210938,11995900,108.9933853149414,115.52854454588756
2023-08-25,112.91000366210938,116.1500015258789,112.73999786376953,116.05999755859375,8758100,112.03411865234375,108.99339146488434
2023-08-28,116.37000274658203,117.70999908447266,115.69999694824219,116.83999633789062,4514800,112.78705596923828,112.33336549380547
2023-08-29,120.94999694824219,121.20999908447266,118.52999877929688,120.6500015258789,11920500,116.46490478515625,116.75449399244712
2023-08-30,120.72000122070312,121.73999786376953,120.1500015258789,121.12000274658203,5601800,116.91859436035156,116.53246807990878
2023-08-31,121.0,121.9800033569336,120.12000274658203,120.38999938964844,9109800,116.21391296386719,116.80275388253736
2023-09-01,121.01000213623047,121.69000244140625,120.08999633789062,120.93000030517578,6189900,116.73517608642578,116.81240281107507
2023-09-05,122.44000244140625,124.27999877929688,121.18000030517578,123.9800033569336,11089600,119.67938995361328,118.19280852831918
2023-09-06,123.05999755859375,124.58000183105469,122.7300033569336,124.33000183105469,8728500,120.01725006103516,118.79129962186725
2023-09-07,123.83000183105469,125.95999908447266,122.58999633789062,125.08999633789062,11864400,120.75086975097656,119.53458198188174
2023-09-08,124.80000305175781,126.69000244140625,124.3499984741211,126.31999969482422,10595500,121.9382095336914,120.47093855838652
2023-09-11,127.0199966430664,127.41999816894531,124.72000122070312,126.70999908447266,22155600,122.31468963623047,122.6139340166373
2023-09-12,112.08000183105469,113.30000305175781,107.30000305175781,109.61000061035156,68605700,105.80784606933594,108.19216782370098
2023-09-13,108.31999969482422,112.94000244140625,108.19999694824219,111.83999633789062,27171000,107.96048736572266,104.56259246627148
2023-09-14,113.5,115.13999938964844,111.94999694824219,113.66000366210938,19849700,109.71736145019531,109.56290800075502
2023-09-15,114.19000244140625,115.19999694824219,112.5,113.91000366210938,23215000,109.95869445800781,110.22898064211371
2023-09-18,113.41999816894531,114.47000122070312,111.58000183105469,112.20999908447266,11744100,108.31765747070312,109.48568409436531
2023-09-19,112.4800033569336,113.73999786376953,111.70999908447266,112.7699966430664,9536100,108.85823059082031,108.57829659284785
2023-09-20,112.80999755859375,114.69999694824219,112.45999908447266,112.87000274658203,8777100,108.95478057861328,108.89685684394729
2023-09-21,111.51000213623047,112.5,109.33000183105469,109.43000030517578,12645800,105.63409423828125,107.641944999724
2023-09-22,109.98999786376953,110.5999984741211,108.51000213623047,109.02999877929688,11150000,105.24797058105469,106.17466925602159
2023-09-25,108.44999694824219,108.6500015258789,107.5,108.30000305175781,8410000,104.54328155517578,104.68807244815692
2023-09-26,107.13999938964844,107.4000015258789,104.30999755859375,104.87999725341797,13209000,101.2419204711914,103.42352766544131
2023-09-27,105.0,105.27999877929688,103.3499984741211,104.62000274658203,8916400,100.9909439086914,101.35775981671951
2023-09-28,104.02999877929688,106.5999984741211,103.2699966430664,106.1500015258789,7373600,102.4678726196289,100.42140848145299
2023-09-29,107.11000061035156,107.37000274658203,105.37999725341797,105.91999816894531,7299100,102.24584197998047,103.39456557970848
2023-10-02,105.80999755859375,106.7300033569336,105.29000091552734,106.70999908447266,5963500,103.00843811035156,102.139655875574
2023-10-03,106.41999816894531,106.5,103.54000091552734,104.5199966430664,8783300,100.89440155029297,102.72849572418436
2023-10-04,104.95999908447266,107.30000305175781,104.5,107.08000183105469,8842700,103.36560821533203,101.31914417376088
2023-10-05,106.97000122070312,108.44000244140625,106.19000244140625,108.3499984741211,7651500,104.591552734375,103.2594248383268
2023-10-06,107.93000030517578,110.52999877929688,107.58000183105469,109.95999908447266,8247000,106.14571380615234,104.18613149214602
2023-10-09,110.75,110.97000122070312,109.47000122070312,110.31999969482422,6012400,106.49321746826172,106.90830191475536
2023-10-10,110.20999908447266,111.05999755859375,109.62000274658203,109.70999908447266,6910400,105.90438842773438,106.38704447235887
2023-10-11,109.51000213623047,110.05999755859375,108.83000183105469,109.63999938964844,5641700,106.22409057617188,106.09814347567392
2023-10-12,109.94999694824219,110.91999816894531,108.87999725341797,109.11000061035156,6598500,105.71060180664062,106.52442746787307
2023-10-13,109.19000244140625,109.51000213623047,107.79000091552734,108.25,5879400,104.87740325927734,105.78811933421562
2023-10-16,108.94999694824219,109.58999633789062,108.30999755859375,108.70999908447266,5488000,105.32305908203125,105.55557963578195
2023-10-17,107.58000183105469,109.79000091552734,106.9000015258789,109.04000091552734,5261800,105.64278411865234,104.22827231748443
2023-10-18,108.4000015258789,109.7300033569336,107.86000061035156,108.25,5123900,104.87740325927734,105.02273139340306
2023-10-19,108.62999725341797,110.22000122070312,108.19000244140625,108.33999633789062,7989200,104.964599609375,105.24556537468428
2023-10-20,106.98999786376953,107.04000091552734,100.66000366210938,101.8499984741211,21831400,98.67679595947266,103.65665534683461
2023-10-23,102.04000091552734,104.69000244140625,102.01000213623047,103.66000366210938,10722600,100.4303970336914,98.86086671064383
2023-10-24,103.94999694824219,104.45999908447266,102.5,103.19999694824219,6174000,99.9847412109375,100.71137452610913
2023-10-25,102.69999694824219,103.66999816894531,101.01000213623047,101.43000030517578,7081700,98.2698745727539,99.50030354294475
2023-10-26,101.69000244140625,102.38999938964844,99.87000274658203,100.4000015258789,7565600,97.27197265625,98.52178273468282
2023-10-27,101.0,102.08999633789062,100.58999633789062,100.98999786376953,5207900,97.84358215332031,97.8532726658332
2023-10-30,101.13999938964844,102.41000366210938,100.81999969482422,101.6500015258789,5433700,98.48302459716797,97.9889119343737
2023-10-31,102.01000213623047,103.5199966430664,101.0999984741211,103.4000015258789,6258400,100.17851257324219,98.8318194467644
2023-11-01,103.80000305175781,106.19999694824219,103.80000305175781,105.75,8602400,102.45528411865234,100.56604070151137
2023-11-02,106.44999694824219,107.22000122070312,105.56999969482422,106.87000274658203,5918300,103.54039764404297,103.13347740211098
2023-11-03,107.16999816894531,109.06999969482422,106.62000274658203,108.05000305175781,7280000,104.68363189697266,103.83104416334942
2023-11-06,108.05999755859375,109.20999908447266,107.44000244140625,109.11000061035156,6062800,105.71060180664062,104.69331233840468
2023-11-07,109.98999786376953,110.37999725341797,108.58000183105469,108.98999786376953,7412600,105.59435272216797,106.56319715552738
2023-11-08,109.2300033569336,112.55999755859375,109.19000244140625,112.33000183105469,10994900,108.83029174804688,105.82687562717373
2023-11-09,112.4000015258789,113.30999755859375,111.61000061035156,112.18000030517578,6853900,108.6849594116211,108.89810635116093
2023-11-10,112.08999633789062,113.18000030517578,111.13999938964844,113.06999969482422,5233900,109.54722595214844,108.59775527499602
2023-11-13,113.06999969482422,114.48999786376953,112.77999877929688,114.1500015258789,5740500,110.59358978271484,109.54723605628791
2023-11-14,114.86000061035156,116.45999908447266,114.44999694824219,116.0999984741211,6733700,112.48282623291016,111.2814613227232
2023-11-15,116.1500015258789,116.30999755859375,113.93000030517578,114.05999755859375,7386200,110.50638580322266,112.53127436786104
2023-11-16,113.76000213623047,115.87000274658203,113.47000122070312,114.66999816894531,7476100,111.09737396240234,110.2157294942314
2023-11-17,114.61000061035156,115.63999938964844,114.16000366210938,115.36000061035156,4791300,111.7658920288086,111.03925871935901
2023-11-20,115.6500015258789,117.1500015258789,115.51000213623047,116.91999816894531,5728300,113.27729034423828,112.0468611556835
2023-11-21,117.20999908447266,117.66999816894531,115.68000030517578,116.08000183105469,5995300,112.46346282958984,113.55825437079149
2023-11-22,116.69999694824219,117.29000091552734,115.51000213623047,116.23999786376953,4343700,112.61846923828125,113.06413676836013
2023-11-24,116.48999786376953,116.58999633789062,115.33999633789062,116.25,2168200,112.62815856933594,112.86067914961066
2023-11-27,116.01000213623047,116.7699966430664,115.44999694824219,116.47000122070312,5165300,112.84130096435547,112.39563345692626
2023-11-28,116.0,116.80000305175781,115.87000274658203,116.23999786376953,4892600,112.61846923828125,112.38594865556531
2023-11-29,117.33999633789062,117.58000183105469,115.95999908447266,116.20999908447266,6127200,112.58940887451172,113.68420040531339
2023-11-30,116.86000061035156,117.2300033569336,115.18000030517578,116.20999908447266,11075600,112.58940887451172,113.21915922424745
2023-12-01,116.06999969482422,117.3499984741211,115.26000213623047,117.16000366210938,5739800,113.50979614257812,112.45375206393533
2023-12-04,116.2699966430664,116.68000030517578,114.55000305175781,115.77999877929688,5587500,112.17279052734375,112.64752215898109
2023-12-05,114.56999969482422,115.2699966430664,113.80999755859375,114.52999877929688,5913600,110.96174621582031,111.0005008782184
2023-12-06,114.94000244140625,114.98999786376953,111.93000030517578,112.02999877929688,7815700,108.53963470458984,111.35897539829642
2023-12-07,112.41000366210938,113.02999877929688,111.80999755859375,112.87000274658203,6772800,109.35347747802734,108.90780991091712
2023-12-08,112.01000213623047,113.63999938964844,111.58999633789062,113.61000061035156,7766000,110.0704116821289,108.52026213727238
2023-12-11,113.7699966430664,115.3499984741211,113.61000061035156,115.12999725341797,19544200,111.54303741455078,110.22540862463302
2023-12-12,102.69999694824219,104.94999694824219,100.69000244140625,100.80999755859375,57666500,97.66919708251953,99.50031232251469
2023-12-13,101.08000183105469,103.0999984741211,99.26000213623047,102.98999786376953,29392200,99.7812728881836,97.93078410957656
2023-12-14,101.87000274658203,102.25,99.87000274658203,100.30999755859375,22865200,97.18477630615234,98.69617854841158
2023-12-15,99.69000244140625,103.98999786376953,99.36000061035156,103.31999969482422,30212300,100.10099792480469,96.5840955960715
2023-12-18,103.41000366210938,106.16000366210938,102.91000366210938,105.0,13473100,101.7286605834961,100.18820155696011
2023-12-19,104.9800033569336,106.33999633789062,104.80000305175781,106.25,10108500,102.9397201538086,101.70929098643417
2023-12-20,105.94999694824219,106.08999633789062,104.05000305175781,104.1500015258789,9242000,100.9051513671875,102.64906694945161
2023-12-21,104.69999694824219,105.93000030517578,104.5199966430664,105.86000061035156,8168000,102.56185913085938,101.43799618452846
2023-12-22,105.69999694824219,106.48999786376953,105.45999908447266,106.19999694824219,5680000,102.8912582397461,102.40683610605295
2023-12-26,106.5199966430664,106.6500015258789,105.33999633789062,106.19000244140625,5767400,102.88158416748047,103.20129718614824
2023-12-27,106.31999969482422,106.33000183105469,105.55999755859375,105.94000244140625,5627400,102.63937377929688,103.00753197478348
2023-12-28,106.01000213623047,106.61000061035156,105.58000183105469,106.25,5689100,102.9397201538086,102.70719956148909
2023-12-29,106.5999984741211,106.91999816894531,104.77999877929688,105.43000030517578,6899700,102.14527130126953,103.27881754088801
2024-01-02,104.5199966430664,104.68000030517578,102.44000244140625,104.05999755859375,9597500,100.81793975830078,101.26360726815368
2024-01-03,103.30000305175781,103.37999725341797,101.73999786376953,102.45999908447266,9455600,99.26778411865234,100.08161715816397
2024-01-04,102.7699966430664,103.36000061035156,102.4000015258789,102.58999633789062,6822300,99.39373016357422,99.56812242793377
2024-01-05,102.52999877929688,103.72000122070312,102.29000091552734,102.7300033569336,6133800,99.52938842773438,99.33561511278795
2024-01-08,102.94000244140625,104.7699966430664,102.12999725341797,104.66000366210938,7038700,101.39924621582031,99.73283286624073
2024-01-09,103.8499984741211,104.4800033569336,103.29000091552734,103.62999725341797,6725200,100.4013442993164,100.61449125378432
2024-01-10,103.08999633789062,104.06999969482422,102.72000122070312,103.91999816894531,7270500,101.07242584228516,100.26516737426773
2024-01-11,104.3499984741211,104.83999633789062,103.54000091552734,104.7699966430664,6119000,101.89913940429688,101.4906498239
2024-01-12,105.0999984741211,106.69999694824219,104.97000122070312,106.5999984741211,9703800,103.67899322509766,102.22009555095369
2024-01-16,106.41000366210938,106.66000366210938,105.41999816894531,106.56999969482422,7547200,103.64981079101562,103.49419890619161
2024-01-17,106.45999908447266,107.5,105.68000030517578,106.43000030517578,7771500,103.5136489868164,103.54282575183815
2024-01-18,106.98999786376953,108.87999725341797,106.62000274658203,108.69999694824219,10362300,105.72145080566406,104.05830831107055
2024-01-19,109.31999969482422,110.22000122070312,109.0199966430664,109.66999816894531,11163800,106.66487121582031,106.32446323924361
2024-01-22,110.05999755859375,110.69000244140625,109.2699966430664,110.0999984741211,7485300,107.08309173583984,107.04418690599157
2024-01-23,110.29000091552734,112.68000030517578,109.55999755859375,111.83000183105469,9185900,108.76570129394531,107.26789858601282
2024-01-24,113.41999816894531,115.41999816894531,113.33000183105469,114.30999755859375,11702700,111.177734375,110.3121222863852
2024-01-25,114.88999938964844,116.18000030517578,114.3499984741211,115.0,8877200,111.84882354736328,111.74183712251707
2024-01-26,114.63999938964844,115.4800033569336,114.2699966430664,114.63999938964844,5541800,111.4986801147461,111.4986801147461
2024-01-29,114.19000244140625,114.58999633789062,113.01000213623047,113.75,7014400,110.6330795288086,111.0610252439116
2024-01-30,113.36000061035156,114.4000015258789,112.62999725341797,114.16000366210938,8231900,111.03185272216797,110.25377092319602
2024-01-31,113.80999755859375,114.2699966430664,111.66999816894531,111.69999694824219,7386700,108.63924407958984,110.69142740616849
2024-02-01,112.91000366210938,115.77999877929688,112.55000305175781,115.52999877929688,7882200,112.36430358886719,109.81610026627041
2024-02-02,115.81999969482422,116.48999786376953,115.16000366210938,115.79000091552734,6499400,112.61717987060547,112.64635663800561
2024-02-05,115.52999877929688,116.72000122070312,114.7699966430664,116.38999938964844,8084500,113.20072937011719,112.36429413632509
2024-02-06,116.73999786376953,116.94999694824219,114.9800033569336,115.30000305175781,4637500,112.14060974121094,113.54114653192278
2024-02-07,115.80000305175781,117.58999633789062,115.30000305175781,117.2699966430664,7672900,114.0566177368164,112.62690423874437
2024-02-08,117.08999633789062,117.79000091552734,115.97000122070312,116.68000030517578,4472800,113.48279571533203,113.88155725032503
2024-02-09,117.05999755859375,117.33999633789062,115.7300033569336,116.63999938964844,5787100,113.44389343261719,113.85238303969065
2024-02-12,116.26000213623047,117.0999984741211,115.37999725341797,115.83999633789062,5439600,112.66580200195312,113.07429899445476
2024-02-13,113.79000091552734,114.20999908447266,113.0,113.68000030517578,8171700,110.56498718261719,110.6719736009929
2024-02-14,114.31999969482422,114.72000122070312,113.52999877929688,114.26000213623047,5946100,111.12910461425781,111.187458148661
2024-02-15,114.25,114.30999755859375,112.56999969482422,112.77999877929688,8455600,109.68964385986328,111.11936466246796
2024-02-16,113.0199966430664,113.11000061035156,111.25,111.30999755859375,8936000,108.25993347167969,109.92307596725107
2024-02-20,110.54000091552734,110.7699966430664,107.68000030517578,108.44999694824219,10975600,105.47830200195312,107.51103668014582
2024-02-21,106.76000213623047,108.37999725341797,106.51000213623047,108.16000366210938,7865300,105.19625091552734,103.83461161438083
2024-02-22,111.48999786376953,111.88999938964844,109.66000366210938,111.01000213623047,8957800,107.96815490722656,108.4349980030599
2024-02-23,112.0,113.37000274658203,111.70999908447266,111.94999694824219,7504500,108.88240814208984,108.93104103926055
2024-02-26,112.0,112.54000091552734,110.93000030517578,110.97000122070312,6342900,107.92925262451172,108.93102785413055
2024-02-27,110.62000274658203,111.51000213623047,109.79000091552734,111.37999725341797,6593100,108.3280258178711,107.58885624893455
2024-02-28,111.26000213623047,112.0199966430664,111.0999984741211,111.68000030517578,5278300,108.61979675292969,108.21130717894346
2024-02-29,111.68000030517578,112.44000244140625,110.63999938964844,111.68000030517578,12193900,108.61979675292969,108.61979675292969
2024-03-01,111.68000030517578,113.94000244140625,111.5199966430664,113.77999877929688,7605100,110.6622543334961,108.61979900095633
2024-03-04,113.58000183105469,114.5999984741211,113.38999938964844,114.05999755859375,6588100,110.93458557128906,110.4677424339027
2024-03-05,112.81999969482422,113.19999694824219,110.37000274658203,110.94000244140625,8242000,107.90007019042969,109.72855253347589
2024-03-06,111.5,113.05000305175781,110.66999816894531,112.2699966430664,6706400,109.19363403320312,108.44473642775387
2024-03-07,113.94000244140625,114.80000305175781,112.29000091552734,114.54000091552734,7670100,111.40142822265625,110.81787063217047
2024-03-08,114.06999969482422,114.33000183105469,111.54000091552734,112.41999816894531,8312900,109.33950805664062,110.94429686709039
2024-03-11,111.61000061035156,114.75,111.18000030517578,114.12999725341797,20438300,111.0026626586914,108.55171773620779
2024-03-12,126.26000213623047,129.3699951171875,124.5999984741211,127.54000091552734,48536100,124.04521942138672,122.80029447002067
2024-03-13,128.0,128.8000030517578,124.83000183105469,125.5199966430664,15870300,122.08055877685547,124.49260628864653
2024-03-14,127.2300033569336,127.80000305175781,124.94000244140625,125.52999877929688,10965900,122.09027862548828,123.74370039372384
2024-03-15,124.04000091552734,126.01000213623047,123.55999755859375,125.54000091552734,17844900,122.10000610351562,120.64110847869793
2024-03-18,127.19999694824219,128.9499969482422,126.87999725341797,127.80000305175781,12231400,124.298095703125,123.7145306460331
2024-03-19,127.75,129.2100067138672,126.48999786376953,129.19000244140625,10221000,125.6500015258789,124.24945732322648
2024-03-20,129.97999572753906,130.69000244140625,128.27000427246094,129.24000549316406,8373300,125.69863891601562,126.41835232764187
2024-03-21,130.52000427246094,132.77000427246094,128.9499969482422,129.00999450683594,17842400,125.47491455078125,126.94354763643419
2024-03-22,129.00999450683594,129.2100067138672,127.55000305175781,127.79000091552734,6660000,124.28836059570312,125.47492450770467
2024-03-25,127.66999816894531,127.66999816894531,126.05000305175781,126.08000183105469,7446100,122.6252212524414,124.1716493131395
2024-03-26,126.75,126.94000244140625,125.83999633789062,126.47000122070312,7063900,123.00453186035156,123.27685824950672
2024-03-27,127.33000183105469,127.81999969482422,124.47000122070312,125.2699966430664,8115900,121.83740997314453,123.84096791488273
2024-03-28,125.38999938964844,126.16999816894531,125.19999694824219,125.61000061035156,6587400,122.1680908203125,121.95411797594629
2024-04-01,125.54000091552734,126.2699966430664,124.55999755859375,125.4800033569336,4133600,122.04166412353516,122.10001765954281
2024-04-02,124.51000213623047,124.93000030517578,123.43000030517578,124.33999633789062,4862400,120.93289947509766,121.09824686713833
2024-04-03,124.26000213623047,126.41000366210938,124.05999755859375,126.23999786376953,7430000,122.78082275390625,120.85508203313398
2024-04-04,127.5999984741211,127.98999786376953,124.02999877929688,124.19000244140625,7588300,120.78700256347656,124.10355938325199
2024-04-05,124.41999816894531,126.0,124.13999938964844,124.9000015258789,4899500,121.47754669189453,121.01069617554698
2024-04-08,125.0,125.12000274658203,123.76000213623047,124.3499984741211,6119200,120.94261932373047,121.57480981885601
2024-04-09,124.3499984741211,124.75,121.23999786376953,123.2300033569336,5564100,120.2400894165039,121.33291023422805
2024-04-10,121.3499984741211,123.08000183105469,121.31999969482422,121.75,4509900,118.79601287841797,118.40571648072026
2024-04-11,121.72000122070312,123.81999969482422,121.36000061035156,123.23999786376953,7315200,120.24984741210938,118.76673018098366
2024-04-12,121.73999786376953,121.83999633789062,120.41999816894531,121.11000061035156,6196900,118.1715316772461,118.78624342700803
2024-04-15,122.18000030517578,122.47000122070312,119.44000244140625,119.87999725341797,5101500,116.97137451171875,119.21557308119769
2024-04-16,120.08999633789062,121.44000244140625,119.75,120.62000274658203,7000000,117.69341278076172,117.17626585973551
2024-04-17,120.9800033569336,121.04000091552734,118.61000061035156,118.66999816894531,5366600,115.79072570800781,118.04468358475465
2024-04-18,118.76000213623047,118.76000213623047,115.69999694824219,116.0,6662400,113.18551635742188,115.87855314136009
2024-04-19,116.12000274658203,116.7699966430664,114.45999908447266,114.87999725341797,8251500,112.09268951416016,113.30260903073602
2024-04-22,116.02999877929688,116.33999633789062,114.33999633789062,114.52999877929688,7125500,111.75116729736328,113.21477292674136
2024-04-23,115.16999816894531,115.86000061035156,114.75,115.08999633789062,5494800,112.29757690429688,112.37563765728336
2024-04-24,115.37999725341797,115.7300033569336,113.87999725341797,115.33999633789062,5791800,112.5415267944336,112.58055717634409
2024-04-25,113.62999725341797,114.98999786376953,112.77999877929688,114.88999938964844,6796600,112.1024398803711,110.87300899451245
2024-04-26,117.04000091552734,119.20999908447266,116.1500015258789,117.20999908447266,8355100,114.36616516113281,114.20029161093615
2024-04-29,116.98999786376953,117.30999755859375,115.29000091552734,116.48999786376953,4994100,113.66362762451172,114.15149623859409
2024-04-30,115.08999633789062,115.5199966430664,113.69000244140625,113.75,6234700,110.99010467529297,112.29758892854123
2024-05-01,113.91000366210938,116.76000213623047,113.6500015258789,114.62999725341797,5583600,111.84874725341797,111.14622275592258
2024-05-02,115.2300033569336,115.80999755859375,114.26000213623047,114.95999908447266,5001000,112.17073822021484,112.43419141093992
2024-05-03,115.9800033569336,116.20999908447266,115.06999969482422,115.80000305175781,4485000,112.99036407470703,113.16599705812136
2024-05-06,116.33000183105469,118.36000061035156,116.18000030517578,118.33999633789062,6052400,115.4687271118164,113.5075008621264
2024-05-07,118.0,119.12999725341797,117.29000091552734,117.93000030517578,6437700,115.06867980957031,115.13698111076297
2024-05-08,117.70999908447266,117.9800033569336,117.11000061035156,117.38999938964844,4636000,114.54178619384766,114.85402179157511
2024-05-09,117.38999938964844,117.7300033569336,116.5,116.63999938964844,3236200,113.80998992919922,114.54179285181202
2024-05-10,117.1500015258789,117.62999725341797,115.91000366210938,116.66999816894531,4122500,113.8392562866211,114.30761341378307
2024-05-13,117.12999725341797,117.19000244140625,116.19999694824219,116.37000274658203,4140000,113.5465316772461,114.28808653080146
2024-05-14,116.5,122.55000305175781,116.12999725341797,120.87000274658203,17811200,117.93736267089844,113.67338825967057
2024-05-15,120.16999816894531,122.08999633789062,119.66999816894531,121.62999725341797,6604600,118.67891693115234,117.25434146475095
2024-05-16,121.94000244140625,122.44999694824219,121.20999908447266,122.16000366210938,5159300,119.196044921875,118.98138157380954
2024-05-17,123.18000030517578,123.58000183105469,122.08000183105469,123.5,6179400,120.50354766845703,120.1913120532413
2024-05-20,123.80000305175781,124.68000030517578,123.23999786376953,124.5199966430664,5989000,121.49879455566406,120.79627001510731
2024-05-21,124.45999908447266,125.36000061035156,123.91999816894531,124.62999725341797,5549500,121.60613250732422,121.44025895910669
2024-05-22,124.62999725341797,125.16000366210938,123.30000305175781,124.5999984741211,5705000,121.57684326171875,121.60611418413674
2024-05-23,126.55000305175781,126.69999694824219,123.16000366210938,124.08999633789062,6108600,121.0792236328125,123.47954365728489
2024-05-24,123.41999816894531,123.51000213623047,121.41999816894531,122.91000366210938,7173400,119.92786407470703,120.4254846920069
2024-05-28,123.23999786376953,124.81999969482422,123.01000213623047,124.48999786376953,6911400,121.46951293945312,120.24984152986347
2024-05-29,122.98999786376953,123.91999816894531,122.7699966430664,123.73999786376953,4735100,120.73771667480469,120.0059137891622
2024-05-30,120.16999816894531,121.44000244140625,117.02999877929688,117.08999633789062,10839600,114.24906158447266,117.2543338526603
2024-05-31,116.58999633789062,117.41999816894531,114.55000305175781,117.19000244140625,12755600,114.34664154052734,113.76119328204528
2024-06-03,117.52999877929688,119.33000183105469,117.33999633789062,119.27999877929688,7256300,116.38591766357422,114.67837777427464
2024-06-04,119.0199966430664,120.37000274658203,118.72000122070312,120.06999969482422,7368000,117.15676879882812,116.13224173057198
2024-06-05,121.6500015258789,122.79000091552734,120.51000213623047,122.62999725341797,5973700,119.6546401977539,118.6984219901346
2024-06-06,122.87999725341797,124.2699966430664,122.25,123.5,7347200,120.50354766845703,119.8985879071022
2024-06-07,124.20999908447266,126.22000122070312,123.2699966430664,125.91999816894531,11545000,122.86483001708984,121.1963202497912
2024-06-10,125.7300033569336,126.94999694824219,124.05000305175781,124.5,10164700,121.47927856445312,122.67943856792421
2024-06-11,124.05000305175781,124.83000183105469,122.29000091552734,123.87999725341797,18373900,120.87432861328125,121.04020960448483
2024-06-12,134.69000244140625,140.9600067138672,133.9600067138672,140.3800048828125,40871300,136.9739990234375,131.42205172508005
2024-06-13,140.42999267578125,142.39999389648438,138.77000427246094,139.85000610351562,13733200,136.45684814453125,137.0227625968977
2024-06-14,139.25999450683594,139.97000122070312,137.3800048828125,138.1300048828125,11330800,134.77857971191406,135.8811525869696
2024-06-17,138.8000030517578,141.44000244140625,138.25,141.30999755859375,11232800,137.88140869140625,135.43231390413382
2024-06-18,141.22000122070312,145.05999755859375,141.22000122070312,144.63999938964844,11629400,141.130615234375,137.79359609913965
2024-06-20,145.32000732421875,145.32000732421875,141.9499969482422,142.91000366210938,8940000,139.44261169433594,141.7941420017034
2024-06-21,143.72000122070312,143.72000122070312,140.44000244140625,141.5,14844100,138.06680297851562,140.23294058382223
2024-06-24,140.0,141.52999877929688,139.1199951171875,139.88999938964844,7793300,136.49588012695312,136.60321181749532
2024-06-25,139.0,139.5500030517578,137.55999755859375,139.1699981689453,8205500,135.79335021972656,135.62747667516936
2024-06-26,139.49000549316406,140.75,138.0800018310547,138.22999572753906,8036300,134.87612915039062,136.10556737025547
2024-06-27,139.25,141.4199981689453,138.80999755859375,140.17999267578125,7518200,136.7788543701172,135.8714257825001
2024-06-28,139.44000244140625,142.82000732421875,139.27000427246094,141.1999969482422,25814800,137.77407836914062,136.05678639778912
2024-07-01,141.69000244140625,144.05999755859375,141.07000732421875,143.08999633789062,6552400,139.6182403564453,138.2522141537795
2024-07-02,142.6300048828125,144.22000122070312,142.5500030517578,143.27999877929688,5920500,139.80360412597656,139.16938099530515
2024-07-03,143.75,144.64999389648438,143.5,144.3800048828125,3560800,140.876953125,140.2622338748065
2024-07-05,144.9499969482422,145.7899932861328,144.02000427246094,144.8300018310547,5365500,141.31597900390625,141.4330626692149
2024-07-08,144.75999450683594,145.22999572753906,143.42999267578125,145.02999877929688,8622600,141.5111541748047,141.24770098201924
2024-07-09,145.1300048828125,145.6999969482422,138.0,140.67999267578125,14334200,137.26669311523438,141.60873528031593
2024-07-10,141.1199951171875,142.3800048828125,139.74000549316406,142.07000732421875,6350300,138.6230010986328,137.69603878125594
2024-07-11,142.36000061035156,143.47999572753906,141.67999267578125,142.75999450683594,5245100,139.68951416015625,139.29812332787196
2024-07-12,142.7100067138672,145.1300048828125,141.25999450683594,144.77000427246094,7361800,141.6562957763672,139.64060457759126
2024-07-15,145.72999572753906,146.58999633789062,141.9199981689453,143.07000732421875,8687800,139.9928741455078,142.59565182574278
2024-07-16,143.07000732421875,143.5,142.0500030517578,142.61000061035156,7181500,139.54275512695312,139.99286804999636
2024-07-17,140.47999572753906,141.7899932861328,138.67999267578125,139.25999450683594,9157000,136.26478576660156,137.45854715918833
2024-07-18,139.36000061035156,140.05999755859375,137.1999969482422,138.02999877929688,5998700,135.06126403808594,136.36266032920986
2024-07-19,138.35000610351562,140.44000244140625,138.0800018310547,138.55999755859375,6111900,135.57986450195312,135.3743895197959
2024-07-22,139.74000549316406,140.67999267578125,139.1199951171875,140.1699981689453,5387200,137.1552276611328,136.7344832499906
2024-07-23,141.3000030517578,143.22000122070312,141.2100067138672,143.11000061035156,6697400,140.03199768066406,138.26092946148978
2024-07-24,141.6999969482422,142.66000366210938,138.39999389648438,138.77000427246094,8018800,135.7853546142578,138.6523293368138
2024-07-25,140.14999389648438,141.07000732421875,137.6999969482422,137.82000732421875,7654600,134.85577392578125,137.13564713533916
2024-07-26,138.8699951171875,139.9600067138672,138.3800048828125,139.00999450683594,5139400,136.02017211914062,135.88318383175803
2024-07-29,139.27000427246094,139.77999877929688,137.82000732421875,138.30999755859375,4054600,135.33523559570312,136.27459455086202
2024-07-30,139.07000732421875,139.57000732421875,134.9600067138672,135.6699981689453,6505700,132.7519989013672,136.0788804355103
2024-07-31,139.69000244140625,141.5500030517578,138.66000366210938,139.4499969482422,7188000,136.45074462890625,136.6855881496947
2024-08-01,139.2899932861328,140.38999938964844,135.77000427246094,137.50999450683594,5906800,134.5524444580078,136.2941592166013
2024-08-02,132.77000427246094,134.3000030517578,131.8000030517578,133.27999877929688,8251600,130.4134521484375,129.9144264519911
2024-08-05,127.88999938964844,129.97000122070312,126.66000366210938,127.86000061035156,10355000,125.11000061035156,125.13935417892834
2024-08-06,130.5399932861328,131.0399932861328,128.0800018310547,128.2100067138672,8373900,125.45246887207031,127.73234214734315
2024-08-07,128.9199981689453,130.3000030517578,125.75,125.9000015258789,8617700,123.19215393066406,126.14719671711114
2024-08-08,128.0,129.82000732421875,127.6500015258789,128.9600067138672,6243200,126.18634796142578,125.2469889746499
2024-08-09,128.39999389648438,132.3699951171875,128.33999633789062,132.05999755859375,5597300,129.2196807861328,125.63839566090773
2024-08-12,132.25,132.7100067138672,131.2100067138672,132.5800018310547,5600800,129.72848510742188,129.4055809210126
2024-08-13,132.97000122070312,134.5399932861328,132.80999755859375,134.25999450683594,4324000,131.37234497070312,130.11009672156362
2024-08-14,134.0399932861328,135.97000122070312,134.00999450683594,135.60000610351562,4044600,132.68353271484375,131.1570725203451
2024-08-15,136.92999267578125,137.25,135.72000122070312,136.92999267578125,4698100,133.9849090576172,133.9849090576172
2024-08-16,136.7899932861328,137.82000732421875,136.38999938964844,137.47000122070312,4893800,134.5133056640625,133.8479232944938
2024-08-19,137.52999877929688,137.9499969482422,136.4600067138672,137.9199981689453,3641600,134.95361328125,134.57200200290538
2024-08-20,137.82000732421875,139.7899932861328,137.82000732421875,139.1699981689453,3738300,136.17674255371094,134.85578718882672
2024-08-21,138.8000030517578,140.3000030517578,138.5500030517578,140.1999969482422,3776800,137.18460083007812,135.81471774852102
2024-08-22,140.6999969482422,141.0800018310547,137.64999389648438,138.0800018310547,5162200,135.11019897460938,137.67384365089512
2024-08-23,138.72999572753906,139.7899932861328,137.25999450683594,139.19000244140625,4544600,136.1963348388672,135.74622184704972
2024-08-26,139.38999938964844,139.39999389648438,138.19000244140625,138.89999389648438,2729600,135.91256713867188,136.39203371472954
2024-08-27,137.85000610351562,139.5,137.74000549316406,138.47999572753906,3872200,135.50157165527344,134.88513183136092
2024-08-28,138.8300018310547,138.9499969482422,136.91000366210938,137.8800048828125,3022600,134.91448974609375,135.84405421515055
2024-08-29,139.13999938964844,141.16000366210938,138.85000610351562,139.4199981689453,4588400,136.42135620117188,136.14737962888657
2024-08-30,140.3300018310547,141.72000122070312,140.10000610351562,141.2899932861328,7980700,138.2511444091797,137.31180033957662
2024-09-03,140.4499969482422,142.1999969482422,138.8300018310547,139.5,6831200,136.49964904785156,137.42921356420703
2024-09-04,138.44000244140625,141.10000610351562,137.9499969482422,140.75,6243300,137.72276306152344,135.46244869964136
2024-09-05,141.39999389648438,143.27999877929688,140.30999755859375,142.61000061035156,8733200,139.54275512695312,138.3587731491641
2024-09-06,143.7899932861328,143.94000244140625,139.39999389648438,141.80999755859375,11154800,138.7599639892578,140.6973741901055
2024-09-09,142.49000549316406,143.3000030517578,139.50999450683594,139.88999938964844,20233400,136.8812713623047,139.425357019262
2024-09-10,154.22999572753906,160.52000427246094,153.1199951171875,155.88999938964844,37374200,152.537109375,150.91280915586168
2024-09-11,156.77999877929688,159.44000244140625,154.83999633789062,157.17999267578125,12630100,153.79937744140625,153.4079865829873
2024-09-12,159.0399932861328,162.33999633789062,157.89999389648438,161.3800048828125,16161300,157.90907287597656,155.61938982621433
2024-09-13,173.6999969482422,173.94000244140625,161.0,162.02999877929688,25727800,158.5450897216797,169.96409188601027
2024-09-16,164.99000549316406,173.99000549316406,164.50999450683594,170.3300018310547,27384400,166.66656494140625,161.4414205929744
2024-09-17,170.27999877929688,170.63999938964844,166.77000427246094,167.47000122070312,12580100,163.86805725097656,166.61761739578068
2024-09-18,167.6199951171875,167.6199951171875,163.72999572753906,164.52999877929688,12274400,160.99131774902344,164.01485501254686
2024-09-19,167.25,168.16000366210938,164.50999450683594,167.58999633789062,10075900,163.98550415039062,163.65282038586645
2024-09-20,167.1300048828125,168.8300018310547,166.60000610351562,168.0,12187700,164.38668823242188,163.53540480329787
2024-09-23,167.22999572753906,167.3300018310547,164.25999450683594,165.9499969482422,7916100,162.38076782226562,163.63323656837
2024-09-24,165.74000549316406,166.10000610351562,163.9199981689453,165.8000030517578,6155100,162.23399353027344,162.1752863930384
2024-09-25,167.69000244140625,168.75,165.66000366210938,166.27999877929688,7142400,162.70367431640625,164.08335183811036
2024-09-26,167.64999389648438,168.36000061035156,166.47999572753906,168.10000610351562,7096800,164.48452758789062,164.04419419946268
2024-09-27,168.08999633789062,169.11000061035156,166.50999450683594,168.74000549316406,8974400,165.1107635498047,164.4747347217393
2024-09-30,169.5,170.52000427246094,166.4499969482422,170.39999389648438,10210300,166.73504638671875,165.8544094767829
2024-10-01,170.22000122070312,170.50999450683594,165.97000122070312,167.16000366210938,7595100,163.5647430419922,166.55892647951003
2024-10-02,167.60000610351562,169.17999267578125,167.27000427246094,167.7100067138672,7073000,164.10292053222656,163.9952858014629
2024-10-03,166.88999938964844,167.86000061035156,166.24000549316406,166.86000061035156,4735700,163.2711944580078,163.30054802692888
2024-10-04,168.7100067138672,170.89999389648438,168.1699981689453,170.86000061035156,6386900,167.1851806640625,165.0814283713881
2024-10-07,170.4199981689453,172.3300018310547,169.5500030517578,169.97000122070312,6791000,166.31427001953125,166.75458838995203
2024-10-08,170.60000610351562,174.63999938964844,170.44000244140625,174.3699951171875,7845400,170.61965942382812,166.93075502767914
2024-10-09,174.55999755859375,178.61000061035156,173.80999755859375,178.2899932861328,8120900,174.4553680419922,170.80559631084085
2024-10-10,177.64999389648438,178.3000030517578,174.17999267578125,175.41000366210938,7115900,172.02325439453125,174.21999575411422
2024-10-11,175.5,177.0,174.39999389648438,175.77000427246094,5869400,172.37628173828125,172.11149063963555
2024-10-14,176.5500030517578,177.22000122070312,175.5,176.1199951171875,4688700,172.7195281982422,173.14123368109247
2024-10-15,176.94000244140625,178.22000122070312,173.75,174.08999633789062,5848600,170.72874450683594,173.52372396645774
2024-10-16,173.5,174.91000366210938,171.63999938964844,174.77000427246094,6383000,171.39559936523438,170.15011594042707
2024-10-17,177.5,177.75,175.13999938964844,175.67999267578125,5474000,172.28802490234375,174.07289216253392
2024-10-18,176.8000030517578,176.97000122070312,174.5800018310547,174.69000244140625,5001300,171.31715393066406,173.38641544709594
2024-10-21,174.4499969482422,175.14999389648438,173.16000366210938,173.75999450683594,4198400,170.4051055908203,171.0817857393175
2024-10-22,175.4499969482422,175.85000610351562,174.27999877929688,175.30999755859375,5510100,171.92515563964844,172.06245195583097
2024-10-23,174.5,176.07000732421875,173.00999450683594,173.10000610351562,4830400,169.75784301757812,171.130806251114
2024-10-24,173.32000732421875,174.9499969482422,172.91000366210938,174.3800048828125,3488000,171.0131072998047,169.97357598228268
2024-10-25,174.77999877929688,176.2899932861328,173.10000610351562,173.52000427246094,3674700,170.16973876953125,171.4054057289594
2024-10-28,174.0500030517578,174.1699981689453,172.13999938964844,172.4199981689453,4330000,169.09095764160156,170.68949081363644
2024-10-29,172.2899932861328,174.02000427246094,172.2899932861328,173.42999267578125,4122900,170.08145141601562,168.96346283853092
2024-10-30,173.97999572753906,176.16000366210938,172.7899932861328,174.55999755859375,5822500,171.1896514892578,170.62084813963554
2024-10-31,170.52000427246094,170.8800048828125,167.39999389648438,167.83999633789062,9477500,164.59939575195312,167.2276589565867
2024-11-01,170.14999389648438,172.27000427246094,169.10000610351562,170.02000427246094,5680600,166.73728942871094,166.8647692370798
2024-11-04,170.30999755859375,170.47999572753906,168.72999572753906,169.58999633789062,4804400,166.31561279296875,167.0217124852781
2024-11-05,170.47000122070312,171.88999938964844,170.32000732421875,171.77999877929688,5456800,168.46331787109375,167.1786133845879
2024-11-06,178.52000427246094,182.10000610351562,177.4199981689453,181.24000549316406,11085000,177.74069213867188,175.07320767093364
2024-11-07,181.0800018310547,186.6699981689453,180.5399932861328,186.3699951171875,7759400,182.7716064453125,177.58375112351857
2024-11-08,186.25999450683594,190.16000366210938,186.25999450683594,189.25,8520400,185.59600830078125,182.66373308636298
2024-11-11,191.0500030517578,191.5,187.83999633789062,189.1300048828125,5973600,185.47836303710938,187.36129069647723
2024-11-12,188.5399932861328,190.61000061035156,187.1999969482422,189.5800018310547,6629900,185.91966247558594,184.8997340243988
2024-11-13,189.0,191.77000427246094,188.7899932861328,189.6300048828125,5695400,185.9686737060547,185.35083280815786
2024-11-14,188.66000366210938,189.58999633789062,186.7100067138672,187.0500030517578,7804300,183.43849182128906,185.0174069721887
2024-11-15,184.52000427246094,185.8000030517578,182.3300018310547,183.74000549316406,8986300,180.19241333007812,180.95735214706997
2024-11-18,184.3000030517578,186.17999267578125,182.8800048828125,185.72999572753906,6289400,182.1439666748047,180.74158394571225
2024-11-19,184.88999938964844,189.32000732421875,184.32000732421875,188.89999389648438,8117000,185.2527618408203,181.32019126718143
2024-11-20,190.89999389648438,190.97000122070312,187.82000732421875,190.75,4860200,187.0670623779297,187.2141602420972
2024-11-21,191.94000244140625,196.0399932861328,191.63999938964844,192.42999267578125,11394300,188.71461486816406,188.23408521120442
2024-11-22,193.0,194.1999969482422,191.05999755859375,192.2899932861328,6879400,188.5773162841797,189.27361440326897
2024-11-25,194.5,194.75,187.99000549316406,187.99000549316406,15138500,184.36033630371094,190.74463728538854
2024-11-26,188.32000732421875,192.39999389648438,188.32000732421875,190.3699951171875,6427200,186.69439697265625,184.68398963627945
2024-11-27,188.9600067138672,188.9600067138672,182.22000122070312,182.6999969482422,8368800,179.1724853515625,185.3116289025601
2024-11-29,184.00999450683594,185.92999267578125,184.0,184.83999633789062,4628000,181.27117919921875,180.45720271342745
2024-12-02,185.2899932861328,185.2899932861328,181.0,181.41000366210938,8859700,177.90740966796875,181.71248595711486
2024-12-03,181.17999267578125,183.0399932861328,179.11000061035156,182.88999938964844,8917100,179.35882568359375,177.68183515850308
2024-12-04,188.0,189.7899932861328,185.89999389648438,188.19000244140625,8906300,184.55650329589844,184.37016934750213
2024-12-05,189.02000427246094,189.02000427246094,185.85000610351562,186.24000549316406,6398100,182.64414978027344,185.3704733329943
2024-12-06,187.0,192.6300048828125,186.3800048828125,191.69000244140625,10503400,187.9889373779297,183.3894874116783
2024-12-09,196.3000030517578,198.30999755859375,188.92999267578125,190.4499969482422,20158000,186.77284240722656,192.5098982516022
2024-12-10,173.4600067138672,177.8000030517578,171.05999755859375,177.74000549316406,26502000,174.3082733154297,170.11091102244788
2024-12-11,178.0,181.3800048828125,174.8300018310547,178.5800018310547,13188700,175.1320343017578,174.56323096695078
2024-12-12,178.0,178.1699981689453,174.80999755859375,175.32000732421875,8154200,171.9349822998047,174.56323049752422
2024-12-13,175.0,176.13999938964844,171.63999938964844,173.38999938964844,8351100,170.042236328125,171.62115152068236
2024-12-16,173.83999633789062,174.27000427246094,170.92999267578125,171.22999572753906,9572000,167.92396545410156,170.48357336897445
2024-12-17,170.75,172.99000549316406,169.27000427246094,169.7100067138672,8940200,166.43328857421875,167.45320193146716
2024-12-18,169.41000366210938,171.22999572753906,165.36000061035156,165.41000366210938,8817900,162.21630859375,166.13907759205355
2024-12-19,167.5500030517578,171.0,167.39999389648438,168.7899932861328,8386400,165.5310516357422,164.31500272479644
2024-12-20,167.72999572753906,171.25999450683594,165.6300048828125,169.66000366210938,13810500,166.38427734375,164.49153321708638
2024-12-23,169.58999633789062,169.6199951171875,167.1699981689453,169.13999938964844,6518200,165.87429809570312,166.31560664604152
2024-12-24,169.6999969482422,171.77000427246094,169.02999877929688,171.41000366210938,2451500,168.1004638671875,166.4234735184578
2024-12-26,170.5,172.5500030517578,170.5,171.67999267578125,4100100,168.36526489257812,167.20805503758703
2024-12-27,170.3800048828125,171.14999389648438,167.1999969482422,168.9600067138672,4344300,165.69776916503906,167.09035036451274
2024-12-30,166.50999450683594,167.91000366210938,164.5500030517578,166.91000366210938,5254800,163.68736267089844,163.2950767549298
2024-12-31,167.1999969482422,167.3000030517578,165.83999633789062,166.63999938964844,4307500,163.4225616455078,163.9717469304083
2025-01-02,168.52000427246094,168.69000244140625,164.89999389648438,166.02999877929688,5360800,162.8243408203125,165.26627002614438
2025-01-03,166.6999969482422,167.1999969482422,165.27000427246094,166.32000732421875,5876000,163.1087646484375,163.48141757907902
2025-01-06,167.30999755859375,168.0500030517578,165.19000244140625,165.69000244140625,6845400,162.4909210205078,164.07963786981566
2025-01-07,165.5800018310547,166.16000366210938,161.32000732421875,162.02999877929688,7712200,158.90158081054688,162.3830416576518
2025-01-08,162.17999267578125,163.97999572753906,161.42999267578125,163.13999938964844,7596200,159.9901123046875,159.04864128262366
2025-01-10,159.1999969482422,159.1999969482422,153.9199981689453,154.5,13593900,151.8893585205078,156.50993794780135
2025-01-13,153.74000549316406,154.14999389648438,152.4199981689453,153.9199981689453,8828500,151.3191680908203,151.14221680258183
2025-01-14,156.4199981689453,157.25,154.35000610351562,156.30999755859375,7410200,153.66880798339844,153.7769498996814
2025-01-15,158.6699981689453,159.14999389648438,157.25999450683594,158.30999755859375,10701200,155.63499450683594,155.98891209813516
2025-01-16,160.14999389648438,161.5,158.41000366210938,159.5399932861328,9210600,156.84420776367188,157.443901047439
2025-01-17,161.77000427246094,163.16000366210938,160.5399932861328,161.02999877929688,11618300,158.3090362548828,159.03653769768346
2025-01-21,163.8699951171875,173.3699951171875,162.75,172.57000732421875,30232000,169.65403747558594,161.10103211911812
2025-01-22,191.50999450683594,191.99000549316406,180.57000732421875,184.22000122070312,48028500,181.10719299316406,188.27400556640245
2025-01-23,181.63999938964844,186.57000732421875,181.5,186.47000122070312,17314600,183.31915283203125,178.57076521981622
2025-01-24,188.63999938964844,189.10000610351562,181.8699951171875,183.60000610351562,12147200,180.4976806640625,185.4525121916634
2025-01-27,168.89999389648438,172.52000427246094,152.66000366210938,158.27999877929688,42201600,155.60548400878906,166.0460292016482
2025-01-28,162.99000549316406,165.8300018310547,156.75,164.0,20319300,161.22885131835938,160.23592293924344
2025-01-29,164.02999877929688,164.02999877929688,160.00999450683594,162.02000427246094,9866600,159.28233337402344,161.25836476937758
2025-01-30,164.77999877929688,171.49000549316406,164.10000610351562,170.3800048828125,14981700,167.50106811523438,161.9956861636617
2025-01-31,170.41000366210938,173.0,169.1300048828125,170.05999755859375,8704600,167.18646240234375,167.5305543881492
2025-02-03,163.1999969482422,169.89999389648438,163.1999969482422,168.60000610351562,8250600,165.75111389160156,160.44235054575756
2025-02-04,170.39999389648438,170.39999389648438,166.35000610351562,167.88999938964844,6777000,165.05311584472656,167.5206982833025
2025-02-05,168.99000549316406,171.88999938964844,168.52000427246094,171.66000366210938,7866700,168.75941467285156,166.13453223922585
2025-02-06,173.0,175.64999389648438,171.57000732421875,172.35000610351562,7036900,169.43775939941406,170.07677016554922
2025-02-07,175.0,177.38999938964844,173.17999267578125,174.4600067138672,9991300,171.51211547851562,172.04298437273007
2025-02-10,176.0,179.99000549316406,174.9199981689453,178.9199981689453,7625900,175.89674377441406,173.02608551932204
2025-02-11,177.6199951171875,179.1199951171875,176.4499969482422,177.19000244140625,6528800,174.1959686279297,174.61869558559425
2025-02-12,174.88999938964844,174.88999938964844,170.7100067138672,172.22000122070312,7454800,169.3099822998047,171.93486523744514
2025-02-13,173.0,174.3800048828125,172.10000610351562,173.86000061035156,6421700,170.92225646972656,170.07678744654356
2025-02-14,174.25,175.02999877929688,172.80999755859375,174.16000366210938,7260900,171.21717834472656,171.30565399189572
2025-02-18,176.75,182.24000549316406,176.08999633789062,179.8000030517578,11430500,176.76187133789062,173.763405053884
2025-02-19,178.5800018310547,181.67999267578125,175.6999969482422,181.52000427246094,8688500,178.45281982421875,175.56249526708876
2025-02-20,179.80999755859375,180.27000427246094,174.42999267578125,176.0,8737000,173.0260772705078,176.77169620217649
2025-02-21,176.1199951171875,176.8800048828125,167.5500030517578,167.80999755859375,9713900,164.97447204589844,173.14405359572845
2025-02-24,173.57000732421875,174.1699981689453,164.66000366210938,169.9600067138672,10639100,167.08816528320312,170.63716713556462
2025-02-25,169.2899932861328,170.60000610351562,164.44000244140625,168.5399932861328,8316100,165.69212341308594,166.42945044233792
2025-02-26,170.97999572753906,173.8699951171875,169.1300048828125,172.47000122070312,6915100,169.5557403564453,168.09091179066294
2025-02-27,173.0,174.86000061035156,164.5800018310547,164.75999450683594,7436800,161.97601318359375,170.07678571875095
2025-02-28,163.11000061035156,166.14999389648438,160.80999755859375,166.05999755859375,12843300,163.25404357910156,160.3538934079165
2025-03-03,166.9499969482422,167.1199951171875,161.1300048828125,162.02000427246094,8081800,159.28233337402344,164.1290233888857
2025-03-04,159.22000122070312,159.75999450683594,153.52000427246094,157.47000122070312,13171900,154.80918884277344,156.52961862860386
2025-03-05,158.05999755859375,162.49000549316406,157.0500030517578,161.55999755859375,7141000,158.830078125,155.3892184949057
2025-03-06,157.16000366210938,157.16000366210938,149.72999572753906,150.94000244140625,12321200,148.3895263671875,154.50442646136077
2025-03-07,150.6199951171875,156.47999572753906,148.5,155.16000366210938,12646500,152.53822326660156,148.07492846953724
2025-03-10,150.52999877929688,152.52000427246094,146.8000030517578,148.7899932861328,21486100,146.27586364746094,147.98646797401963
2025-03-11,143.4199981689453,145.77999877929688,137.6999969482422,144.17999267578125,27200200,141.74374389648438,140.99659122474074
2025-03-12,146.22999572753906,152.22999572753906,145.00999450683594,150.88999938964844,15373900,148.3403778076172,143.7591152546424
2025-03-13,149.7899932861328,150.1699981689453,145.47999572753906,147.66000366210938,14187700,145.16494750976562,147.2589460489723
2025-03-14,148.9199981689453,150.8800048828125,147.8800048828125,149.27000427246094,9330000,146.74774169921875,146.40364975976848
2025-03-17,150.39999389648438,155.75,150.39999389648438,154.00999450683594,9885000,151.40765380859375,147.85865217132235
2025-03-18,152.3699951171875,152.4199981689453,148.6300048828125,149.4499969482422,9402500,146.92469787597656,149.79535600599493
2025-03-19,150.05999755859375,154.07000732421875,150.0,152.4499969482422,6909500,149.87400817871094,147.52439325419968
2025-03-20,151.5800018310547,154.49000549316406,150.82000732421875,152.72000122070312,7051600,150.13946533203125,149.0187287063596
2025-03-21,151.64999389648438,153.83999633789062,150.11000061035156,152.22999572753906,17620200,149.65771484375,149.08751349659767
2025-03-24,156.33999633789062,156.60000610351562,154.02999877929688,154.8699951171875,7848300,152.25311279296875,153.69827498524594
2025-03-25,154.50999450683594,155.60000610351562,153.0500030517578,153.92999267578125,8521200,151.32901000976562,151.89921144596156
2025-03-26,152.88999938964844,153.02999877929688,146.55999755859375,147.8000030517578,13210000,145.30258178710938,150.30657092047525
2025-03-27,145.85000610351562,147.0399932861328,144.9199981689453,145.77999877929688,9148300,143.31671142578125,143.38553581573024
2025-03-28,143.77999877929688,145.64999389648438,139.11000061035156,140.8699951171875,13144500,138.48968505859375,141.35051777424502
2025-03-31,138.63999938964844,140.58999633789062,136.75999450683594,139.80999755859375,15509900,137.44760131835938,136.29737283200947
2025-04-01,139.75999450683594,143.25,138.75999450683594,141.94000244140625,9518500,139.54159545898438,137.39842383667332
2025-04-02,139.86000061035156,147.88999938964844,139.86000061035156,145.86000061035156,11594400,143.39537048339844,137.496753869521
2025-04-03,139.25,141.39999389648438,136.63999938964844,137.22999572753906,14433800,134.9111785888672,136.89705023236215
2025-04-04,132.91000366210938,133.82000732421875,126.94999694824219,128.27000427246094,14986900,126.10260009765625,130.66419648026297
2025-04-07,118.86000061035156,134.11000061035156,118.86000061035156,127.16000366210938,19482700,125.0113525390625,116.8515965018128
2025-04-08,132.5399932861328,132.99000549316406,121.69999694824219,124.5,11950300,122.39628601074219,130.30042510932822
2025-04-09,123.4000015258789,140.58999633789062,123.4000015258789,139.69000244140625,17762000,137.32962036132812,121.31487626857587
2025-04-10,136.64999389648438,136.64999389648438,129.25999450683594,133.35000610351562,12401600,131.56768798828125,134.82356908642996
2025-04-11,132.11000061035156,133.0,128.83999633789062,132.35000610351562,10190200,130.58103942871094,130.34424180634096
2025-04-14,136.8000030517578,136.8000030517578,132.8699951171875,134.63999938964844,8217700,132.84043884277344,134.97157250050776
2025-04-15,134.75999450683594,136.47999572753906,133.72000122070312,133.94000244140625,8630000,132.14979553222656,132.95882779898335
2025-04-16,132.27999877929688,132.5399932861328,127.8499984741211,129.75999450683594,8295200,128.02565002441406,130.51197245585587
2025-04-17,130.89999389648438,131.3000030517578,128.44000244140625,128.6199951171875,8925500,126.90089416503906,129.15041908163042
2025-04-21,126.88999938964844,127.19999694824219,121.23999786376953,122.81999969482422,12201200,121.17842102050781,125.19402220759633
2025-04-22,124.5,127.98999786376953,123.38999938964844,127.23999786376953,11233700,125.53935241699219,122.8359764093169
2025-04-23,134.91000366210938,135.8699951171875,130.99000549316406,131.39999389648438,9528900,129.6437530517578,133.1068494018416
2025-04-24,132.50999450683594,137.86000061035156,132.0,137.50999450683594,7305900,135.6720733642578,130.73890200275676
2025-04-25,137.49000549316406,139.0,136.75999450683594,138.49000549316406,5476400,136.63900756835938,135.65237313880766
2025-04-28,139.64999389648438,140.6699981689453,138.0800018310547,140.13999938964844,6985100,138.2669219970703,137.78346579900744
2025-04-29,139.80999755859375,141.16000366210938,139.5500030517578,140.7899932861328,4851500,138.90823364257812,137.9413362636354
2025-04-30,138.47999572753906,141.3000030517578,135.57000732421875,140.72000122070312,9443500,138.83917236328125,136.62910623151413
2025-05-01,146.55999755859375,148.63999938964844,145.33999633789062,145.49000549316406,11525800,143.54544067382812,144.60113162681816
2025-05-02,148.3300018310547,153.05999755859375,148.3300018310547,150.72999572753906,11346000,148.7153778076172,146.34746160534505
2025-05-05,149.44000244140625,150.82000732421875,148.52000427246094,149.2899932861328,5187400,147.2946319580078,147.4426361398687
2025-05-06,146.97999572753906,148.94000244140625,145.72000122070312,147.6999969482422,5108600,145.72589111328125,145.01551317382618
2025-05-07,147.5,149.89999389648438,147.24000549316406,149.3699951171875,6049600,147.3735809326172,145.52857935428668
2025-05-08,149.0500030517578,151.80999755859375,148.61000061035156,150.3000030517578,6113600,148.2911376953125,147.05784482534955
2025-05-09,150.0399932861328,151.8000030517578,149.7899932861328,150.33999633789062,4707100,148.3306121826172,148.03461885144884
2025-05-12,156.30999755859375,157.42999267578125,154.4199981689453,157.22000122070312,7875500,155.11863708496094,154.2207963095333
2025-05-13,158.22000122070312,163.22000122070312,157.57000732421875,162.27000427246094,11955200,160.1011505126953,156.1052786257529
2025-05-14,162.36000061035156,163.41000366210938,161.05999755859375,162.9499969482422,7499400,160.7720489501953,160.18993835251354
2025-05-15,161.36000061035156,161.74000549316406,158.91000366210938,159.39999389648438,10169200,157.26951599121094,159.2033260227822
2025-05-16,160.0,160.83999633789062,158.52000427246094,160.49000549316406,8515500,158.3449249267578,157.86146875894013
2025-05-19,158.3000030517578,161.97000122070312,157.8300018310547,159.63999938964844,10268900,157.50628662109375,156.18420037658137
2025-05-20,158.6300048828125,160.36000061035156,157.52999877929688,160.30999755859375,7576400,158.16732788085938,156.50978963349826
2025-05-21,158.35000610351562,160.89999389648438,156.4600067138672,157.17999267578125,6011000,155.0791778564453,156.23355327894782
2025-05-22,156.97999572753906,159.19000244140625,156.82000732421875,157.30999755859375,7603300,155.2074432373047,154.88185210351455
2025-05-23,154.99000549316406,157.3800048828125,154.25999450683594,155.97000122070312,6527500,153.88534545898438,152.9184481075682
2025-05-27,159.32000732421875,162.39999389648438,158.9199981689453,161.91000366210938,6976800,159.7459716796875,157.1905923190236
2025-05-28,161.8699951171875,164.32000732421875,161.27999877929688,163.85000610351562,8090700,161.6600341796875,159.70648744912626
2025-05-29,165.0,165.32000732421875,161.49000549316406,162.89999389648438,6994700,160.72271728515625,162.7946552834285
2025-05-30,163.42999267578125,165.75,161.5500030517578,165.52999877929688,17547900,163.31759643554688,161.24565810500033
2025-06-02,164.1699981689453,167.0,162.60000610351562,166.57000732421875,7166000,164.3436737060547,161.97574248096882
2025-06-03,166.8000030517578,169.3300018310547,166.58999633789062,169.13999938964844,7155300,166.87933349609375,164.57061272832965
2025-06-04,169.7100067138672,170.47999572753906,167.57000732421875,168.10000610351562,6375800,165.8532257080078,167.44170747435726
2025-06-05,169.0,172.25999450683594,168.75999450683594,171.13999938964844,7707800,168.8525848388672,166.74118814736065
2025-06-06,174.0,174.7899932861328,172.66000366210938,174.02000427246094,6833700,171.69412231445312,171.6743854111179
2025-06-09,174.86000061035156,178.72000122070312,173.7899932861328,177.14999389648438,9668900,174.78225708007812,172.5228711978387
2025-06-10,177.7100067138672,177.85000610351562,174.27999877929688,177.47999572753906,11056700,175.10784912109375,175.33478584669504
2025-06-11,177.5500030517578,179.5500030517578,176.1999969482422,176.3800048828125,18002900,174.02256774902344,175.17692810725563
2025-06-12,189.9600067138672,202.49000549316406,188.8800048828125,199.86000061035156,54610000,197.188720703125,187.42104770475223
2025-06-13,201.5800018310547,216.60000610351562,201.1999969482422,215.22000122070312,53707400,212.34344482421875,198.88575296765177
2025-06-16,213.1999969482422,215.1699981689453,209.97999572753906,211.10000610351562,22665300,208.2785186767578,210.3504417924773
2025-06-17,210.66000366210938,215.8800048828125,207.47999572753906,208.17999267578125,17819200,205.3975067138672,207.84437044302544
2025-06-18,211.08999633789062,214.72000122070312,209.57000732421875,210.8699951171875,15055400,208.05157470703125,208.2686354623052
2025-06-20,213.35000610351562,213.8000030517578,204.63999938964844,205.1699981689453,20879100,202.42774963378906,210.49842572171352
2025-06-23,205.50999450683594,207.27000427246094,202.5399932861328,207.0399932861328,13418400,204.2727508544922,202.76320163894977
2025-06-24,209.99000549316406,216.3699951171875,208.5500030517578,215.27000427246094,19030600,212.39276123046875,207.1833335453696
2025-06-25,214.94000244140625,216.92999267578125,210.22999572753906,210.72000122070312,11804600,207.90357971191406,212.0671776385006
2025-06-26,212.0,214.4199981689453,210.36000061035156,212.82000732421875,10531100,209.97552490234375,209.16647752709255
2025-06-27,213.69000244140625,214.64999389648438,209.9600067138672,210.24000549316406,14127500,207.42999267578125,210.83387786892834
2025-06-30,226.5,228.22000122070312,218.3800048828125,218.6300048828125,31844200,215.70787048339844,223.47267791846755
2025-07-01,219.3000030517578,223.1699981689453,216.30999755859375,218.9600067138672,16962200,216.03346252441406,216.368914588115
2025-07-02,217.67999267578125,231.89999389648438,216.72000122070312,229.97999572753906,22326900,226.90615844726562,214.7705532067538
2025-07-03,233.22000122070312,237.99000549316406,231.1999969482422,237.32000732421875,18441400,234.1480712890625,230.10286443003844
2025-07-07,235.11000061035156,235.25,229.5,232.25999450683594,16584300,229.15567016601562,231.96758385788965
2025-07-08,237.1300048828125,241.44000244140625,233.19000244140625,234.5,20401800,231.36573791503906,233.96059088063424
2025-07-09,235.50999450683594,236.50999450683594,232.0,235.80999755859375,10871600,232.65823364257812,232.36224033935946
2025-07-10,239.94000244140625,240.05999755859375,233.5,235.0,11486300,232.3517303466797,237.2360627516906
2025-07-11,231.3699951171875,234.0,229.8699951171875,230.55999755859375,10208200,227.96177673339844,228.76264628823012
2025-07-14,229.4499969482422,230.63999938964844,225.1199951171875,229.27999877929688,11337000,226.69618225097656,226.86426466590476
2025-07-15,232.41000366210938,235.60000610351562,229.1999969482422,234.9600067138672,10728800,232.3121795654297,229.7909131799815
2025-07-16,235.5,241.3300018310547,233.19000244140625,241.3000030517578,12597500,238.5807342529297,232.8460928552634
2025-07-17,243.33999633789062,251.60000610351562,242.00999450683594,248.75,17631300,245.94677734375,240.59774029404673
2025-07-18,248.5,249.67999267578125,245.0,245.4499969482422,9678100,242.68397521972656,245.69960721905784
2025-07-21,245.30999755859375,246.8000030517578,243.24000549316406,243.5399932861328,7348400,240.7954864501953,242.54554414731206
2025-07-22,241.97999572753906,242.2899932861328,235.41000366210938,238.11000061035156,11380900,235.4266815185547,239.2530647263033
2025-07-23,239.9499969482422,243.4199981689453,238.66000366210938,241.89999389648438,7255800,239.17396545410156,237.24594348427027
2025-07-24,242.41000366210938,244.0800018310547,240.55999755859375,242.8300018310547,8237900,240.093505859375,239.67824072707577
2025-07-25,242.33999633789062,245.47000122070312,241.42999267578125,245.1199951171875,7149600,242.35769653320312,239.60902602921834
2025-07-28,246.0,247.77999877929688,243.4199981689453,247.7100067138672,6756800,244.91851806640625,243.22778172595744
2025-07-29,248.6999969482422,253.07000732421875,246.58999633789062,249.97999572753906,8415300,247.1629180908203,245.89734388948094
2025-07-30,248.63999938964844,251.0500030517578,245.60000610351562,250.60000610351562,8441400,247.7759246826172,245.83800583152197
2025-07-31,255.77000427246094,260.8699951171875,253.32000732421875,253.77000427246094,15548700,250.91021728515625,252.88767886895926
2025-08-01,247.8300018310547,248.41000366210938,242.0,244.4199981689453,12718200,241.6655731201172,245.03714866843114
2025-08-04,245.89999389648438,252.91000366210938,245.89999389648438,252.52999877929688,8614800,249.6842041015625,243.12891363961114
2025-08-05,255.41000366210938,258.489990234375,251.3699951171875,255.6699981689453,11197300,252.78878784179688,252.53172327927768
2025-08-06,256.8399963378906,256.8399963378906,251.72000122070312,256.42999267578125,9930200,253.5402374267578,253.945620684591
2025-08-07,257.7099914550781,257.760009765625,246.52000427246094,249.38999938964844,11954200,246.57955932617188,254.80579126053888
2025-08-08,250.02999877929688,250.88999938964844,247.86000061035156,250.0500030517578,8313300,247.23214721679688,247.2123683758704
2025-08-11,248.39999389648438,254.69000244140625,245.55999755859375,252.67999267578125,9012100,249.83250427246094,245.60073743571405
2025-08-12,252.5800018310547,257.8699951171875,251.0800018310547,253.86000061035156,9998400,250.99920654296875,249.73363230044515
2025-08-13,257.1700134277344,257.6700134277344,242.63999938964844,244.17999267578125,14182100,241.4282684326172,254.27190145382033
2025-08-14,244.9499969482422,248.9199981689453,242.57000732421875,244.9600067138672,10285600,242.1995086669922,242.18961170320298
2025-08-15,246.9199981689453,250.6300048828125,242.92999267578125,248.27999877929688,11554000,245.48208618164062,244.1374116662594
2025-08-18,246.1999969482422,249.16000366210938,243.6199951171875,249.07000732421875,6759900,246.26318359375,243.4255159848393
2025-08-19,249.25,249.25,232.22999572753906,234.6199951171875,16819300,231.97601318359375,246.44114947292076
2025-08-20,232.17999267578125,235.8800048828125,228.25,235.05999755859375,11256400,232.4110565185547,229.56350702248955
2025-08-21,233.0500030517578,235.9199981689453,232.42999267578125,233.16000366210938,7403100,230.53245544433594,230.423694463008
2025-08-22,234.05999755859375,238.5,231.4600067138672,236.3699951171875,9343600,233.706298828125,231.4223330504327
2025-08-25,237.35000610351562,239.02999877929688,235.27000427246094,235.41000366210938,6308600,232.75711059570312,234.6752506738047
2025-08-26,235.0,236.91000366210938,232.7100067138672,234.2100067138672,11805200,231.57064819335938,232.35173889014447
2025-08-27,235.0,236.52999877929688,232.67999267578125,235.80999755859375,5637600,233.15260314941406,232.35173363036887
2025-08-28,235.5399932861328,241.9499969482422,235.1199951171875,240.32000732421875,8691500,237.61178588867188,232.8856389281726
2025-08-29,237.61000061035156,238.22000122070312,223.11000061035156,226.1300048828125,16618600,223.58169555664062,234.93232065867574
2025-09-02,222.0,225.4499969482422,218.7899932861328,225.3000030517578,10461900,222.7610321044922,219.49821774230745
2025-09-03,225.89999389648438,225.89999389648438,221.75,223.4499969482422,8900800,220.931884765625,223.35427210434827
2025-09-04,222.0,223.57000732421875,219.55999755859375,223.0,10303100,220.48696899414062,219.4982381914763
2025-09-05,232.5500030517578,234.6199951171875,225.88999938964844,232.8000030517578,15386100,230.17654418945312,229.92936147771334
2025-09-08,239.88999938964844,242.4199981689453,235.30999755859375,238.47999572753906,18803000,235.79251098632812,237.1866249998512
2025-09-09,239.94000244140625,243.49000549316406,234.55999755859375,241.50999450683594,41178700,238.7883758544922,237.2360763060866
2025-09-10,319.19000244140625,345.7200012207031,312.0899963378906,328.3299865722656,131618100,324.6299743652344,315.5929904300297
2025-09-11,330.3399963378906,331.0,304.6000061035156,307.8599853515625,69986000,304.3906555175781,326.6173351958634
2025-09-12,305.7900085449219,307.9700012207031,291.75,292.17999267578125,51781900,288.8873291015625,302.34396963830454
2025-09-15,306.45001220703125,307.0299987792969,297.2900085449219,302.1400146484375,40004000,298.735107421875,302.9965343141477
2025-09-16,314.05999755859375,319.9700012207031,302.2699890136719,306.6499938964844,51923300,303.19427490234375,310.52077329489015
2025-09-17,307.69000244140625,308.6600036621094,295.0299987792969,301.4100036621094,27707900,298.01336669921875,304.2225951798477
2025-09-18,303.0400085449219,303.82000732421875,292.0,296.6199951171875,24673100,293.27734375,299.6250091667613
2025-09-19,299.0,311.1099853515625,297.32000732421875,308.6600036621094,40776200,305.181640625,295.63049784307583
2025-09-22,309.6300048828125,329.5,306.9200134277344,328.1499938964844,44437500,324.4519958496094,306.1407128681622
2025-09-23,324.0,325.0,310.04998779296875,313.8299865722656,35280200,310.2933654785156,320.34877072490605
2025-09-24,311.8599853515625,312.4700012207031,300.0299987792969,308.4599914550781,33765300,304.98388671875,308.3455653224429
2025-09-25,295.2699890136719,298.75,288.54998779296875,291.3299865722656,39274900,288.0469055175781,291.9425069430677
2025-09-26,293.0,294.0,283.0,283.4599914550781,25990700,280.265625,289.6981253102654
2025-09-29,284.6000061035156,285.9800109863281,279.6099853515625,282.760009765625,25778500,279.5735168457031,281.3927778069461
2025-09-30,283.69000244140625,284.0,275.8999938964844,281.239990234375,23880800,278.0706481933594,280.4930507895303
2025-10-01,278.79998779296875,289.989990234375,277.8800048828125,289.010009765625,23378300,285.7530822753906,275.65811964363957
2025-10-02,291.79998779296875,294.9700012207031,286.04998779296875,288.7799987792969,16215500,285.5256652832031,288.5116212909654
2025-10-03,289.6000061035156,294.6400146484375,284.0,286.1400146484375,13688400,282.9154357910156,286.3364357918345
2025-10-06,292.3800048828125,296.67999267578125,290.79998779296875,291.5899963378906,14076800,288.30401611328125,289.08512190952007
2025-10-07,293.2200012207031,293.2200012207031,271.0,284.239990234375,31723400,281.03680419921875,289.91561673784344
2025-10-08,285.4200134277344,291.5299987792969,283.6000061035156,288.6300048828125,18982100,285.37738037109375,282.2035628990131
2025-10-09,291.54998779296875,300.9700012207031,287.260009765625,296.9599914550781,26479800,294.12298583984375,288.7646666174215
2025-10-10,300.2799987792969,307.7200012207031,292.010009765625,292.9599914550781,28895300,290.16119384765625,297.41126937373565
2025-10-13,298.70001220703125,310.70001220703125,297.739990234375,308.010009765625,21703700,305.06744384765625,295.846389117684
2025-10-14,303.57000732421875,304.4200134277344,291.9800109863281,299.0,17346200,296.1435241699219,300.6698722450941
2025-10-15,304.8999938964844,311.010009765625,298.9200134277344,303.6199951171875,13698900,300.7193908691406,301.9871613039397
2025-10-16,305.6000061035156,322.5400085449219,303.07000732421875,313.0,32500900,310.0097961425781,302.6804971032636
2025-10-17,303.75,304.2799987792969,287.5,291.30999755859375,37653000,288.5269775390625,300.8481348459811
2025-10-20,288.95001220703125,289.239990234375,275.30999755859375,277.17999267578125,32810700,274.5319519042969,286.1895264812807
2025-10-21,278.1099853515625,280.29998779296875,272.260009765625,275.1499938964844,18370800,272.5213623046875,275.453075630662
2025-10-22,274.82000732421875,277.20001220703125,269.25,272.6600036621094,16474000,270.05517578125,272.1945440817873
2025-10-23,272.9599914550781,283.1000061035156,272.3900146484375,280.07000732421875,16872200,277.3944091796875,270.35231756080424
2025-10-24,285.9200134277344,287.19000244140625,282.25,283.3299865722656,13194900,280.62322998046875,283.1885133474392
2025-10-27,286.57000732421875,287.0,279.80999755859375,281.3999938964844,13855800,278.711669921875,283.83229219343207
2025-10-28,283.0,285.4599914550781,280.5400085449219,280.8299865722656,12448500,278.1470947265625,280.29637706570696
2025-10-29,281.4599914550781,281.6199951171875,271.3500061035156,275.29998779296875,18007100,272.669921875,278.7710762221633
2025-10-30,268.739990234375,269.760009765625,256.2799987792969,256.8900146484375,27954200,254.4358367919922,266.1726046001878
2025-10-31,259.510009765625,265.80999755859375,256.7099914550781,262.6099853515625,16898700,260.1011657714844,257.0308055081987
2025-11-03,265.239990234375,265.6199951171875,255.22999572753906,257.8500061035156,15709200,255.38665771484375,262.7060422526445
2025-11-04,249.97999572753906,255.27999877929688,245.19000244140625,248.1699981689453,19772600,245.79913330078125,247.59183924614698
2025-11-05,247.91000366210938,252.39999389648438,247.02999877929688,250.30999755859375,11991500,247.91868591308594,245.54162011939326
2025-11-06,247.94000244140625,249.07000732421875,239.2899932861328,243.8000030517578,18678300,241.47088623046875,245.5713345860817
2025-11-07,239.0,240.39999389648438,232.35000610351562,239.25999450683594,20969300,236.9742431640625,236.71673249408505
2025-11-10,245.9499969482422,247.24000549316406,237.07000732421875,240.8300018310547,16698700,238.5292510986328,243.60033273981523
2025-11-11,236.22999572753906,237.4499969482422,228.88999938964844,236.14999389648438,20686600,233.8939666748047,233.97320421912082
2025-11-12,236.74000549316406,236.80999755859375,226.1699981689453,226.99000549316406,24195000,224.82147216796875,234.47832621700618
2025-11-13,224.99000549316406,225.16000366210938,215.22000122070312,217.57000732421875,30009000,215.49147033691406,222.84058216987233
2025-11-14,210.8300018310547,227.0500030517578,210.77000427246094,222.85000610351562,36053800,220.7210235595703,208.8158515894353
2025-11-17,218.2100067138672,222.8000030517578,215.55999755859375,219.86000061035156,16143800,217.75958251953125,216.12535173148086
2025-11-18,216.2100067138672,223.6999969482422,214.5,220.49000549316406,21098300,218.38356018066406,214.1444502541113
2025-11-19,219.05999755859375,228.14999389648438,217.30999755859375,225.52999877929688,21679500,223.37542724609375,216.96723634120391
2025-11-20,231.16000366210938,234.0,210.3000030517578,210.69000244140625,27459600,208.6772003173828,228.9516437923061
2025-11-21,207.0800018310547,208.30999755859375,193.5500030517578,198.75999450683594,44834100,196.86114501953125,205.10166732624853
2025-11-24,196.86000061035156,203.82000732421875,194.3000030517578,200.27999877929688,31144700,198.36663818359375,194.97931272172713
2025-11-25,194.0800018310547,199.41000366210938,185.6300048828125,197.02999877929688,29595000,195.14768981933594,192.2258754104123
2025-11-26,209.5,210.0,202.24000549316406,204.9600067138672,26544100,203.00193786621094,207.49855869366425
2025-11-28,199.50999450683594,202.33999633789062,197.61000061035156,201.9499969482422,13848500,200.02069091796875,197.60399875878693
2025-12-01,200.5,203.5,196.6999969482422,200.94000244140625,13461200,199.02032470703125,198.58452582330182
2025-12-02,205.13999938964844,209.6999969482422,200.0,201.10000610351562,19664500,199.17881774902344,203.1802153722126
2025-12-03,200.3300018310547,207.9199981689453,199.39999389648438,207.72999572753906,19060500,205.74546813964844,198.41616933939397
2025-12-04,207.86000061035156,215.41000366210938,206.32000732421875,214.3300018310547,23316900,212.2824249267578,205.87423411503664
2025-12-05,219.0,219.5,213.6199951171875,217.5800018310547,24208700,215.50137329101562,216.90780565108173
2025-12-08,221.35000610351562,224.75,216.91000366210938,220.5399932861328,24711200,218.43309020996094,219.2353646644679
2025-12-09,220.02999877929688,222.6199951171875,218.27999877929688,221.52999877929688,17643600,219.41363525390625,217.92796534601828
2025-12-10,221.8000030517578,225.32000732421875,217.5800018310547,223.00999450683594,47928000,220.87948608398438,219.68105418699835
2025-12-11,190.6199951171875,201.99000549316406,186.22999572753906,198.85000610351562,100612700,196.95030212402344,188.79891615223946
2025-12-12,196.3699951171875,197.85000610351562,185.97999572753906,189.97000122070312,55201600,188.15513610839844,194.49398811107298
2025-12-15,188.2899932861328,188.97000122070312,181.39999389648438,184.9199981689453,43897500,183.15338134765625,186.49118151502418
2025-12-16,184.6999969482422,189.8000030517578,184.49000549316406,188.64999389648438,32433500,186.8477325439453,182.9354717582941
2025-12-17,183.30999755859375,186.5,177.07000732421875,178.4600067138672,50222000,176.75509643554688,181.55875309373388
2025-12-18,182.72000122070312,184.75999450683594,178.5800018310547,180.02999877929688,36297300,178.3101043701172,180.97440820467443
2025-12-19,188.38999938964844,195.1199951171875,188.1199951171875,191.97000122070312,77008600,190.1360321044922,186.59023151713384
2025-12-22,196.82000732421875,198.8000030517578,192.8300018310547,198.3800048828125,27148000,196.48480224609375,194.93970796108377
2025-12-23,196.42999267578125,197.1999969482422,192.19000244140625,195.33999633789062,18301600,193.4738311767578,194.5534143210902
2025-12-24,195.0,198.27999877929688,194.4199981689453,197.49000549316406,9282700,195.60328674316406,193.13706949204206
2025-12-26,198.05999755859375,200.3699951171875,196.11000061035156,197.99000549316406,11262000,196.09852600097656,196.16784940358133
2025-12-29,194.16000366210938,198.50999450683594,192.63999938964844,195.3800048828125,14748100,193.51345825195312,192.30511221146926
2025-12-30,196.05999755859375,198.3800048828125,195.7100067138672,197.2100067138672,14197400,195.32598876953125,194.18696606429037
2025-12-31,196.4199981689453,197.1999969482422,194.72999572753906,194.91000366210938,10341500,193.04794311523438,194.543511983856
2026-01-02,197.47000122070312,198.58999633789062,194.2100067138672,195.7100067138672,14540700,193.84031677246094,195.58349740206282
2026-01-05,198.33999633789062,201.69000244140625,192.3300018310547,192.58999633789062,22635500,190.75010681152344,196.44517475389958
2026-01-06,192.55999755859375,194.8800048828125,190.6999969482422,193.75,16474500,191.89903259277344,190.7203986970888
2026-01-07,195.3000030517578,195.6699981689453,192.0,192.83999633789062,11171200,190.99771118164062,193.43421637124263
2026-01-08,190.8800048828125,190.9499969482422,186.14999389648438,189.64999389648438,19468500,187.83819580078125,189.05645602710703
2026-01-09,191.66000366210938,200.17999267578125,188.77999877929688,198.52000427246094,26152700,197.14321899414062,190.33079418293443
2026-01-12,197.60000610351562,206.60000610351562,197.00999450683594,204.67999267578125,25428500,203.26048278808594,196.22959779537723
2026-01-13,205.0,207.8000030517578,200.66000366210938,202.2899932861328,15857400,200.88705444335938,203.5782664871527
2026-01-14,201.67999267578125,201.67999267578125,190.80999755859375,193.61000061035156,22473200,192.2672576904297,200.2812819614504
2026-01-15,195.00999450683594,195.00999450683594,189.38999938964844,189.85000610351562,16418600,188.53335571289062,193.657558493201
2026-01-16,189.91000366210938,191.8699951171875,186.52999877929688,191.08999633789062,19224700,189.76473999023438,188.59293085526497
2026-01-20,187.19000244140625,187.19000244140625,179.36000061035156,179.9199981689453,29129500,178.67221069335938,185.89179577745352
2026-01-21,179.67999267578125,180.60000610351562,170.60000610351562,173.8800048828125,38190000,172.67410278320312,178.43386618428758
2026-01-22,179.3699951171875,180.16000366210938,176.5,178.17999267578125,21141900,176.9442596435547,178.12600905215297
2026-01-23,172.6199951171875,179.64999389648438,172.0,177.16000366210938,23011300,175.9313507080078,171.42282836084536
2026-01-26,179.10000610351562,185.30999755859375,178.52999877929688,182.44000244140625,21100400,181.1747283935547,177.857895893801
2026-01-27,179.19000244140625,179.72000122070312,173.67999267578125,174.89999389648438,27093700,173.68701171875,177.94726781033333
2026-01-28,174.9199981689453,181.67999267578125,171.86000061035156,172.8000030517578,35882700,171.60159301757812,173.70688545319166
2026-01-29,170.14999389648438,170.22999572753906,161.52000427246094,169.00999450683594,37254500,167.83787536621094,168.9699686251669
2026-01-30,168.1699981689453,168.89999389648438,163.24000549316406,164.5800018310547,27362400,163.43858337402344,167.0036818626301
2026-02-02,170.9199981689453,171.1999969482422,160.0,160.05999755859375,47421000,158.94993591308594,169.73461932781322
2026-02-03,158.25999450683594,159.3800048828125,151.89999389648438,154.6699981689453,43260100,153.59732055664062,157.16241931422803
2026-02-04,153.88999938964844,153.94000244140625,144.42999267578125,146.6699981689453,42323400,145.65280151367188,152.822730046133
2026-02-05,145.60000610351562,146.5500030517578,135.25,136.47999572753906,42789000,135.53347778320312,144.59023893772877
2026-02-06,139.75,143.1999969482422,138.91000366210938,142.82000732421875,29962400,141.8295135498047,138.78079752222578
2026-02-09,148.49000549316406,159.75,147.0,156.58999633789062,49936500,155.50401306152344,147.460197290568
2026-02-10,160.0,165.38999938964844,156.9600067138672,159.88999938964844,40092200,158.7811279296875,158.89036566219892
2026-02-11,163.66000366210938,163.66000366210938,154.0,157.16000366210938,24538900,156.07005310058594,162.52497370070802
2026-02-12,157.92999267578125,159.0399932861328,152.5,156.47999572753906,23285400,155.394775390625,156.83471631752477
2026-02-13,159.25,162.3000030517578,155.2899932861328,160.13999938964844,18597000,159.02938842773438,158.1455614065261
2026-02-17,157.97999572753906,159.27999877929688,152.8800048828125,153.97000122070312,19610800,152.9021759033203,156.88435996901177
2026-02-18,154.41000366210938,157.3000030517578,151.3699951171875,156.1699981689453,14801100,155.0869140625,153.33912562661325
2026-02-19,157.19000244140625,160.0800018310547,155.77000427246094,156.5399932861328,14976300,155.454345703125,156.0998468674784
2026-02-20,153.3000030517578,153.99000549316406,147.38999938964844,148.0800018310547,29621900,147.0530242919922,152.23682329807312
2026-02-23,145.69000244140625,145.8000030517578,138.58999633789062,141.30999755859375,31749800,140.32997131347656,144.67959957883056
2026-02-24,140.83999633789062,146.75999450683594,138.72999572753906,146.13999938964844,21336600,145.12648010253906,139.8632339642692
2026-02-25,149.16000366210938,153.27999877929688,147.33999633789062,147.88999938964844,27303900,146.8643341064453,148.12553048589686
2026-02-26,148.7899932861328,152.5,145.14999389648438,150.30999755859375,20652200,149.26756286621094,147.75810017589302
2026-02-27,143.8800048828125,146.0800018310547,142.10000610351562,145.39999389648438,36425200,144.3916015625,142.8821541260872
2026-03-02,141.6199951171875,150.1699981689453,141.17999267578125,149.25,22418800,148.21490478515625,140.63781636159624
2026-03-03,144.75,150.92999267578125,143.0500030517578,149.00999450683594,20120800,147.97657775878906,143.74612724116352
2026-03-04,150.00999450683594,153.61000061035156,149.10000610351562,152.3699951171875,17585400,151.31326293945312,148.96962964986253
2026-03-05,152.58999633789062,157.94000244140625,150.1199951171875,154.7899932861328,24094800,153.71649169921875,151.53175219859966
2026-03-06,152.9199981689453,159.19000244140625,151.6199951171875,152.9600067138672,38000600,151.89918518066406,151.85945410648029
2026-03-09,150.6999969482422,152.0,146.42999267578125,151.55999755859375,31173500,150.50889587402344,149.6548595557333
2026-03-10,153.6199951171875,154.13999938964844,148.4499969482422,149.39999389648438,51544600,148.36386108398438,152.55459535748406
2026-03-11,166.3800048828125,171.75999450683594,160.5800018310547,163.1199951171875,83247500,161.98870849609375,165.22610910561966
2026-03-12,164.66000366210938,167.8300018310547,158.61000061035156,159.16000366210938,37133700,158.05618286132812,163.51803876567212
2026-03-13,159.0500030517578,160.77000427246094,154.14999389648438,155.11000061035156,26350400,154.03427124023438,157.94694871015022
2026-03-16,156.05999755859375,158.74000549316406,154.50999450683594,155.97000122070312,21607700,154.88832092285156,154.97769311978678
2026-03-17,155.44000244140625,158.9199981689453,153.5,154.69000244140625,23929500,153.6171875,154.3619860571572
2026-03-18,153.39999389648438,154.97000122070312,152.0399932861328,152.89999389648438,18051100,151.83958435058594,152.3361166933321
2026-03-19,150.4600067138672,156.9199981689453,148.88999938964844,155.52000427246094,22046100,154.44143676757812,149.41653147230454
2026-03-20,153.0500030517578,153.25,147.9499969482422,149.67999267578125,37551400,148.6419219970703,151.98856045208595
2026-03-23,151.4199981689453,155.77999877929688,150.7100067138672,154.33999633789062,19927900,153.2696075439453,150.36986033646522
2026-03-24,153.0,153.89999389648438,146.85000610351562,147.08999633789062,26122100,146.06988525390625,151.93890135471162
2026-03-25,149.22999572753906,149.83999633789062,144.60000610351562,146.02000427246094,20683800,145.00730895996094,148.19503810025608
2026-03-26,143.88999938964844,146.47000122070312,142.5399932861328,142.80999755859375,16961900,141.819580078125,142.89209186849135
2026-03-27,140.92999267578125,141.69000244140625,138.3000030517578,139.66000366210938,17929600,138.69142150878906,139.95260278465986
2026-03-30,140.0399932861328,141.1999969482422,136.9499969482422,138.8000030517578,20125700,137.83738708496094,139.06877764806765
2026-03-31,140.3000030517578,147.39999389648438,139.85000610351562,147.11000061035156,24492000,146.08975219726562,139.32698384928602
2026-04-01,149.08999633789062,149.64999389648438,144.6699981689453,145.22999572753906,20495900,144.22279357910156,148.05602423130335
2026-04-02,142.77999877929688,146.44000244140625,140.3000030517578,146.3800048828125,14381900,145.36480712890625,141.78976835691424
2026-04-06,147.44000244140625,148.5500030517578,143.85000610351562,145.5399932861328,12556700,144.53062438964844,146.4174563411783
2026-04-07,143.77999877929688,144.57000732421875,139.94000244140625,143.1699981689453,17250400,142.1770782470703,142.78284834987056
2026-04-08,150.3000030517578,151.4600067138672,142.89999389648438,143.66000366210938,23527000,142.66368103027344,149.25763015193746
2026-04-09,142.1999969482422,142.8000030517578,136.0,137.86000061035156,30407800,137.38204956054688,141.70699943248175
2026-04-10,137.32000732421875,140.1699981689453,134.57000732421875,138.08999633789062,26171800,137.6112518310547,136.84393229395891
2026-04-13,139.77000427246094,155.91000366210938,139.72000122070312,155.6199951171875,49997700,155.08047485351562,139.28543447471924
2026-04-14,167.92999267578125,169.39999389648438,161.55999755859375,163.0,59779800,162.4348907470703,167.34779149353895
2026-04-15,166.88999938964844,172.55999755859375,166.2100067138672,169.80999755859375,43010800,169.22128295898438,166.31140813717766
2026-04-16,176.4199981689453,180.27000427246094,173.8000030517578,178.33999633789062,46997300,177.72171020507812,175.80836846916668
2026-04-17,182.92999267578125,184.5,173.36000061035156,175.05999755859375,45282600,174.4530792236328,182.29578972754894
2026-04-20,176.80999755859375,177.75999450683594,173.50999450683594,177.5800018310547,22330900,176.96435546875,176.19702069918586
2026-04-21,178.35000610351562,185.33999633789062,176.00999450683594,181.1699981689453,39638000,180.54190063476562,177.73168518842633
2026-04-22,186.17999267578125,189.17999267578125,182.8000030517578,187.5,32448800,186.84996032714844,185.53452930761875
2026-04-23,180.39999389648438,181.88999938964844,174.0800018310547,176.27999877929688,37084200,175.66885375976562,179.77456526841104
2026-04-24,180.50999450683594,180.7100067138672,168.8000030517578,173.27999877929688,33215000,172.67926025390625,179.88419055553038
2026-04-27,172.5800018310547,173.5500030517578,167.89999389648438,172.9600067138672,21616600,172.36036682128906,171.98167938805025
2026-04-28,162.16000366210938,168.6999969482422,162.0500030517578,165.9600067138672,33716500,165.3846435546875,161.59781465135282
2026-04-29,164.0399932861328,164.75999450683594,160.64999389648438,163.8300018310547,20587500,163.26202392578125,163.47128736703132
2026-04-30,162.02000427246094,165.17999267578125,160.3300018310547,161.38999938964844,21016400,160.83047485351562,161.45829556636002
2026-05-01,166.4199981689453,174.3000030517578,166.14999389648438,171.8300018310547,26318000,171.23428344726562,165.8430357567767
2026-05-04,176.02000427246094,183.5,174.25999450683594,180.2899932861328,33504500,179.66494750976562,175.40976208307873
2026-05-05,182.1300048828125,186.52000427246094,179.0,185.35000610351562,23497200,184.70741271972656,181.49857498114957
2026-05-06,186.1999969482422,194.2899932861328,182.6699981689453,194.02999877929688,27685500,193.35731506347656,185.55445911068674
2026-05-07,198.61000061035156,200.14999389648438,190.8000030517578,194.58999633789062,31803200,193.91537475585938,197.92144212666506
2026-05-08,192.5800018310547,198.0,190.2100067138672,195.9499969482422,21158300,195.27066040039062,191.91234867633833
2026-05-11,192.14999389648438,195.67999267578125,190.60000610351562,193.83999633789062,16890600,193.16796875,191.48382541035645
2026-05-12,192.9199981689453,192.9199981689453,180.8699951171875,186.8300018310547,22123400,186.18228149414062,192.25116444316905
2026-05-13,189.02999877929688,191.57000732421875,185.05999755859375,189.75999450683594,15789300,189.10211181640625,188.37464692554053
2026-05-14,188.17999267578125,200.7100067138672,185.4499969482422,195.61000061035156,22545000,194.9318389892578,187.5275901989538
2026-05-15,190.49000549316406,196.42999267578125,188.89999389648438,192.9499969482422,15747100,192.2810516357422,189.82958881387833
2026-05-18,190.0,190.75999450683594,183.27000427246094,186.61000061035156,19114300,185.96304321289062,189.34128982843612
2026-05-19,186.0,188.72000122070312,180.92999267578125,181.4600067138672,16717700,180.83090209960938,185.3551556600763
2026-05-20,179.94000244140625,188.22000122070312,178.8000030517578,188.16000366210938,16517200,187.50767517089844,179.31617172278084
2026-05-21,189.00999450683594,192.82000732421875,187.1999969482422,189.77000427246094,12119700,189.11209106445312,188.3547161750033
2026-05-22,191.6699981689453,197.0,191.10000610351562,192.0800018310547,10875800,191.41407775878906,191.0054955424612
2026-05-26,193.3000030517578,195.1999969482422,190.55999755859375,193.05999755859375,12856100,192.3906707763672,192.6298441856895
2026-05-27,191.47999572753906,192.13999938964844,187.9199981689453,190.9600067138672,12126000,190.2979736328125,190.81615991336366
2026-05-28,194.0399932861328,205.0,193.3800048828125,203.6999969482422,25339900,202.99378967285156,193.36727626586583
2026-05-29,209.0,226.2899932861328,208.00999450683594,225.77999877929688,41082200,224.9972381591797,208.27541425064666
2026-06-01,230.5,250.25,224.60000610351562,248.14999389648438,48390000,247.28968811035156,229.70088459165413
2026-06-02,242.8000030517578,249.0,238.83999633789062,244.5800018310547,30294800,243.73207092285156,241.95824319584935
2026-06-03,240.47999572753906,240.50999450683594,227.61000061035156,230.3300018310547,23644700,229.53146362304688,239.64626819172787
2026-06-04,227.0,238.9499969482422,224.0,236.33999633789062,19993800,235.5206298828125,226.2130143514227
2026-06-05,229.49000549316406,231.44000244140625,209.4499969482422,213.67999267578125,29019900,212.93917846679688,228.69437902968323
2026-06-08,217.75,219.05999755859375,209.3300018310547,211.82000732421875,17227200,211.0856475830078,216.99508154036687
2026-06-09,213.91000366210938,220.5,197.7899932861328,205.80999755859375,26040700,205.0964813232422,213.16840576925884
2026-06-10,198.5,212.47999572753906,198.17999267578125,201.25999450683594,46108300,200.56224060058594,197.81181479593093
2026-06-11,179.6699981689453,184.77000427246094,175.27999877929688,184.10000610351562,63678500,183.4617462158203,179.0470967618207
2026-06-12,185.00999450683594,185.5800018310547,179.0,184.1300048828125,29562300,183.49163818359375,184.36857694107326
2026-06-15,187.38999938964844,195.32000732421875,186.2100067138672,192.63999938964844,20279900,191.97213745117188,186.74033863051216
2026-06-16,190.00999450683594,195.32000732421875,187.66000366210938,188.3300018310547,16985500,187.6770782470703,189.35124653572112
2026-06-17,186.16000366210938,190.19000244140625,182.5800018310547,183.52999877929688,16616600,182.8937225341797,185.51460950906105
2026-06-18,183.00999450683594,187.99000549316406,177.6999969482422,184.2899932861328,31386100,183.6510772705078,182.3755161261877
2026-06-22,182.30999755859375,184.5800018310547,174.39999389648438,175.07000732421875,22935400,174.4630584716797,181.6779484399822
2026-06-23,170.22999572753906,174.3300018310547,164.61000061035156,165.16000366210938,33327900,164.58740234375,169.6398170049876
2026-06-24,162.47999572753906,165.75,155.35000610351562,157.52999877929688,38305000,156.98385620117188,161.9166919476368
2026-06-25,157.35000610351562,157.6199951171875,150.36000061035156,152.4600067138672,36844400,151.9314422607422,156.80448848405618
2026-06-26,150.25999450683594,153.5399932861328,148.0,148.52999877929688,36532100,148.0150604248047,149.73905843363008
2026-06-29,153.94000244140625,154.5,145.1999969482422,147.75999450683594,34310300,147.2477264404297,153.40630894976508
2026-06-30,147.25,149.92999267578125,144.47999572753906,146.5500030517578,35926900,146.04193115234375,146.73950129218147
2026-07-01,144.49000549316406,147.5500030517578,142.5,142.5,45964000,142.00596618652344,143.98907252177435
2026-07-02,143.3000030517578,147.05999755859375,138.8300018310547,140.27000427246094,44166700,139.78370666503906,142.80320083813373
2026-07-06,144.3000030517578,145.6199951171875,141.16000366210938,143.75999450683594,36683000,143.2615966796875,143.79973308287512
2026-07-07,143.72000122070312,145.55999755859375,137.5500030517578,141.60000610351562,47200000,141.1090850830078,143.22173026995844
2026-07-08,139.05999755859375,141.83999633789062,137.5500030517578,140.49000549316406,34607300,140.00294494628906,138.5778946629353
2026-07-09,141.4199981689453,149.07000732421875,140.94000244140625,144.22000122070312,35221900,143.72000122070312,140.9297055709286
2026-07-10,145.64999389648438,145.67999267578125,139.25999450683594,140.63999938964844,29843300,140.63999938964844,145.64999389648438
2026-07-13,139.02999877929688,139.64999389648438,131.35000610351562,131.5399932861328,56690300,131.5399932861328,139.02999877929688
2026-07-14,132.0,132.75999450683594,127.5999984741211,127.94000244140625,52670400,127.94000244140625,132.0
2026-07-15,130.55999755859375,133.89999389648438,128.83999633789062,132.49000549316406,48520400,132.49000549316406,130.55999755859375
2026-07-16,131.47999572753906,131.77999877929688,123.66000366210938,124.20999908447266,54780900,124.20999908447266,131.47999572753906
2026-07-17,121.69999694824219,128.44000244140625,121.5,126.41000366210938,39917100,126.41000366210938,121.69999694824219
2026-07-20,124.2699966430664,125.48999786376953,120.02999877929688,121.37999725341797,36793200,121.37999725341797,124.2699966430664
2026-07-21,122.80999755859375,127.41999816894531,122.20999908447266,127.05000305175781,27748100,127.05000305175781,122.80999755859375
2026-07-22,126.18000030517578,128.83999633789062,124.69999694824219,125.83999633789062,21096700,125.83999633789062,126.18000030517578
2026-07-23,123.95999908447266,124.69999694824219,119.44000244140625,120.04000091552734,30900600,120.04000091552734,123.95999908447266
2026-07-24,122.47000122070312,123.08000183105469,114.75,114.98999786376953,46405700,114.98999786376953,122.47000122070312
2026-07-27,118.0,121.98999786376953,116.80000305175781,119.9000015258789,36916600,119.9000015258789,118.0
2026-07-28,118.18000030517578,122.33000183105469,114.5,119.95999908447266,32665400,119.95999908447266,118.18000030517578
2026-07-29,119.41999816894531,121.91999816894531,116.19999694824219,117.73999786376953,28081800,117.73999786376953,119.41999816894531
2026-07-30,122.87000274658203,128.33999633789062,121.58000183105469,127.55999755859375,41338400,127.55999755859375,122.87000274658203
2026-07-31,130.07000732421875,132.39999389648438,125.69999694824219,129.8699951171875,34438700,129.8699951171875,130.07000732421875
2026-08-03,131.9199981689453,143.07000732421875,130.2100067138672,141.85000610351562,49696900,141.85000610351562,131.9199981689453
2026-08-04,141.00999450683594,148.6999969482422,141.00999450683594,145.74000549316406,43723500,145.74000549316406,141.00999450683594
2026-08-05,145.0,146.38999938964844,142.5,144.38999938964844,23524100,144.38999938964844,145.0
2026-08-06,139.25,146.5800018310547,138.72000122070312,143.47000122070312,23073300,143.47000122070312,139.25
2026-08-07,145.32000732421875,147.16000366210938,142.33999633789062,147.02000427246094,22874000,147.02000427246094,145.32000732421875
2026-08-10,148.25999450683594,151.99000549316406,146.6199951171875,151.0500030517578,24265000,151.0500030517578,148.25999450683594
2026-08-11,151.1999969482422,151.99000549316406,144.24000549316406,145.47999572753906,28761800,145.47999572753906,151.1999969482422
2026-08-12,152.80999755859375,154.88999938964844,147.88999938964844,153.27999877929688,43559400,153.27999877929688,152.80999755859375
2026-08-13,151.97999572753906,159.25999450683594,151.91000366210938,156.22000122070312,25740000,156.22000122070312,151.97999572753906
2026-08-14,155.83999633789062,156.38999938964844,148.8000030517578,150.52000427246094,21905500,150.52000427246094,155.83999633789062
2026-08-17,148.4499969482422,150.39999389648438,145.5,146.64999389648438,20668000,146.64999389648438,148.4499969482422
2026-08-18,143.25,146.0,142.35000610351562,142.7899932861328,19152300,142.7899932861328,143.25
2026-08-19,142.6999969482422,146.0800018310547,137.42999267578125,143.80999755859375,26552900,143.80999755859375,142.6999969482422
2026-08-20,144.3000030517578,145.9199981689453,141.02000427246094,142.07000732421875,15184400,142.07000732421875,144.3000030517578
2026-08-21,143.72000122070312,148.35000610351562,142.60000610351562,146.47000122070312,19635000,146.47000122070312,143.72000122070312
2026-08-24,145.1199951171875,145.1199951171875,141.25,142.4499969482422,14158600,142.4499969482422,145.1199951171875
2026-08-25,143.3000030517578,146.33999633789062,142.50999450683594,144.75999450683594,13329400,144.75999450683594,143.3000030517578
2026-08-26,147.0,151.6300048828125,146.8300018310547,148.8699951171875,18426100,148.8699951171875,147.0
2026-08-27,152.11000061035156,153.8300018310547,147.52000427246094,151.94000244140625,30251400,151.94000244140625,152.11000061035156
2026-08-28,153.60000610351562,153.99000549316406,149.7100067138672,150.85000610351562,17800000,150.85000610351562,153.60000610351562
2026-08-31,149.30999755859375,151.25999450683594,147.75,149.1199951171875,16118900,149.1199951171875,149.30999755859375
2026-09-01,146.75,146.7899932861328,139.9499969482422,141.32000732421875,25443300,141.32000732421875,146.75
2026-09-02,140.25999450683594,146.69000244140625,139.72000122070312,145.75,21906700,145.75,140.25999450683594
2026-09-03,147.27000427246094,156.77000427246094,146.9199981689453,154.0399932861328,25101700,154.0399932861328,147.27000427246094
2026-09-04,159.4600067138672,159.6999969482422,156.7100067138672,158.77999877929688,26511300,158.77999877929688,159.4600067138672
2026-09-08,167.60000610351562,170.6999969482422,161.16000366210938,162.52000427246094,37662800,162.52000427246094,167.60000610351562
2026-09-09,163.5399932861328,165.14999389648438,160.36000061035156,161.6300048828125,27464600,161.6300048828125,163.5399932861328
2026-09-10,158.3800048828125,159.24000549316406,152.52000427246094,152.94000244140625,56824700,152.94000244140625,158.3800048828125
2026-09-11,164.42999267578125,166.0,149.83999633789062,150.27999877929688,80438600,150.27999877929688,164.42999267578125
2026-09-14,141.4199981689453,145.3300018310547,141.00999450683594,144.7899932861328,42159700,144.7899932861328,141.4199981689453
2026-09-15,143.4600067138672,144.8800048828125,140.02000427246094,140.35000610351562,31552700,140.35000610351562,143.4600067138672
2026-09-16,140.02999877929688,146.52000427246094,139.0,143.16000366210938,34366400,143.16000366210938,140.02999877929688
2026-09-17,146.75,152.0,146.14999389648438,150.58999633789062,27742400,150.58999633789062,146.75
2026-09-18,150.47000122070312,150.89999389648438,144.39999389648438,147.61000061035156,39215400,147.61000061035156,150.47000122070312
